pageid	英文名	中文名	类型	稀有度	等级	分类	英文简介	wiki链接
3570	Bejeweled Golden Urn	镶宝金瓮	Small Hollow Halls Artifact	Collectible		Artifacts	An angular, golden urn. To match the sentimental value of the ashes, the grieving family adorned this vessel with ruby-red jewels. When shaking the urn, an act that is most likely godless and foul, you can hear clanking inside...	https://enshrouded.wiki.gg/wiki/Bejeweled_Golden_Urn
3582	Bound Tome	束缚典籍	Small Hollow Halls Artifact	Collectible		Artifacts	Two leather straps, locked in place with enchanted ectoplasm crystals, seal away this tome's whispers. Despite being ancient, the fine aquamarine binding shows no signs of age or decay.	https://enshrouded.wiki.gg/wiki/Bound_Tome
5005	Bronze Cyclops Trophy	青铜独眼巨人战利品	Comfort	Rare		Trophies	Their faces are frightening, but they mostly just want to herd goats and yaks. People only make up a small portion of their diet.	https://enshrouded.wiki.gg/wiki/Bronze_Cyclops_Trophy
5008	Bronze Fell Cyclops Trophy	青铜堕落独眼巨人战利品	Comfort	Rare		Trophies	A mesmerizing display of overwhelming power, and little intelligence.	https://enshrouded.wiki.gg/wiki/Bronze_Fell_Cyclops_Trophy
4855	Bronze Fell Dragon Youngling Trophy	青铜堕落幼龙战利品	Comfort	Epic		Trophies	| Type= Comfort	https://enshrouded.wiki.gg/wiki/Bronze_Fell_Dragon_Youngling_Trophy
2552	Bronze Fell Monstrosity Trophy	青铜堕落怪物战利品	Comfort	Epic		Trophies	Even when dead, the swirling chaos inside the gaping maw leaves people spellbound. Don't get too close.	https://enshrouded.wiki.gg/wiki/Bronze_Fell_Monstrosity_Trophy
2555	Bronze Fell Sicklescythe Trophy	青铜堕落镰刃兽战利品	Comfort	Epic		Trophies	The Sicklescythe's tongue froze once struck down, too powerless to cast the final curse stuck in its throat.	https://enshrouded.wiki.gg/wiki/Bronze_Fell_Sicklescythe_Trophy
2542	Bronze Fell Thunderbrute Trophy	青铜堕落雷暴蛮兽战利品	Comfort	Epic		Trophies	Even the most gruesome creatures must bend to the Flame, no matter their size. At least the slushing sounds inside its dome have subsided.	https://enshrouded.wiki.gg/wiki/Bronze_Fell_Thunderbrute_Trophy
2548	Bronze Fell Wispwyvern Trophy	青铜堕落鬼火飞龙战利品	Comfort	Epic		Trophies	The scales are heavy with muck and grime, dulling its glow. Hard to believe such a being once illuminated the water lilies under Pikemead's glorious rule.	https://enshrouded.wiki.gg/wiki/Bronze_Fell_Wispwyvern_Trophy
3095	Bronze Hollow Cyclops Trophy	青铜空洞独眼巨人战利品	Comfort	Rare		Trophies	When encased in solid bronze, the head looks even more menacing than before.	https://enshrouded.wiki.gg/wiki/Bronze_Hollow_Cyclops_Trophy
8968	Bronze Hydrak'Dal Trophy	青铜Hydrak'Dal战利品	Comfort	Epic		Trophies	The Hydrak'Dal would surely be outraged that you covered his golden decorations with bronze. Fortunately, he can no longer complain.	https://enshrouded.wiki.gg/wiki/Bronze_Hydrak'Dal_Trophy
2545	Bronze Scavenger Matron Trophy	青铜拾荒者主母战利品	Comfort	Epic		Trophies	There is still some vile liquid seeping from her lips.	https://enshrouded.wiki.gg/wiki/Bronze_Scavenger_Matron_Trophy
2538	Bronze Vukah Brawler Trophy	青铜武卡斗士战利品	Comfort	Epic		Trophies	Battle-hardened and brutish, the beastly Vukah would create their Brawlers through constant clashes. Only the strongest survived.	https://enshrouded.wiki.gg/wiki/Bronze_Vukah_Brawler_Trophy
5004	Cyclops Trophy	独眼巨人战利品	Comfort	Rare		Trophies	A severed Cyclops Head, still wearing a helmet, although that's hardly needed now.	https://enshrouded.wiki.gg/wiki/Cyclops_Trophy
3556	Dark Crystal Cluster	黑暗水晶簇	Medium Hollow Halls Artifact	Collectible		Artifacts	A cluster of dark crystals, growing together. They reach into different directions like the finger bones of the undead, clawing themselves out of their graves.	https://enshrouded.wiki.gg/wiki/Dark_Crystal_Cluster
5007	Fell Cyclops Trophy	堕落独眼巨人战利品	Comfort	Rare		Trophies	A giant trophy, weighing countless pounds. Mounting this on the wall is no easy task.	https://enshrouded.wiki.gg/wiki/Fell_Cyclops_Trophy
4854	Fell Dragon Youngling Trophy	堕落幼龙战利品	Comfort	Rare		Trophies	A lonely soul, brought low by the shroud - and set free by your blade.	https://enshrouded.wiki.gg/wiki/Fell_Dragon_Youngling_Trophy
2550	Fell Monstrosity Trophy	堕落怪物战利品	Comfort	Rare		Trophies	Inside, you can see nothingness. The absence of matter - of sanity and sanctum.	https://enshrouded.wiki.gg/wiki/Fell_Monstrosity_Trophy
2554	Fell Sicklescythe Trophy	堕落镰刀魔战利品	Comfort	Rare		Trophies	Sometimes, the muscles around the eyes still twitch. It's natural, and not worrying. Mostly.	https://enshrouded.wiki.gg/wiki/Fell_Sicklescythe_Trophy
2540	Fell Thunderbrute Trophy	堕落雷霆蛮兽战利品	Comfort	Rare		Trophies	Mount it inside your halls to honor the Flame!	https://enshrouded.wiki.gg/wiki/Fell_Thunderbrute_Trophy
2547	Fell Wispwyvern Trophy	堕落鬼火飞龙战利品	Comfort	Rare		Trophies	The change of tides was not kind to this creature. Perhaps it can finally rest.	https://enshrouded.wiki.gg/wiki/Fell_Wispwyvern_Trophy
3572	Foreboding Golden Urn	不祥的金瓮	Small Hollow Halls Artifact	Collectible		Artifacts	A golden urn with intricate ornaments in the shape of an eerie skull. The lateral detailing resembles fangs or claws.	https://enshrouded.wiki.gg/wiki/Foreboding_Golden_Urn
10567	Gold Cyclops Trophy	金色独眼巨人战利品	Furniture	Legendary		Trophies	Possessing this trophy shows everyone that you are not on the Cyclops' menu — it's the other way around!	https://enshrouded.wiki.gg/wiki/Gold_Cyclops_Trophy
10568	Gold Fell Cyclops Trophy	金色堕落独眼巨人战利品	Furniture	Legendary		Trophies	There wasn't much substance to begin with, but now only the empty shell remains. Show off your pride with this golden trophy.	https://enshrouded.wiki.gg/wiki/Gold_Fell_Cyclops_Trophy
10569	Gold Fell Dragon Youngling Trophy	金色堕落幼龙战利品	Furniture	Legendary		Trophies	As you were fighting the Fell Dragon Youngling time and time again, you could observe how its hope got whittled down to despair.	https://enshrouded.wiki.gg/wiki/Gold_Fell_Dragon_Youngling_Trophy
10570	Gold Fell Monstrosity Trophy	金色堕落怪物战利品	Furniture	Legendary		Trophies	Although you have been exposed to this sight countless times, it still exudes a sense of menace and excitement at the same time.	https://enshrouded.wiki.gg/wiki/Gold_Fell_Monstrosity_Trophy
8966	Gold Fell Sicklescythe Trophy	金色堕落镰刃战利品	Comfort	Legendary		Trophies	The moment before the final curse was spoken is frozen forever in this golden trophy. Thankfully, the incredible power of the flame is ever-present.	https://enshrouded.wiki.gg/wiki/Gold_Fell_Sicklescythe_Trophy
8965	Gold Fell Thunderbrute Trophy	金色堕落雷蛮战利品	Comfort	Legendary		Trophies	Possessing this golden trophy proves that you dodged every sword blow and defeated your opponent with concentrated force.	https://enshrouded.wiki.gg/wiki/Gold_Fell_Thunderbrute_Trophy
10571	Gold Fell Wispwyvern Trophy	金色堕落鬼火飞龙战利品	Furniture	Legendary		Trophies	Once thought to be a path to redemption turned into a path to damnation. Fortunately, the Flame was strong enough to avert greater disasters several times.	https://enshrouded.wiki.gg/wiki/Gold_Fell_Wispwyvern_Trophy
10572	Gold Hollow Cyclops Trophy	金色虚空独眼巨人战利品	Furniture	Legendary		Trophies	The Hollow Cyclops would certainly be delighted with his gilded teeth, with which he would grin menacingly at you.	https://enshrouded.wiki.gg/wiki/Gold_Hollow_Cyclops_Trophy
10573	Gold Hydrak'Dal Trophy	金色 Hydrak'Dal 战利品	Furniture	Legendary		Trophies	This trophy proves that you have defeated their leader once again. In their eyes, you must seem like a god. However, they won't worship you, they'll just despise you even more.	https://enshrouded.wiki.gg/wiki/Gold_Hydrak'Dal_Trophy
8976	Gold Scavenger Matron Trophy	金色拾荒者主母战利品	Comfort	Legendary		Trophies	Completely gilded, you can no longer notice the dirt and stench, so you can hang it in your living room without hesitation.	https://enshrouded.wiki.gg/wiki/Gold_Scavenger_Matron_Trophy
10574	Gold Vukah Brawler Trophy	金色武卡战士战利品	Furniture	Legendary		Trophies	Whoever owns this trophy has shown that even the strongest Vukah Brawler is no competition to them.	https://enshrouded.wiki.gg/wiki/Gold_Vukah_Brawler_Trophy
3083	Hollow Cyclops Trophy	空洞独眼巨人战利品	Comfort	Rare		Trophies	The frozen horns made from ectoplasm don't melt near the hearth fire. They must be magical!	https://enshrouded.wiki.gg/wiki/Hollow_Cyclops_Trophy
8967	Hydrak'Dal Trophy	海德拉达尔战利品	Comfort	Rare		Trophies	A severed Hydrak'Dal Head with the regal headdress. Even now, it still exudes authority and a will to dominate.	https://enshrouded.wiki.gg/wiki/Hydrak'Dal_Trophy
3574	Inscribed Golden Urn	铭文金瓮	Small Hollow Halls Artifact	Collectible		Artifacts	This golden urn has multiple sigils inscribed on it. Their meaning far exceeds modern understanding, but scholars would presume these to be magical wards.	https://enshrouded.wiki.gg/wiki/Inscribed_Golden_Urn
5006	Iron Cyclops Trophy	铁制独眼巨人战利品	Comfort	Rare		Trophies	Large, in charge, and ready to barge in while you are busy scavenging caves.	https://enshrouded.wiki.gg/wiki/Iron_Cyclops_Trophy
5009	Iron Fell Cyclops Trophy	铁原独眼巨人战利品	Comfort	Rare		Trophies	The prized head of a cyclops, preserved in metal and made accessible to the common person. People can now gaze into its eye unafraid.	https://enshrouded.wiki.gg/wiki/Iron_Fell_Cyclops_Trophy
4856	Iron Fell Dragon Youngling Trophy	铁原幼龙战利品	Comfort	Legendary		Trophies	| Type= Comfort	https://enshrouded.wiki.gg/wiki/Iron_Fell_Dragon_Youngling_Trophy
2553	Iron Fell Monstrosity Trophy	铁原怪物战利品	Comfort	Legendary		Trophies	No longer does it reach for the sorrowful and the damned. The hunger in the dark was razed. Our dreams and minds are safe, for now.	https://enshrouded.wiki.gg/wiki/Iron_Fell_Monstrosity_Trophy
2556	Iron Fell Sicklescythe Trophy	铁原镰刃兽战利品	Comfort	Legendary		Trophies	Remains of a wandering specter, doomed to wither on the mortal plane. It's lips are sealed, its eyes are forever shut. The evil has been cast out.	https://enshrouded.wiki.gg/wiki/Iron_Fell_Sicklescythe_Trophy
2543	Iron Fell Thunderbrute Trophy	铁原雷蛮兽战利品	Comfort	Legendary		Trophies	Cauterize the wound. Cleanse the spreading stain, and erase the festering blight. The light of the Flame cannot be denied.	https://enshrouded.wiki.gg/wiki/Iron_Fell_Thunderbrute_Trophy
2549	Iron Fell Wispwyvern Trophy	铁原鬼火飞龙战利品	Comfort	Legendary		Trophies	Good omens fell to ash. Lights turned to lies, not promises. What was once a sign of good fortune has been snuffed out by a brush with fate. Pikemead's glory is restored.	https://enshrouded.wiki.gg/wiki/Iron_Fell_Wispwyvern_Trophy
3096	Iron Hollow Cyclops Trophy		Comfort	Rare		Trophies	New iron teeth now line its disturbing grin.	https://enshrouded.wiki.gg/wiki/Iron_Hollow_Cyclops_Trophy
8969	Iron Hydrak'Dal Trophy		Comfort	Legendary		Trophies	"When you stand opposite this face, you remember its screams. ""Zzzrrr Krrrraallllll Hrrrrggg"" it echoes in your head, only this time you don't have to feel weak in the knees."	https://enshrouded.wiki.gg/wiki/Iron_Hydrak'Dal_Trophy
2546	Iron Scavenger Matron Trophy		Comfort	Legendary		Trophies	Their queen has fallen. Elixir and blood taint the mud. A soothing silence finally veils the night.	https://enshrouded.wiki.gg/wiki/Iron_Scavenger_Matron_Trophy
2539	Iron Vukah Brawler Trophy	铁制武卡斗士战利品	Comfort	Legendary		Trophies	Every thundering roar is a spectacle, a bloody sight to behold. They've sunk their tusks into now-forgotten lands... Time to reclaim the kingdom.	https://enshrouded.wiki.gg/wiki/Iron_Vukah_Brawler_Trophy
3557	Large Dark Crystal	大型暗黑水晶	Large Hollow Halls Artifact	Collectible		Artifacts	A large crystal with a threatening aura.	https://enshrouded.wiki.gg/wiki/Large_Dark_Crystal
3583	Mysterious Tome	神秘书典	Small Hollow Halls Artifact	Collectible		Artifacts	A mysterious old book that cannot be opened. No matter how hard you pull at the petrified covers, the tome doesn't seem willing to spill its secrets.	https://enshrouded.wiki.gg/wiki/Mysterious_Tome
2544	Scavenger Matron Trophy	拾荒者主母战利品	Comfort	Rare		Trophies	It reeks of foulness and rot, so best ventilate your halls properly.	https://enshrouded.wiki.gg/wiki/Scavenger_Matron_Trophy
8970	Skull Trophy I	骷髅战利品 I	Comfort	Legendary		Trophies	The Drak decorate their settlements with such trophies. It's impressive that they even washed off the blood - they surely reuse it for other purposes...	https://enshrouded.wiki.gg/wiki/Skull_Trophy_I
8971	Skull Trophy II	骷髅战利品 II	Comfort	Legendary		Trophies	The Drak decorate their settlements with such trophies. It's impressive that they even washed off the blood - they surely reuse it for other purposes...	https://enshrouded.wiki.gg/wiki/Skull_Trophy_II
8972	Skull Trophy III	骷髅战利品 III	Comfort	Legendary		Trophies	The Drak decorate their settlements with such trophies. It's impressive that they even washed off the blood - they surely reuse it for other purposes...	https://enshrouded.wiki.gg/wiki/Skull_Trophy_III
8973	Skull Trophy IV	骷髅战利品 IV	Comfort	Legendary		Trophies	The Drak decorate their settlements with such trophies. It's impressive that they even washed off the blood - they surely reuse it for other purposes...	https://enshrouded.wiki.gg/wiki/Skull_Trophy_IV
8974	Skull Trophy V	骷髅战利品 V	Comfort	Legendary		Trophies	The Drak decorate their settlements with such trophies. It's impressive that they even washed off the blood - they surely reuse it for other purposes...	https://enshrouded.wiki.gg/wiki/Skull_Trophy_V
8975	Skull Trophy VI	骷髅战利品 VI	Comfort	Legendary		Trophies	The Drak decorate their settlements with such trophies. It's impressive that they even washed off the blood - they surely reuse it for other purposes...	https://enshrouded.wiki.gg/wiki/Skull_Trophy_VI
3558	Sparkling Dark Crystal	闪耀暗水晶	Medium Hollow Halls Artifact	Collectible		Artifacts	When gazing upon the crystal's surface, you feel the mirror image warp and shift into something... unsettling.	https://enshrouded.wiki.gg/wiki/Sparkling_Dark_Crystal
3584	Tome of Agony	苦痛之典	Small Hollow Halls Artifact	Collectible		Artifacts	This dusty old tome emanates a silent hate, restrained by thick iron shackles. Every fortnight, whenever this book is near, a spirited chain rattle fills the midnight air, and the pages inside convulse. It's as if something was trying to leap off the parchment to turn from ink to flesh and blood.	https://enshrouded.wiki.gg/wiki/Tome_of_Agony
2536	Vukah Brawler Trophy	武卡斗士战利品	Comfort	Rare		Trophies	The fur is still speckled with bloody flecks.	https://enshrouded.wiki.gg/wiki/Vukah_Brawler_Trophy
2352	Advanced Rake	高级耙子	Tools	Common		Rakes	A Rake enhanced with scrap metal to increase its durability and speed. A decent tool to level hilly ground.	https://enshrouded.wiki.gg/wiki/Advanced_Rake
10566	Albaneve Summits Bone Key	阿尔巴内夫峰骨钥匙		Legendary	34	Keys	Opens doors in the Albaneve Summits Hollow Halls.	https://enshrouded.wiki.gg/wiki/Albaneve_Summits_Bone_Key
5600	Alchemist Showcase	炼金术士展示柜	Furniture	Common			Use this showcase to reassemble an alchemist's notes. Completing the collection will unlock new recipes.	https://enshrouded.wiki.gg/wiki/Alchemist_Showcase
410	Alchemy Station	炼金台	Furniture	Rare		Production Places	An Alchemy Station offering all needed tools to craft better alchemical products.	https://enshrouded.wiki.gg/wiki/Alchemy_Station
1369	Almanac of Plants and Seedlings	植物与幼苗年鉴	Furniture	Rare		Tools and Components	Explains how to grow all sorts of seedlings.	https://enshrouded.wiki.gg/wiki/Almanac_of_Plants_and_Seedlings
10287	Aloe Plant Pot	芦荟花盆	Furniture	Common		Medium Flower Pots	A lovely pot of flowers to beautify your world.	https://enshrouded.wiki.gg/wiki/Aloe_Plant_Pot
10299	Alpine Rose Pot	高山玫瑰花盆	Potted Plant	Common		Large Plant Pots	A potted plant to beautify your home	https://enshrouded.wiki.gg/wiki/Alpine_Rose_Pot
4510	Ancestral Star	先祖之星	Two-handed Club				"An ancestral weapon from the proud family line of the Galeforths, last held by Virgil Galeforth. He famously said: ""If you want this weapon, you'll have to pry it from my cold, dead hands""."	https://enshrouded.wiki.gg/wiki/Ancestral_Star
6334	Antique	古董	Generic Item	Common		Dyes	Softspoken, sandy browns, and bright ash colors give this palette a dusty, but distinguished look.  This color palette can be made with [[Revelwood]] materials.	https://enshrouded.wiki.gg/wiki/Antique
8511	Aquamarine Dreams	海蓝宝石之梦	Generic Item	Common		Dyes	A luminous blend of crystal blues and soft turquoise hues captures the shimmering depths of clear waters. Calm yet vibrant, this palette radiates the freshness and clarity of aquamarine crystals, exuding a quiet elegance.  This color palette can be made with [[Veilwater Basin]] materials.	https://enshrouded.wiki.gg/wiki/Aquamarine_Dreams
136	Athanor	炼金炉	Furniture	Rare		Tools and Components	A complex oven used by scholars of the alchemical mysteries.	https://enshrouded.wiki.gg/wiki/Athanor
10291	Aureolin Plant Pot	金黄植物盆栽	Furniture	Common		Medium Flower Pots	A lovely pot of flowers to beautify your world.	https://enshrouded.wiki.gg/wiki/Aureolin_Plant_Pot
10249	Awning I	遮阳篷 I	Furniture	Common		Miscellaneous	A decorative object to design and beautify your home.	https://enshrouded.wiki.gg/wiki/Awning_I
10250	Awning II	遮阳篷 II	Furniture	Common		Miscellaneous	A decorative object to design and beautify your home.	https://enshrouded.wiki.gg/wiki/Awning_II
10251	Awning III	遮阳篷 III	Furniture	Common		Miscellaneous	A decorative object to design and beautify your home.	https://enshrouded.wiki.gg/wiki/Awning_III
5047	Balefire Brazier	邪火火盆	Furniture	Common		Fireplaces	A decorative Item, which will provide warmth and illumination in its proximity.	https://enshrouded.wiki.gg/wiki/Balefire_Brazier
8659	Bamboo Bar Counter	竹制吧台	Furniture	Common		Tables	A decorative item that can be placed in any building. Provides comfort, increasing the duration of the rested buff.	https://enshrouded.wiki.gg/wiki/Bamboo_Bar_Counter
10348	Bamboo Bedside Table	竹制床头柜	Furniture	Common		Tables	A decorative item that can be placed in any building. Provides comfort, increasing the duration of the rested buff.	https://enshrouded.wiki.gg/wiki/Bamboo_Bedside_Table
8660	Bamboo Cage I		Furniture	Common		Miscellaneous	A decorative object to design and beautify your home.	https://enshrouded.wiki.gg/wiki/Bamboo_Cage_I
8661	Bamboo Cage II		Furniture	Common		Miscellaneous	A decorative object to design and beautify your home.	https://enshrouded.wiki.gg/wiki/Bamboo_Cage_II
8662	Bamboo Container I		Furniture	Common		Miscellaneous	A decorative object to design and beautify your home.	https://enshrouded.wiki.gg/wiki/Bamboo_Container_I
8663	Bamboo Container II		Furniture	Common		Miscellaneous	A decorative object to design and beautify your home.	https://enshrouded.wiki.gg/wiki/Bamboo_Container_II
8664	Bamboo Crate I		Furniture	Common		Miscellaneous	A decorative object to design and beautify your home.	https://enshrouded.wiki.gg/wiki/Bamboo_Crate_I
8665	Bamboo Crate II		Furniture	Common		Miscellaneous	A decorative object to design and beautify your home.	https://enshrouded.wiki.gg/wiki/Bamboo_Crate_II
8393	Bamboo Door		Furniture	Common		Doors	A decorative object to design and beautify your home.	https://enshrouded.wiki.gg/wiki/Bamboo_Door
8408	Bamboo Fence Pole		Furniture	Common		Fences	A decorative object to design and beautify your home.	https://enshrouded.wiki.gg/wiki/Bamboo_Fence_Pole
8409	Bamboo Fence With Ropes I		Furniture	Common		Fences	A decorative object to design and beautify your home.	https://enshrouded.wiki.gg/wiki/Bamboo_Fence_With_Ropes_I
8410	Bamboo Fence With Ropes II		Furniture	Common		Fences	A decorative object to design and beautify your home.	https://enshrouded.wiki.gg/wiki/Bamboo_Fence_With_Ropes_II
8488	Bamboo Ladder		Furniture	Common		Ladders/Traversal	A decorative object to design and beautify your home.	https://enshrouded.wiki.gg/wiki/Bamboo_Ladder
8666	Bamboo Palm Leaf Umbrella		Furniture	Common		Miscellaneous	A decorative object to design and beautify your home.	https://enshrouded.wiki.gg/wiki/Bamboo_Palm_Leaf_Umbrella
10280	Bamboo Plant Pot		Furniture	Common		Medium Flower Pots	A lovely pot of flowers to beautify your world.	https://enshrouded.wiki.gg/wiki/Bamboo_Plant_Pot
8351	Bamboo Room Divider I					Dividers	A decorative object to design and beautify your home.	https://enshrouded.wiki.gg/wiki/Bamboo_Room_Divider_I
8350	Bamboo Room Divider II					Dividers	A decorative object to design and beautify your home.	https://enshrouded.wiki.gg/wiki/Bamboo_Room_Divider_II
8400	Bamboo Window I	竹窗 I	Furniture	Common		Windows	A decorative object to design and beautify your home.	https://enshrouded.wiki.gg/wiki/Bamboo_Window_I
8401	Bamboo Window II	竹窗 II	Furniture	Common		Windows	A decorative object to design and beautify your home.	https://enshrouded.wiki.gg/wiki/Bamboo_Window_II
8402	Bamboo Window III	竹窗 III	Furniture	Common		Windows	A decorative object to design and beautify your home.	https://enshrouded.wiki.gg/wiki/Bamboo_Window_III
10295	Banana Plant Pot	香蕉盆栽	Potted Plant	Common		Large Plant Pots	A potted plant to beautify your home	https://enshrouded.wiki.gg/wiki/Banana_Plant_Pot
8667	Basket I	篮子 I	Furniture	Common		Miscellaneous	A decorative object to design and beautify your home.	https://enshrouded.wiki.gg/wiki/Basket_I
8668	Basket II	篮子 II	Furniture	Common		Miscellaneous	A decorative object to design and beautify your home.	https://enshrouded.wiki.gg/wiki/Basket_II
8669	Basket III	篮子 III	Furniture	Common		Miscellaneous	A decorative object to design and beautify your home.	https://enshrouded.wiki.gg/wiki/Basket_III
8670	Basket IV	四级篮子	Furniture	Common		Miscellaneous	A decorative object to design and beautify your home.	https://enshrouded.wiki.gg/wiki/Basket_IV
8671	Basket V	五级篮子	Furniture	Common		Miscellaneous	A decorative object to design and beautify your home.	https://enshrouded.wiki.gg/wiki/Basket_V
8672	Basket VI	六级篮子	Furniture	Common		Miscellaneous	A decorative object to design and beautify your home.	https://enshrouded.wiki.gg/wiki/Basket_VI
1377	Bathroom	浴室					Decorative items that can be placed in any building. Provides comfort.	https://enshrouded.wiki.gg/wiki/Bathroom
644	Beehive	蜂巢	Furniture	Rare		Production Places	Anything can be domesticated with enough patience. Used to produce honey and wax.	https://enshrouded.wiki.gg/wiki/Beehive
1544	Beehive Smoker	蜂巢喷烟器	Furniture	Rare		Tools and Components	Unlocks the ability to craft a Honey Beehive that provides honey and wax regularly.	https://enshrouded.wiki.gg/wiki/Beehive_Smoker
4289	Bellows	风箱	Furniture	Common		Tools and Components	These bellows are needed to craft a blast furnace.	https://enshrouded.wiki.gg/wiki/Bellows
2016	Bembel Pitcher	陶壶	Furniture	Common		Tableware	A decorative object to design and beautify your home.	https://enshrouded.wiki.gg/wiki/Bembel_Pitcher
3155	Bench	长凳	Furniture	Common		Benches	A decorative item that can be placed in any building. Provides comfort, increasing the duration of the rested buff.	https://enshrouded.wiki.gg/wiki/Bench
1371	Benches	长凳	Furniture	Common		Benches	A decorative item that can be placed in any building. Provides comfort, increasing the duration of the rested buff.	https://enshrouded.wiki.gg/wiki/Benches
9272	Big Blackmire Statue I	大黑沼雕像 I	Furniture	Common		Statues	A decorative object to design and beautify your home.	https://enshrouded.wiki.gg/wiki/Big_Blackmire_Statue_I
9273	Big Blackmire Statue II	大黑沼雕像 II	Furniture	Common		Statues	A decorative object to design and beautify your home.	https://enshrouded.wiki.gg/wiki/Big_Blackmire_Statue_II
6965	Big Bronze Statue Snake	大青铜蛇雕像	Furniture	Common		Furniture	A decorative object to design and beautify your home.	https://enshrouded.wiki.gg/wiki/Big_Bronze_Statue_Snake
8673	Big Clay Vat	大陶缸	Furniture	Common		Miscellaneous	A decorative object to design and beautify your home.	https://enshrouded.wiki.gg/wiki/Big_Clay_Vat
8555	Big Coffin	大棺材	Furniture	Common		Cemetery	A decorative object to design and beautify your home.	https://enshrouded.wiki.gg/wiki/Big_Coffin
8554	Big Coffin Lid	大棺材盖	Furniture	Common		Cemetery	A decorative object to design and beautify your home.	https://enshrouded.wiki.gg/wiki/Big_Coffin_Lid
9050	Big Decorated Tree	大型装饰树	Furniture	Common		Festive	A richly decorated and festive-looking tree.	https://enshrouded.wiki.gg/wiki/Big_Decorated_Tree
5331	Big Elegant Sofa	大型雅致沙发	Furniture	Common		Benches	A decorative object to design and beautify your home.	https://enshrouded.wiki.gg/wiki/Big_Elegant_Sofa
4950	Big Farm Animal Pillow	大型农场动物抱枕	Materials	Common		Animal Furniture	A cozy bed for large tamed farm animals, such as Yaks or Dune Armadillos.	https://enshrouded.wiki.gg/wiki/Big_Farm_Animal_Pillow
2057	Big Fur Rug	大型毛皮地毯	Furniture	Common		Carpets	A decorative object to design and beautify your home.	https://enshrouded.wiki.gg/wiki/Big_Fur_Rug
2059	Big furry straw mat	大毛绒草席	Furniture	Common		Carpets	A decorative object to design and beautify your home.	https://enshrouded.wiki.gg/wiki/Big_furry_straw_mat
8895	Big Hollow's Eve Pumpkin I	大型万圣夜南瓜 I	Furniture	Common		Hollow's Eve	A decorative object to design and beautify your home.	https://enshrouded.wiki.gg/wiki/Big_Hollow's_Eve_Pumpkin_I
8896	Big Hollow's Eve Pumpkin II	大型万圣夜南瓜 II	Furniture	Common		Hollow's Eve	A decorative object to design and beautify your home.	https://enshrouded.wiki.gg/wiki/Big_Hollow's_Eve_Pumpkin_II
8897	Big Hollow's Eve Pumpkin III	大空心节南瓜 III	Furniture	Common		Hollow's Eve	A decorative object to design and beautify your home.	https://enshrouded.wiki.gg/wiki/Big_Hollow's_Eve_Pumpkin_III
8675	Big Leather Crate	大皮革箱	Furniture	Common		Miscellaneous	A decorative object to design and beautify your home.	https://enshrouded.wiki.gg/wiki/Big_Leather_Crate
8812	Big Steel Barrel	大钢桶	Furniture	Common		Miscellaneous	A decorative object to design and beautify your home.	https://enshrouded.wiki.gg/wiki/Big_Steel_Barrel
9279	Big Stone Statue “Sword”	大型石雕像“剑”	Furniture	Common		Statues	A decorative object to design and beautify your home.	https://enshrouded.wiki.gg/wiki/Big_Stone_Statue_“Sword”
2056	Big straw mat	大草席	Furniture	Common		Carpets	A decorative object to design and beautify your home.	https://enshrouded.wiki.gg/wiki/Big_straw_mat
8818	Big Waggon	大四轮马车	Furniture	Common		Miscellaneous	A decorative object to design and beautify your home.	https://enshrouded.wiki.gg/wiki/Big_Waggon
8674	Big Wooden Crate	大木箱	Furniture	Common		Miscellaneous	A decorative object to design and beautify your home.	https://enshrouded.wiki.gg/wiki/Big_Wooden_Crate
4960	Bird Feeder	鸟食槽	Materials	Common		Animal Furniture	A feeding device that holds bird food.	https://enshrouded.wiki.gg/wiki/Bird_Feeder
1435	Black Powder Ball	黑火药弹	Weapon	Rare	21	Throwing Weapons	An explosive with astounding power that can be thrown.	https://enshrouded.wiki.gg/wiki/Black_Powder_Ball
9274	Blackmire Statue I	黑沼雕像 I	Furniture	Common		Statues	A decorative object to design and beautify your home.	https://enshrouded.wiki.gg/wiki/Blackmire_Statue_I
9275	Blackmire Statue II	黑沼雕像 II	Furniture	Common		Statues	A decorative object to design and beautify your home.	https://enshrouded.wiki.gg/wiki/Blackmire_Statue_II
9276	Blackmire Statue III	黑沼雕像 III	Furniture	Common		Statues	A decorative object to design and beautify your home.	https://enshrouded.wiki.gg/wiki/Blackmire_Statue_III
9277	Blackmire Statue IV	黑沼雕像 IV	Furniture	Common		Statues	A decorative object to design and beautify your home.	https://enshrouded.wiki.gg/wiki/Blackmire_Statue_IV
9278	Blackmire Statue V	黑沼雕像 V	Furniture	Common		Statues	A decorative object to design and beautify your home.	https://enshrouded.wiki.gg/wiki/Blackmire_Statue_V
10269	Blackmire Statue VI	黑沼雕像 VI	Furniture	Common		Statues	A decorative object to design and beautify your home.	https://enshrouded.wiki.gg/wiki/Blackmire_Statue_VI
4268	Blast Furnace	高炉	Furniture	Rare		Production Places	This advanced furnace can create incredible heat! It's used to smelt higher quality materials.	https://enshrouded.wiki.gg/wiki/Blast_Furnace
9852	Blue Confetti Mortar	蓝色彩纸迫击炮	Consumables	Common			These fireworks were brought to you by the wonders of alchemy!	https://enshrouded.wiki.gg/wiki/Blue_Confetti_Mortar
8837	Blue Decorative Box	蓝色装饰盒	Furniture	Common		Festive	A decoratively wrapped present box.	https://enshrouded.wiki.gg/wiki/Blue_Decorative_Box
8951	Blue Floor Light I	蓝色落地灯 I	Furniture	Common		Illumination	An illumination item that can be placed in your home. Provides comfort, increasing the duration of the Rested Bonus.	https://enshrouded.wiki.gg/wiki/Blue_Floor_Light_I
8952	Blue Floor Light II	蓝色落地灯 II	Furniture	Common		Illumination	An illumination item that can be placed in your home. Provides comfort, increasing the duration of the Rested Bonus.	https://enshrouded.wiki.gg/wiki/Blue_Floor_Light_II
3188	Blue Globe	蓝色球形灯	Furniture	Common		Clutter	A decorative object to design and beautify your home.|Type=Furniture|Rarity=Common|Stack Size=50}}  == Crafting == {{Crafting	https://enshrouded.wiki.gg/wiki/Blue_Globe
6335	Blue Goblet	蓝色高脚杯	Generic Item	Common		Dyes	A dance of cerulean and powder blue.  This color palette can be made with [[Revelwood]] materials.	https://enshrouded.wiki.gg/wiki/Blue_Goblet
8947	Blue Pendant Light I	蓝色吊灯 I	Furniture	Common		Illumination	An illumination item that can be placed in your home. Provides comfort, increasing the duration of the Rested Bonus.	https://enshrouded.wiki.gg/wiki/Blue_Pendant_Light_I
8948	Blue Pendant Light II	蓝色吊灯 II	Furniture	Common		Illumination	An illumination item that can be placed in your home. Provides comfort, increasing the duration of the Rested Bonus.	https://enshrouded.wiki.gg/wiki/Blue_Pendant_Light_II
9848	Blue Rocket	蓝色火箭	Consumables	Common			These fireworks were brought to you by the wonders of alchemy!| Type=Consumables| Rarity=Common| Stack Size=20	https://enshrouded.wiki.gg/wiki/Blue_Rocket
8949	Blue Wall Light I	蓝色壁灯 I	Furniture	Common		Illumination	An illumination item that can be placed in your home. Provides comfort, increasing the duration of the Rested Bonus.	https://enshrouded.wiki.gg/wiki/Blue_Wall_Light_I
8950	Blue Wall Light II	蓝色壁灯 II	Furniture	Common		Illumination	An illumination item that can be placed in your home. Provides comfort, increasing the duration of the Rested Bonus.	https://enshrouded.wiki.gg/wiki/Blue_Wall_Light_II
2534	Boar At Home	家养野猪	Comfort	Common		Paintings	A decorative object to design and beautify your home.	https://enshrouded.wiki.gg/wiki/Boar_At_Home
9140	Book I	书籍 I	Furniture	Common		Books	A book. Conveyor of thought, the foundation of progress, and a bonfire of imagination.	https://enshrouded.wiki.gg/wiki/Book_I
9283	Book II	书籍 II	Furniture	Common		Books	A book. Conveyor of thought, the foundation of progress, and a bonfire of imagination.	https://enshrouded.wiki.gg/wiki/Book_II
9284	Book III	书籍 III	Furniture	Common		Books	A book. Conveyor of thought, the foundation of progress, and a bonfire of imagination.	https://enshrouded.wiki.gg/wiki/Book_III
9285	Book IV	书籍 IV	Furniture	Common		Books	A book. Conveyor of thought, the foundation of progress, and a bonfire of imagination.	https://enshrouded.wiki.gg/wiki/Book_IV
9286	Book V	书籍 V	Furniture	Common		Books	A book. Conveyor of thought, the foundation of progress, and a bonfire of imagination.	https://enshrouded.wiki.gg/wiki/Book_V
5028	Boreal Wood Banquet Table	北境木宴会桌	Furniture	Common		Tables	A decorative object to design and beautify your home.	https://enshrouded.wiki.gg/wiki/Boreal_Wood_Banquet_Table
5026	Boreal Wood Bed	北境木床	Furniture	Common		Beds	A decorative item that can be placed in any building. Provides comfort, increasing the duration of the rested buff.	https://enshrouded.wiki.gg/wiki/Boreal_Wood_Bed
5031	Boreal Wood Bedside Table	北境木床头柜	Furniture	Common		Tables	A decorative object to design and beautify your home.	https://enshrouded.wiki.gg/wiki/Boreal_Wood_Bedside_Table
5032	Boreal Wood Bench	北境木长凳	Furniture	Common		Benches	A decorative item that can be placed in any building. Provides comfort, increasing the duration of the rested buff.	https://enshrouded.wiki.gg/wiki/Boreal_Wood_Bench
5035	Boreal Wood Chair	北境木椅	Furniture	Common		Chairs	A decorative item that can be placed in any building. Provides comfort, increasing the duration of the rested buff.	https://enshrouded.wiki.gg/wiki/Boreal_Wood_Chair
6953	Boreal Wood Door	北境木门	Furniture	Common		Doors	A decorative object to design and beautify your home.	https://enshrouded.wiki.gg/wiki/Boreal_Wood_Door
6954	Boreal Wood Double Door	北境木双开门	Furniture	Common		Doors	A decorative object to design and beautify your home.	https://enshrouded.wiki.gg/wiki/Boreal_Wood_Double_Door
8411	Boreal Wood Garden Fence Door	北境木花园围栏门	Furniture	Common		Fences	A decorative object to design and beautify your home.	https://enshrouded.wiki.gg/wiki/Boreal_Wood_Garden_Fence_Door
8412	Boreal Wood Garden Fence I	北境木花园围栏 I	Furniture	Common		Fences	A decorative object to design and beautify your home.	https://enshrouded.wiki.gg/wiki/Boreal_Wood_Garden_Fence_I
8413	Boreal Wood Garden Fence II	北境木花园围栏 II	Furniture	Common		Fences	A decorative object to design and beautify your home.	https://enshrouded.wiki.gg/wiki/Boreal_Wood_Garden_Fence_II
8414	Boreal Wood Garden Fence Pole	北境木花园围栏柱	Furniture	Common		Fences	A decorative object to design and beautify your home.	https://enshrouded.wiki.gg/wiki/Boreal_Wood_Garden_Fence_Pole
8518	Boreal Wood Shelf	北境木架子	Furniture	Common		Shelves	A decorative object to beautify your home.	https://enshrouded.wiki.gg/wiki/Boreal_Wood_Shelf
5030	Boreal Wood Side Table	北境木边桌	Furniture	Common		Tables	A decorative object to design and beautify your home.	https://enshrouded.wiki.gg/wiki/Boreal_Wood_Side_Table
5029	Boreal Wood Table	北境木桌	Furniture	Common		Tables	A decorative object to design and beautify your home.	https://enshrouded.wiki.gg/wiki/Boreal_Wood_Table
8572	Bow and Arrow Wall Mount	弓箭壁挂架	Furniture	Common		Weapon Mounts	A display to showcase weapons or shields.	https://enshrouded.wiki.gg/wiki/Bow_and_Arrow_Wall_Mount
8573	Bow Weapon Rack	弓武器架	Furniture	Common		Weapon Mounts	A display to showcase weapons or shields.	https://enshrouded.wiki.gg/wiki/Bow_Weapon_Rack
7093	Braid Wig Head	辫子假发头模	Furniture	Rare		Furniture	A wig head that unlocks more haircuts once picked up. It can also be placed in your base as decoration.	https://enshrouded.wiki.gg/wiki/Braid_Wig_Head
2084	Brazier	火盆	Comfort	Common		Fireplaces	An illumination item that can be placed in your home.	https://enshrouded.wiki.gg/wiki/Brazier
2071	Brick Fireplace	砖砌壁炉	Furniture	Common		Fireplaces	A wonderfully inviting fireplace made from red bricks	https://enshrouded.wiki.gg/wiki/Brick_Fireplace
6336	Bright Resolve	明亮决心	Generic Item	Common		Dyes	The brightness of the yellow tinge makes it appear almost fluorescent. While shining brighter than the sun, the thought of defeat becomes lost in radiance.  This color palette can be made with [[Kindlewastes]] materials.	https://enshrouded.wiki.gg/wiki/Bright_Resolve
10302	Brittlebush Plant Pot	脆木菊花盆	Potted Plant	Common		Large Plant Pots	A potted plant to beautify your home	https://enshrouded.wiki.gg/wiki/Brittlebush_Plant_Pot
8849	Broken Hollow Halls Banner	破损的空洞大厅旗帜	Furniture	Common		Banners	A decorative object to design and beautify your home.	https://enshrouded.wiki.gg/wiki/Broken_Hollow_Halls_Banner
1969	Bronze Barrel	青铜桶	Furniture	Common		Miscellaneous	A decorative object to design and beautify your home.	https://enshrouded.wiki.gg/wiki/Bronze_Barrel
2065	Bronze Bathtub	青铜浴缸	Furniture	Common		Bathroom	A decorative item that can be placed in any building. Provides comfort, increasing the duration of the rested buff.	https://enshrouded.wiki.gg/wiki/Bronze_Bathtub
2007	Bronze Bowl	青铜碗	Furniture	Common		Tableware	A decorative object to design and beautify your home.	https://enshrouded.wiki.gg/wiki/Bronze_Bowl
2087	Bronze Candleholder	青铜烛台	Comfort	Common		Illumination	An illumination item that can be placed in your home.	https://enshrouded.wiki.gg/wiki/Bronze_Candleholder
2096	Bronze Chandelier	青铜吊灯	Comfort	Common		Illumination	An illumination item that can be placed in your home.	https://enshrouded.wiki.gg/wiki/Bronze_Chandelier
2009	Bronze Cup	青铜杯	Furniture	Common		Tableware	A decorative object to design and beautify your home.	https://enshrouded.wiki.gg/wiki/Bronze_Cup
2091	Bronze Floor Candleholder	青铜落地烛台	Comfort	Common		Illumination	An illumination item that can be placed in your home.	https://enshrouded.wiki.gg/wiki/Bronze_Floor_Candleholder
2008	Bronze Jug	青铜壶	Furniture	Common		Tableware	A decorative object to design and beautify your home.	https://enshrouded.wiki.gg/wiki/Bronze_Jug
2011	Bronze Platter	青铜大盘	Furniture	Common		Tableware	A decorative object to design and beautify your home.	https://enshrouded.wiki.gg/wiki/Bronze_Platter
2088	Bronze Wall Torch	青铜壁挂火把	Comfort	Common		Illumination	An illumination item that can be placed in your home.	https://enshrouded.wiki.gg/wiki/Bronze_Wall_Torch
10514	Bronze-engraved Greatsword	青铜雕纹大剑					| Type=	https://enshrouded.wiki.gg/wiki/Bronze-engraved_Greatsword
4026	Building	建筑		Common				https://enshrouded.wiki.gg/wiki/Building
10182	Butter Churn	黄油搅拌器	Furniture	Rare		Production Places	With this butter churn, you can make your own fresh butter and buttermilk at home.	https://enshrouded.wiki.gg/wiki/Butter_Churn
3170	Camp Bed	营地床	Furniture	Common		Beds	A decorative item that can be placed in any building. Provides comfort, increasing the duration of the rested buff.|Type=Furniture|Comfort Category=Bed|Comfort=+ 1|Rarity=Common|Stack Size=50}}  -  == Crafting == {{Crafting	https://enshrouded.wiki.gg/wiki/Camp_Bed
2076	Candle	蜡烛	Comfort	Common		Illumination	An illumination item that can be placed in your home.	https://enshrouded.wiki.gg/wiki/Candle
9267	Capybara Feeder	水豚喂食槽	Furniture	Common		Animal Furniture	A feeding device that holds Capybara food.	https://enshrouded.wiki.gg/wiki/Capybara_Feeder
2060	Carpet	地毯	Furniture	Common		Carpets	A decorative item that can be placed in any building. Provides comfort, increasing the duration of the rested buff.	https://enshrouded.wiki.gg/wiki/Carpet
1804	Carpets	地毯					decorative items that can be placed in any building. Provides comfort.	https://enshrouded.wiki.gg/wiki/Carpets
8593	Carved Limestone Vase I	雕刻石灰岩花瓶 I	Furniture	Common		Clutter	A decorative object to design and beautify your home.	https://enshrouded.wiki.gg/wiki/Carved_Limestone_Vase_I
8594	Carved Limestone Vase II	雕刻石灰岩花瓶 II	Furniture	Common		Clutter	A decorative object to design and beautify your home.	https://enshrouded.wiki.gg/wiki/Carved_Limestone_Vase_II
8595	Carved Limestone Vase III	雕刻石灰岩花瓶 III	Furniture	Common		Clutter	A decorative object to design and beautify your home.	https://enshrouded.wiki.gg/wiki/Carved_Limestone_Vase_III
3666	Carved Round Door	雕刻圆门	Doors	Common		Doors	A decorative object to design and beautify your home.	https://enshrouded.wiki.gg/wiki/Carved_Round_Door
1934	Carved Secret Bookshelf Door	雕刻暗门书架门	Furniture	Rare		Secret Doors	Hide passages in your base behind this secret door.	https://enshrouded.wiki.gg/wiki/Carved_Secret_Bookshelf_Door
8415	Carved Tropical Wood Fence Pole	雕刻热带木栅栏柱	Furniture	Common		Fences	A decorative object to design and beautify your home.	https://enshrouded.wiki.gg/wiki/Carved_Tropical_Wood_Fence_Pole
8417	Carved Tropical Wood Fence with Ropes I	雕刻热带木绳索栅栏 I	Furniture	Common		Fences	A decorative object to design and beautify your home.	https://enshrouded.wiki.gg/wiki/Carved_Tropical_Wood_Fence_with_Ropes_I
8418	Carved Tropical Wood Fence with Ropes II	雕刻热带木绳索栅栏 II	Furniture	Common		Fences	A decorative object to design and beautify your home.	https://enshrouded.wiki.gg/wiki/Carved_Tropical_Wood_Fence_with_Ropes_II
1979	Carved Wooden Cabinet	雕刻木柜	Furniture	Common		Shelves	A decorative object to design and beautify your home.	https://enshrouded.wiki.gg/wiki/Carved_Wooden_Cabinet
1917	Carved Wooden Door	雕刻木门	Furniture	Common		Doors	A decorative object to design and beautify your home.	https://enshrouded.wiki.gg/wiki/Carved_Wooden_Door
1918	Carved Wooden Double Door	雕刻木双开门	Furniture	Common		Doors	A decorative object to design and beautify your home.	https://enshrouded.wiki.gg/wiki/Carved_Wooden_Double_Door
2028	Carved Wooden Nightstand	雕刻木床头柜	Furniture	Common		Tables	A decorative object to design and beautify your home.	https://enshrouded.wiki.gg/wiki/Carved_Wooden_Nightstand
1980	Carved Wooden Shelf	雕刻木架	Furniture	Common		Shelves	A decorative object to design and beautify your home.	https://enshrouded.wiki.gg/wiki/Carved_Wooden_Shelf
1936	Carved Wooden Window Frame	雕刻木窗框	Furniture	Common		Windows	A decorative object to design and beautify your home.	https://enshrouded.wiki.gg/wiki/Carved_Wooden_Window_Frame
8940	Castle Bench	城堡长凳	Furniture	Common		Benches	A decorative item that can be placed in any building. Provides comfort, increasing the duration of the rested buff.	https://enshrouded.wiki.gg/wiki/Castle_Bench
8686	Castle Roof Block	城堡屋顶方块	Roof Materials	Common		Roof Blocks	With this greenish castle roof block, nothing stands in the way of your architectural masterpieces	https://enshrouded.wiki.gg/wiki/Castle_Roof_Block
8941	Castle Throne	城堡王座	Furniture	Common		Chairs	A decorative item that can be placed in any building. Provides comfort, increasing the duration of the rested buff.	https://enshrouded.wiki.gg/wiki/Castle_Throne
8519	Castle Wall Shelf	城堡壁架	Furniture	Common		Shelves	A decorative object to beautify your home.	https://enshrouded.wiki.gg/wiki/Castle_Wall_Shelf
4962	Cat Bowl	猫碗	Materials	Common		Animal Furniture	A little feeding bowl for your Cat.	https://enshrouded.wiki.gg/wiki/Cat_Bowl
4957	Cat Pillow	猫咪枕头	Materials	Common		Animal Furniture	A soft pillow for your cat.	https://enshrouded.wiki.gg/wiki/Cat_Pillow
6444	Cathedral	大教堂	Generic Item	Common		Dyes	A cool gray reminiscent of cathedral walls, eternal in its grace and silence.  This color palette can be made with [[Kindlewastes]] materials.	https://enshrouded.wiki.gg/wiki/Cathedral
460	Cauldron	大锅	Furniture	Common		Tools and Components	A centerpiece for the Alchemy Station.	https://enshrouded.wiki.gg/wiki/Cauldron
4761	Ceiling Chain	天花板吊链	Furniture	Common		Miscellaneous	A decorative object to design and beautify your home.	https://enshrouded.wiki.gg/wiki/Ceiling_Chain
1176	Chairs	椅子					decorative items that can be placed in any building. Provides comfort, increasing the duration of the rested buff.	https://enshrouded.wiki.gg/wiki/Chairs
10290	Chamomile Plant Pot	洋甘菊花盆	Furniture	Common		Medium Flower Pots	A lovely pot of flowers to beautify your world.	https://enshrouded.wiki.gg/wiki/Chamomile_Plant_Pot
2079	Chandelier	枝形吊灯	Comfort	Common		Illumination	An illumination item that can be placed in your home.	https://enshrouded.wiki.gg/wiki/Chandelier
81	Charcoal Kiln	木炭窑	Furniture	Rare		Production Places	A tool to create various coal related items from wood.	https://enshrouded.wiki.gg/wiki/Charcoal_Kiln
8487	Chimerical Greatsword	幻梦巨剑	Two-handed Greatsword				A weapon born from the amalgamation of bones, earth, and liquid fire. As your eyes travel across it, the mess of cartilage and moss at the hilt gives way to a light-swallowing obsidian blade.	https://enshrouded.wiki.gg/wiki/Chimerical_Greatsword
1543	Circular Sawblades	圆锯片	Materials	Rare		Tools and Components	Centerpiece of a Table Saw	https://enshrouded.wiki.gg/wiki/Circular_Sawblades
2012	Clay Bowl	黏土碗	Furniture	Common		Tableware	A decorative object to design and beautify your home.	https://enshrouded.wiki.gg/wiki/Clay_Bowl
2014	Clay Cup	黏土杯	Furniture	Common		Tableware	A decorative object to design and beautify your home.	https://enshrouded.wiki.gg/wiki/Clay_Cup
2070	Clay Fireplace	黏土壁炉	Furniture	Common		Fireplaces	A fireplace that will provide ample warmth. Warmth is needed to acquire the Rested buff.	https://enshrouded.wiki.gg/wiki/Clay_Fireplace
2013	Clay Jug	黏土壶	Furniture	Common		Tableware	A decorative object to design and beautify your home.	https://enshrouded.wiki.gg/wiki/Clay_Jug
2015	Clay Platter	黏土浅盘	Furniture	Common		Tableware	A decorative object to design and beautify your home.	https://enshrouded.wiki.gg/wiki/Clay_Platter
9775	Clay Pot I	黏土罐 I	Furniture	Common		Miscellaneous	A decorative object to design and beautify your home.	https://enshrouded.wiki.gg/wiki/Clay_Pot_I
9776	Clay Pot II	陶罐 II	Furniture	Common		Miscellaneous	A decorative object to design and beautify your home.	https://enshrouded.wiki.gg/wiki/Clay_Pot_II
9777	Clay Pot III	陶罐 III	Furniture	Common		Miscellaneous	A decorative object to design and beautify your home.	https://enshrouded.wiki.gg/wiki/Clay_Pot_III
9778	Clay Pot IV	陶罐 IV	Furniture	Common		Miscellaneous	A decorative object to design and beautify your home.	https://enshrouded.wiki.gg/wiki/Clay_Pot_IV
8793	Clay Tea Cup	陶茶杯	Furniture	Common		Tableware	A decorative object to design and beautify your home.	https://enshrouded.wiki.gg/wiki/Clay_Tea_Cup
9779	Clay Vase I	陶瓶 I	Furniture	Common		Miscellaneous	A decorative object to design and beautify your home.	https://enshrouded.wiki.gg/wiki/Clay_Vase_I
9780	Clay Vase II	陶瓶 II	Furniture	Common		Miscellaneous	A decorative object to design and beautify your home.	https://enshrouded.wiki.gg/wiki/Clay_Vase_II
9781	Clay Vase III	陶瓶 III	Furniture	Common		Miscellaneous	A decorative object to design and beautify your home.	https://enshrouded.wiki.gg/wiki/Clay_Vase_III
9782	Clay Vase IV	陶瓶 IV	Furniture	Common		Miscellaneous	A decorative object to design and beautify your home.	https://enshrouded.wiki.gg/wiki/Clay_Vase_IV
9783	Clay Vase V	陶瓶 V	Furniture	Common		Miscellaneous	A decorative object to design and beautify your home.	https://enshrouded.wiki.gg/wiki/Clay_Vase_V
9784	Clay Vase VI	陶瓶 VI	Furniture	Common		Miscellaneous	A decorative object to design and beautify your home.	https://enshrouded.wiki.gg/wiki/Clay_Vase_VI
5310	Climbing Rose	攀缘玫瑰	Overgrowth Material	Common	13	Overgrowth Materials/Crafting Materials	Use the Overgrowth Tool to apply this to structures in your base.	https://enshrouded.wiki.gg/wiki/Climbing_Rose
6445	Cloudy Brook	云雾溪	Generic Item	Common		Dyes	An arrangement of warm grays and browns, reminiscent of a muddy brook lined by hazelnut bushes.  This color palette can be made with [[Springlands]] materials.	https://enshrouded.wiki.gg/wiki/Cloudy_Brook
3812	Club of Defiance	抗争之棒	Two-handed Club			Two-handed Clubs	This club can take on hordes of enemies, never wavering.	https://enshrouded.wiki.gg/wiki/Club_of_Defiance
8574	Coaster	杯垫	Furniture	Common		Collections	A wooden coaster to display drinks on a table.	https://enshrouded.wiki.gg/wiki/Coaster
10294	Coconut Plant Pot	椰子盆栽	Potted Plant	Common		Large Plant Pots	A potted plant to beautify your home	https://enshrouded.wiki.gg/wiki/Coconut_Plant_Pot
7942	Coffee Brewery	咖啡酿造机	Furniture	Rare		Production Places	A handy machine that brews hot coffee. There is hope left in this world after all.	https://enshrouded.wiki.gg/wiki/Coffee_Brewery
7941	Coffee Drum Roaster	咖啡滚筒烘焙机	Furniture	Rare		Production Places	A machine that's used to roast coffee beans. Necessary to make coffee.	https://enshrouded.wiki.gg/wiki/Coffee_Drum_Roaster
8557	Coffin	棺材	Furniture	Common		Cemetery	A decorative object to design and beautify your home.	https://enshrouded.wiki.gg/wiki/Coffin
8556	Coffin Lid	棺材盖	Furniture	Common		Cemetery	A decorative object to design and beautify your home.	https://enshrouded.wiki.gg/wiki/Coffin_Lid
9287	Collection Of Books I	书籍合集 I	Furniture	Common		Books	What is better than ''one'' book?	https://enshrouded.wiki.gg/wiki/Collection_Of_Books_I
9288	Collection Of Books II	书籍合集 II	Furniture	Common		Books	What is better than ''one'' book?	https://enshrouded.wiki.gg/wiki/Collection_Of_Books_II
9289	Collection Of Books III	书籍合集 III	Furniture	Common		Books	What is better than ''one'' book?	https://enshrouded.wiki.gg/wiki/Collection_Of_Books_III
6045	Coloring Station	染色台	Furniture	Rare		Production Places	A factory that enables the production of color palettes and colorizes your clothes.	https://enshrouded.wiki.gg/wiki/Coloring_Station
2353	Construction Hammer	建造锤	Tools	Common		Building Tools/Essentials	Hammer of the Ancients: An archaic building tool fueled by the Flame, capable of quickly erecting various structures around your home.	https://enshrouded.wiki.gg/wiki/Construction_Hammer
230	Cooking Station	烹饪台	Furniture	Rare		Production Places	A basic setup for preparing meals	https://enshrouded.wiki.gg/wiki/Cooking_Station
2003	Copper Bowl		Furniture	Common		Tableware	A decorative object to design and beautify your home.	https://enshrouded.wiki.gg/wiki/Copper_Bowl
2005	Copper Cup		Furniture	Common		Tableware	A decorative object to design and beautify your home.	https://enshrouded.wiki.gg/wiki/Copper_Cup
1921	Copper Door	铜门	Furniture	Common		Doors	A decorative object to design and beautify your home.	https://enshrouded.wiki.gg/wiki/Copper_Door
1922	Copper Double Door	铜双开门	Furniture	Common		Doors	A decorative object to design and beautify your home.	https://enshrouded.wiki.gg/wiki/Copper_Double_Door
1961	Copper Fence	铜栅栏	Furniture	Common		Fences	A decorative object to design and beautify your home.	https://enshrouded.wiki.gg/wiki/Copper_Fence
2004	Copper Jug	铜壶	Furniture	Common		Tableware	A decorative object to design and beautify your home.	https://enshrouded.wiki.gg/wiki/Copper_Jug
2006	Copper Platter	铜盘	Furniture	Common		Tableware	A decorative object to design and beautify your home.	https://enshrouded.wiki.gg/wiki/Copper_Platter
10515	Copperblade Greatsword	铜刃巨剑					| Type=	https://enshrouded.wiki.gg/wiki/Copperblade_Greatsword
7091	Cowlick Wig Head	呆毛假发头模	Furniture	Rare		Furniture	A wig head that unlocks more haircuts once picked up. It can also be placed in your base as decoration.	https://enshrouded.wiki.gg/wiki/Cowlick_Wig_Head
6446	Crimson Valor	绯红勇气	Generic Item	Common		Dyes	The rose-red accents on the ivory background add a romantic flair, painting the wearer to be a charming, valiant hero.  This color palette can be made with [[Springlands]] materials.	https://enshrouded.wiki.gg/wiki/Crimson_Valor
8389	Critter Plush	小动物玩偶	Furniture	Common		Miscellaneous	This cute plushy makes the fearsome critters much more approachable.	https://enshrouded.wiki.gg/wiki/Critter_Plush
406	Crucible	坩埚	Furniture	Common		Tools and Components	Used in a Smelter to melt ores and create alloys.	https://enshrouded.wiki.gg/wiki/Crucible
1863	Crude Bench	粗制长凳	Furniture	Common		Benches	A decorative item that can be placed in any building. Provides comfort, increasing the duration of the rested buff.	https://enshrouded.wiki.gg/wiki/Crude_Bench
89	Crude Mattress	粗制床垫	Furniture	Common		Beds	A decorative item that can be placed in any building. Provides comfort, increasing the duration of the rested buff.	https://enshrouded.wiki.gg/wiki/Crude_Mattress
2023	Crude Wooden Bed	粗制木床	Furniture	Common		Beds	A decorative item that can be placed in any building. Provides comfort, increasing the duration of the rested buff.	https://enshrouded.wiki.gg/wiki/Crude_Wooden_Bed
1978	Crude Wooden Cabinet	粗制木柜	Furniture	Common		Shelves	A decorative object to design and beautify your home.	https://enshrouded.wiki.gg/wiki/Crude_Wooden_Cabinet
8513	Crude Wooden Closet	粗制木衣柜	Furniture	Common		Cupboards	A decorative object to design and beautify your home.	https://enshrouded.wiki.gg/wiki/Crude_Wooden_Closet
1866	Crude Wooden Door		Furniture	Common		Doors	A decorative object to deign and beautify your home.	https://enshrouded.wiki.gg/wiki/Crude_Wooden_Door
8419	Crude Wooden Fence I		Furniture	Common		Fences	A decorative object to design and beautify your home.	https://enshrouded.wiki.gg/wiki/Crude_Wooden_Fence_I
8420	Crude Wooden Fence II		Furniture	Common		Fences	A decorative object to design and beautify your home.	https://enshrouded.wiki.gg/wiki/Crude_Wooden_Fence_II
8421	Crude Wooden Fence III		Furniture	Common		Fences	A decorative object to design and beautify your home.	https://enshrouded.wiki.gg/wiki/Crude_Wooden_Fence_III
8422	Crude Wooden Fence IV		Furniture	Common		Fences	A decorative object to design and beautify your home.	https://enshrouded.wiki.gg/wiki/Crude_Wooden_Fence_IV
8423	Crude Wooden Gate I		Furniture	Common		Fences	A decorative object to design and beautify your home.	https://enshrouded.wiki.gg/wiki/Crude_Wooden_Gate_I
8424	Crude Wooden Gate II		Furniture	Common		Fences	A decorative object to design and beautify your home.	https://enshrouded.wiki.gg/wiki/Crude_Wooden_Gate_II
1996	Crude Wooden Jug		Furniture	Common		Tableware	A decorative object to design and beautify your home.	https://enshrouded.wiki.gg/wiki/Crude_Wooden_Jug
1861	Crude Wooden Nightstand		Furniture	Common		Tables	A decorative object to design and beautify your home.	https://enshrouded.wiki.gg/wiki/Crude_Wooden_Nightstand
1998	Crude Wooden Platter		Furniture	Common		Tableware	A decorative object to design and beautify your home.	https://enshrouded.wiki.gg/wiki/Crude_Wooden_Platter
1860	Crude Wooden Side Table		Furniture	Common		Tables	A decorative item that can be placed in any building. Provides comfort, increasing the duration of the rested buff.	https://enshrouded.wiki.gg/wiki/Crude_Wooden_Side_Table
1862	Crude Wooden Stool		Furniture	Common		Chairs	A decorative item that can be placed in any building. Provides comfort, increasing the duration of the rested buff.	https://enshrouded.wiki.gg/wiki/Crude_Wooden_Stool
1859	Crude Wooden Table		Furniture	Common		Tables	A decorative item that can be placed in any building. Provides comfort, increasing the duration of the rested buff.	https://enshrouded.wiki.gg/wiki/Crude_Wooden_Table
3221	Crypt Brazier		Comfort	Common		Illumination	An illumination item that can be placed in your home.|Type=Comfort|Comfort Category=Illumination|Comfort=+ 2|Rarity=Common|Stack Size=50}}  == Crafting == {{Crafting	https://enshrouded.wiki.gg/wiki/Crypt_Brazier
3175	Crypt Candle	墓穴蜡烛	Furniture	Common		Illumination	An illumination item that can be placed in your home.|Type=Furniture|Comfort Category=Illumination|Comfort=+ 2|Rarity=Common|Stack Size=50}}  -  == Crafting == {{Crafting	https://enshrouded.wiki.gg/wiki/Crypt_Candle
3174	Crypt Chair	墓穴椅	Furniture	Common		Chairs	decorative items that can be placed in any building. Provides comfort, increasing the duration of the rested buff.	https://enshrouded.wiki.gg/wiki/Crypt_Chair
3222	Crypt Chandelier	墓穴枝形吊灯	Comfort	Common		Illumination	An illumination item that can be placed in your home.|Type=Comfort|Comfort Category=Illumination|Comfort=+ 2|Rarity=Common|Stack Size=50}}  == Crafting == {{Crafting	https://enshrouded.wiki.gg/wiki/Crypt_Chandelier
3730	Crypt Fence	墓穴栅栏	Furniture	Common		Fences	A decorative object to design and beautify your home.	https://enshrouded.wiki.gg/wiki/Crypt_Fence
3669	Crypt Gate	墓穴大门	Doors	Common		Doors	A decorative object to design and beautify your home.	https://enshrouded.wiki.gg/wiki/Crypt_Gate
3220	Crypt Skull Torch	墓穴骷髅火把	Comfort	Common		Illumination	An illumination item that can be placed in your home.	https://enshrouded.wiki.gg/wiki/Crypt_Skull_Torch
3180	Crypt Standing Torch	墓穴立式火把	Furniture	Common		Illumination	An illumination item that can be placed in your home.|Type=Furniture|Comfort Category=Illumination|Comfort=+ 2|Rarity=Common|Stack Size=50}}  ==Obtaining== The recipe is unlocked by obtaining {{item+iconright|Ectoplasm Gem}} for the first time. It is then crafted by the [[Collector]].  [[Category:Illumination]]  == Crafting == {{Crafting	https://enshrouded.wiki.gg/wiki/Crypt_Standing_Torch
3203	Crypt Throne	墓穴王座	Furniture	Common		Chairs	decorative items that can be placed in any building. Provides comfort, increasing the duration of the rested buff.|Type=Furniture|Comfort Category=Chairs|Comfort=+ 5|Rarity=Common|Stack Size=50}}  == Crafting == {{Crafting	https://enshrouded.wiki.gg/wiki/Crypt_Throne
3218	Crypt Wall Skull Torch	墓穴壁挂骷髅火把	Comfort	Common		Illumination	An illumination item that can be placed in your home.	https://enshrouded.wiki.gg/wiki/Crypt_Wall_Skull_Torch
3179	Crypt Wall Torch	墓穴壁挂火把	Furniture	Common		Illumination	An illumination item that can be placed in your home.	https://enshrouded.wiki.gg/wiki/Crypt_Wall_Torch
3189	Crystal Ball	水晶球	Furniture	Common		Clutter	A decorative object to design and beautify your home.|Type=Furniture|Rarity=Common|Stack Size=50}}  == Crafting == {{Crafting	https://enshrouded.wiki.gg/wiki/Crystal_Ball
2017	Crystal Bowl	水晶碗	Furniture	Common		Tableware	A decorative object to design and beautify your home.	https://enshrouded.wiki.gg/wiki/Crystal_Bowl
2019	Crystal Cup	水晶杯	Furniture	Common		Tableware	A decorative object to design and beautify your home.	https://enshrouded.wiki.gg/wiki/Crystal_Cup
2018	Crystal Jug	水晶壶	Furniture	Common		Tableware	A decorative object to design and beautify your home.	https://enshrouded.wiki.gg/wiki/Crystal_Jug
2020	Crystal Platter	水晶餐盘	Furniture	Common		Tableware	A decorative object to design and beautify your home.	https://enshrouded.wiki.gg/wiki/Crystal_Platter
7787	Cursed Fishing Rod	被诅咒的鱼竿		Uncommon		Fishing Rods	A doomed fishing rod that is more likely to either catch valuables or junk. Well, one man's trash is another man's treasure!	https://enshrouded.wiki.gg/wiki/Cursed_Fishing_Rod
8838	Cyan Decorative Box	青色装饰盒	Furniture	Common		Festive	A decoratively wrapped present box.	https://enshrouded.wiki.gg/wiki/Cyan_Decorative_Box
10516	Cyclone Axe	旋风之斧					| Type=	https://enshrouded.wiki.gg/wiki/Cyclone_Axe
5609	Cyclops Pelvis	独眼巨人骨盆	Materials	Rare		Cyclops Statue	A bony Cyclops pelvis. It's eerie.	https://enshrouded.wiki.gg/wiki/Cyclops_Pelvis
5606	Cyclops Showcase	独眼巨人展示柜	Furniture	Common		Collections	A trophy stand, used to prop up the skeleton of a Cyclops.	https://enshrouded.wiki.gg/wiki/Cyclops_Showcase
5607	Cyclops Skull	独眼巨人头骨	Materials	Rare		Cyclops Statue	A gruesome, skeletal Cyclops head. You can fit your entire fist through the giant eyehole!	https://enshrouded.wiki.gg/wiki/Cyclops_Skull
5608	Cyclops Torso	独眼巨人躯干	Materials	Rare		Cyclops Statue	A cozy Cyclops ribcage with enough room for you and your best mate to snuggle up in.	https://enshrouded.wiki.gg/wiki/Cyclops_Torso
8575	Dagger Wall Mount	匕首壁挂架	Furniture	Common		Weapon Mounts	A display to showcase weapons or shields.	https://enshrouded.wiki.gg/wiki/Dagger_Wall_Mount
8576	Daggers Weapon Rack	匕首武器架	Furniture	Common		Weapon Mounts	A display to showcase weapons or shields.	https://enshrouded.wiki.gg/wiki/Daggers_Weapon_Rack
8505	Daylilies For Emily	艾米丽的萱草	Generic Item	Common		Dyes	These warm oranges evoke the smell of daylilies, the warmth of a hearthfire, and the vision of sharing a sunrise with the one you love.  This color palette can be made with [[Veilwater Basin]] materials.	https://enshrouded.wiki.gg/wiki/Daylilies_For_Emily
10297	Daylily Plant Pot	萱草花盆	Potted Plant	Common		Large Plant Pots	A potted plant to beautify your home	https://enshrouded.wiki.gg/wiki/Daylily_Plant_Pot
5293	Decay Tool	腐朽工具	Building Tool	Common		Building Tools/Essentials	A magical tool capable of adding and removing signs of decay to walls in your base.	https://enshrouded.wiki.gg/wiki/Decay_Tool
6447	Deceit	欺诈	Generic Item	Common		Dyes	At first glance, the muted mauve shrouds the wearer in the mundane. Only a keen eye can spot the deceitful, spiteful green lurking underneath.  This color palette can be made with [[BBB]] materials.	https://enshrouded.wiki.gg/wiki/Deceit
10196	Decoration Workbench	装饰工作台	Furniture	Rare		Production Places	Equipped with woodworking and stone masonry tools, this workbench lets you craft beautiful decorative pieces for your home with the Carpenter's help.	https://enshrouded.wiki.gg/wiki/Decoration_Workbench
9046	Decorative Bells I		Furniture	Common		Festive	Decorative bells especially suitable for the winter season.	https://enshrouded.wiki.gg/wiki/Decorative_Bells_I
9047	Decorative Bells II		Furniture	Common		Festive	Decorative bells especially suitable for the winter season.	https://enshrouded.wiki.gg/wiki/Decorative_Bells_II
9048	Decorative Bells III		Furniture	Common		Festive	Decorative bells especially suitable for the winter season.	https://enshrouded.wiki.gg/wiki/Decorative_Bells_III
8700	Decorative Butter Churn		Furniture	Common		Miscellaneous	A decorative object to beautify your home.	https://enshrouded.wiki.gg/wiki/Decorative_Butter_Churn
10252	Decorative Oven I		Furniture	Common		Miscellaneous	A decorative object to design and beautify your home.	https://enshrouded.wiki.gg/wiki/Decorative_Oven_I
10253	Decorative Oven II		Furniture	Common		Miscellaneous	A decorative object to design and beautify your home.	https://enshrouded.wiki.gg/wiki/Decorative_Oven_II
10254	Decorative Oven III		Furniture	Common		Miscellaneous	A decorative object to design and beautify your home.	https://enshrouded.wiki.gg/wiki/Decorative_Oven_III
6313	Desert Shingle Roof Block	沙漠木瓦屋顶块	Roof Materials	Common		Roof Blocks	A shingle block in blue hues, used in the angled rooftops of the Kindlewastes.	https://enshrouded.wiki.gg/wiki/Desert_Shingle_Roof_Block
5564	Diamond Wall Emblem (Maces)	钻石墙面徽记（锤）	Comfort	Common		Paintings	A decorative object to design and beautify your home.	https://enshrouded.wiki.gg/wiki/Diamond_Wall_Emblem_(Maces)
5565	Diamond Wall Emblem (Swords)	钻石墙面徽记（剑）	Comfort	Common		Paintings	A decorative object to design and beautify your home.	https://enshrouded.wiki.gg/wiki/Diamond_Wall_Emblem_(Swords)
8766	Direction Sign	方向指示牌	Furniture	Common		Writable Signs	A direction sign that you can write on.	https://enshrouded.wiki.gg/wiki/Direction_Sign
4963	Dog Bowl	狗碗	Materials	Common		Animal Furniture	A little feeding bowl for your Dog.	https://enshrouded.wiki.gg/wiki/Dog_Bowl
4956	Dog Pillow	狗枕头	Materials	Common		Animal Furniture	A soft pillow for your Dog.	https://enshrouded.wiki.gg/wiki/Dog_Pillow
9094	Drak Relief I	德拉克浮雕 I		Collectible		Drak Relief	A relief that details the history of the Drak.<br><br>This piece shows the Drak arriving on Embervale. They spy Ancients buildings on the horizon, and are drawn to explore them.	https://enshrouded.wiki.gg/wiki/Drak_Relief_I
9095	Drak Relief II	德拉克浮雕 II		Collectible		Drak Relief	A relief that details the history of the Drak.<br><br>The Drak are shown to build temples under a bright sun, resembling the Ancients. They see the Ancients as godlike due to their overwhelming prowess, and aim to gain their favor to ascend to godhood themselves.	https://enshrouded.wiki.gg/wiki/Drak_Relief_II
9096	Drak Relief III	德拉克浮雕 III		Collectible		Drak Relief	A relief that details the history of the Drak.<br><br>This relief portrays two images. The top shows a human-made Night Sanctum, and people bringing books and scrolls as a tribute to the Ancients.<br><br>The bottom sees the Drak enraged. They refuse to let humanity gain the favor of the Ancients, and attack.	https://enshrouded.wiki.gg/wiki/Drak_Relief_III
9090	Drak Relief IV	德拉克浮雕 IV		Collectible		Drak Relief	A relief that details the history of the Drak.<br><br>Humanity is shown as victorious! They drive the attackers back, and the Drak are forced to retreat overseas to an archipelago.	https://enshrouded.wiki.gg/wiki/Drak_Relief_IV
9089	Drak Relief Showcase	德拉克浮雕展示件	Furniture	Common		Collections	A showcase that holds pieces of a Drak themed relief. Collect all pieces to complete this showcase and unlock special trophy recipes.	https://enshrouded.wiki.gg/wiki/Drak_Relief_Showcase
9097	Drak Relief V	德拉克浮雕 V		Collectible		Drak Relief	A relief that details the history of the Drak.<br><br>The image encapsulates a moment of change: A shipwreck on faraway shores foretells humanity's demise. They see the Ancient Lands rise above the horizon — a sign of the gods turning away from humanity at last. For the Drak, the time to strike back has come.	https://enshrouded.wiki.gg/wiki/Drak_Relief_V
9098	Drak Relief VI	德拉克浮雕 VI		Collectible		Drak Relief	A relief that details the history of the Drak.<br><br>Flames swallow a town, and the sky is set alight. Chaos reigns as the Drak reappear in the Veilwater Basin. No defenders are visible.	https://enshrouded.wiki.gg/wiki/Drak_Relief_VI
9092	Drak Relief VII	德拉克浮雕 VII		Collectible		Drak Relief	A relief that details the history of the Drak.<br><br>The beasts stand victorious, their supremacy uncontested. They are locked in a constant fight for leadership, spilling blood in a desperate attempt to gain the Ancient's favor and become gods in the afterlife.	https://enshrouded.wiki.gg/wiki/Drak_Relief_VII
10259	Drak Stone Totem I	德拉克石图腾 I	Furniture	Common		Statues	A decorative object to beautify your home.	https://enshrouded.wiki.gg/wiki/Drak_Stone_Totem_I
10260	Drak Stone Totem II	德拉克石图腾 II	Furniture	Common		Statues	A decorative object to beautify your home.	https://enshrouded.wiki.gg/wiki/Drak_Stone_Totem_II
10261	Drak Stone Totem III	德拉克石图腾 III	Furniture	Common		Statues	A decorative object to beautify your home.	https://enshrouded.wiki.gg/wiki/Drak_Stone_Totem_III
10262	Drak Stone Totem IV	德拉克石图腾 IV	Furniture	Common		Statues	A decorative object to beautify your home.	https://enshrouded.wiki.gg/wiki/Drak_Stone_Totem_IV
10263	Drak Stone Totem V	德拉克石图腾 V	Furniture	Common		Statues	A decorative object to beautify your home.	https://enshrouded.wiki.gg/wiki/Drak_Stone_Totem_V
8693	Drak Temple Roof Block	德拉克神庙屋顶方块	Roof Materials	Common		Roof Blocks	A building block that makes it easier to create harsh and visually enticing edges.	https://enshrouded.wiki.gg/wiki/Drak_Temple_Roof_Block
8597	Drak Temple Vase I	德拉克神庙花瓶 I	Furniture	Common		Clutter	A decorative object to design and beautify your home.	https://enshrouded.wiki.gg/wiki/Drak_Temple_Vase_I
8598	Drak Temple Vase II	德拉克神庙花瓶 II	Furniture	Common		Clutter	A decorative object to design and beautify your home.	https://enshrouded.wiki.gg/wiki/Drak_Temple_Vase_II
8599	Drak Temple Vase III	德拉克神庙花瓶 III	Furniture	Common		Clutter	A decorative object to design and beautify your home.	https://enshrouded.wiki.gg/wiki/Drak_Temple_Vase_III
8600	Drak Temple Vase IV	德拉克神庙花瓶 IV	Furniture	Common		Clutter	A decorative object to design and beautify your home.	https://enshrouded.wiki.gg/wiki/Drak_Temple_Vase_IV
8601	Drak Temple Vase V	德拉克神庙花瓶 V	Furniture	Common		Clutter	A decorative object to design and beautify your home.	https://enshrouded.wiki.gg/wiki/Drak_Temple_Vase_V
8602	Drak Temple Vase VI	德拉克神庙花瓶 VI	Furniture	Common		Clutter	A decorative object to design and beautify your home.	https://enshrouded.wiki.gg/wiki/Drak_Temple_Vase_VI
8603	Drak Temple Vase VII	德拉克神庙花瓶 VII	Furniture	Common		Clutter	A decorative object to design and beautify your home.	https://enshrouded.wiki.gg/wiki/Drak_Temple_Vase_VII
10264	Drak Wood Totem I	德拉克木图腾 I	Furniture	Common		Statues	A decorative object to beautify your home.	https://enshrouded.wiki.gg/wiki/Drak_Wood_Totem_I
10265	Drak Wood Totem II	德拉克木图腾 II	Furniture	Common		Statues	A decorative object to beautify your home.	https://enshrouded.wiki.gg/wiki/Drak_Wood_Totem_II
10266	Drak Wood Totem III	德拉克木图腾 III	Furniture	Common		Statues	A decorative object to beautify your home.	https://enshrouded.wiki.gg/wiki/Drak_Wood_Totem_III
10267	Drak Wood Totem IV	德拉克木图腾 IV	Furniture	Common		Statues	A decorative object to beautify your home.	https://enshrouded.wiki.gg/wiki/Drak_Wood_Totem_IV
10268	Drak Wood Totem V	德拉克木图腾 V	Furniture	Common		Statues	A decorative object to beautify your home.	https://enshrouded.wiki.gg/wiki/Drak_Wood_Totem_V
6448	Draped In Envy	妒意垂饰	Generic Item	Common		Dyes	The muted gray and silvery sheen cannot hide the underlying seething emerald-green envy.  This color palette can be made with [[Revelwood]] materials.	https://enshrouded.wiki.gg/wiki/Draped_In_Envy
943	Drying Rack	晾晒架	Furniture	Rare		Production Places	Uses salt to conserve furs for further usage. Place near a Hunter.	https://enshrouded.wiki.gg/wiki/Drying_Rack
5317	Dune Armadillo Feeder	沙丘犰狳喂食器	Materials	Common		Animal Furniture	A feeding device that holds Dune Armadillo food.	https://enshrouded.wiki.gg/wiki/Dune_Armadillo_Feeder
6449	Dusk Amethyst	暮光紫水晶	Generic Item	Common		Dyes	A deep, royal purple dominates this color palette. The color seems to draw you in like the glimmering inside of an amethyst geode.  This color palette can be made with [[Albaneve Summits]] materials.	https://enshrouded.wiki.gg/wiki/Dusk_Amethyst
3075	Ectoplasm Press	灵质压榨机	Furniture	Rare		Production Places	A special crafting station that allows its devious users to create otherworldly ingredients.	https://enshrouded.wiki.gg/wiki/Ectoplasm_Press
6450	Emerald Forest	翡翠森林	Generic Item	Common		Dyes	Lush and lively like the Nomad Highlands flora before the drought.  This color palette can be made with [[Nomad Highlands]] materials.	https://enshrouded.wiki.gg/wiki/Emerald_Forest
4828	Empty Flower Pot (Square)	空花盆（方形）	Furniture	Common			A lovely pot of flowers to beautify your world.	https://enshrouded.wiki.gg/wiki/Empty_Flower_Pot_(Square)
7659	Enormous Magic Chest	巨型魔法箱	Equipment	Common		Storage	A big and heavy chest that offers fantastic storage space for countless items.	https://enshrouded.wiki.gg/wiki/Enormous_Magic_Chest
7955	Excellent Fishing Rod	极佳钓鱼竿		Epic		Fishing Rods	A fine fishing rod that makes catching as easy as possible. You can reel in fish faster and hold out longer if they put up a fight.	https://enshrouded.wiki.gg/wiki/Excellent_Fishing_Rod
4445	Exceptional Flute	卓越长笛	Tools	Epic		Musical Instruments	A dedicate flute, decorated with swift aquamarine brushstrokes that carry the tones forth like silvery winds.	https://enshrouded.wiki.gg/wiki/Exceptional_Flute
4444	Exceptional Hand Drum	卓越手鼓	Tools	Epic		Musical Instruments	An epic drum with finely painted blue lines on it. The pattern on top resembles a symmetrical star.	https://enshrouded.wiki.gg/wiki/Exceptional_Hand_Drum
9117	Exceptional Handpan	卓越手碟	Tools	Epic		Musical Instruments	This golden handpan was used by the Drak. Did they play it during ceremonies, sacrifices, or duels? you can't say for sure, but you do know that its sound is magical and enticing.	https://enshrouded.wiki.gg/wiki/Exceptional_Handpan
4447	Exceptional Harp	卓越竖琴	Tools	Epic		Musical Instruments	An outstanding harp with fine, silvery strings. The shape of the body and lightweight wood make this instrument perfect for learning to play the strings. Holding it makes you feel a bit melancholic.	https://enshrouded.wiki.gg/wiki/Exceptional_Harp
4446	Exceptional Lute	卓越鲁特琴	Tools	Epic		Musical Instruments	A wonderful lute with carefully placed, playful decorative lines. They spring forth like joyful melodies on a sunny summer day.	https://enshrouded.wiki.gg/wiki/Exceptional_Lute
1532	Explosive Barrel		Furniture	Common		Traps	A decorative item for everyone's home.	https://enshrouded.wiki.gg/wiki/Explosive_Barrel
6520	Explosive Crawler		Weapon	Uncommon	35	Throwing Weapons	An explosive critter bomb that can be thrown	https://enshrouded.wiki.gg/wiki/Explosive_Crawler
331	Explosive Powder Ball		Mid-range Weapon	Common	10	Throwing Weapons	An explosive with astounding power that can be thrown.	https://enshrouded.wiki.gg/wiki/Explosive_Powder_Ball
4884	Fae Deer Feeder		Materials	Common		Animal Furniture	A feeding device that holds Fae Deer food.	https://enshrouded.wiki.gg/wiki/Fae_Deer_Feeder
9316	Fallen Wing Axe	堕落之翼斧	Two-handed Axe				Don't be fooled by its name, this axe was forged in defiance and strikes with relentless fury.	https://enshrouded.wiki.gg/wiki/Fallen_Wing_Axe
4949	Farm Animal Pillow	农场动物抱枕	Materials	Common		Animal Furniture	A cozy bed for farm animals.	https://enshrouded.wiki.gg/wiki/Farm_Animal_Pillow
6519	Fell Confusion Pheromones	邪煞迷惑信息素	Weapon	Uncommon	20	Throwing Weapons	Can be thrown to create a Pheromone Cloud that confuses Fell enemies, who run around in panic when affected.	https://enshrouded.wiki.gg/wiki/Fell_Confusion_Pheromones
8543	Fell Fashion	堕落时装	Generic Item	Common		Dyes	Look lole a Fell Foe, but make it fashion. This blue color palette mirrors the hues of the Shroud, with a touch of aquamarine added.  This color palette can be made with [[Veilwater Basin]] materials.	https://enshrouded.wiki.gg/wiki/Fell_Fashion
9308	Fell Thunderbrute Greatsword	堕落雷霆蛮兽巨剑	Two-handed Greatsword				The great Fell Thunderbrute Greatsword - shrunken for your convenience.	https://enshrouded.wiki.gg/wiki/Fell_Thunderbrute_Greatsword
8760	Fern Pot	蕨类花盆	Furniture	Common		Lunar New Year Flower Pots	A lovely pot of flowers to beautify your world.	https://enshrouded.wiki.gg/wiki/Fern_Pot
4833	Fern Pot (Square)	蕨类花盆（方形）	Furniture	Common			A lovely pot of flowers to beautify your world.	https://enshrouded.wiki.gg/wiki/Fern_Pot_(Square)
9309	Fine Copperblade Greatsword	精制铜刃巨剑	Two-handed Greatsword				XXX	https://enshrouded.wiki.gg/wiki/Fine_Copperblade_Greatsword
8429	Fine Hardwood Fence	精制硬木围栏	Furniture	Common		Fences	A decorative object to design and beautify your home.	https://enshrouded.wiki.gg/wiki/Fine_Hardwood_Fence
8428	Fine Hardwood Fence Pole	精制硬木围栏柱	Furniture	Common		Fences	A decorative object to design and beautify your home.	https://enshrouded.wiki.gg/wiki/Fine_Hardwood_Fence_Pole
8430	Fine Hardwood Handrail	精制硬木扶手	Furniture	Common		Fences	A decorative object to design and beautify your home.	https://enshrouded.wiki.gg/wiki/Fine_Hardwood_Handrail
8426	Fine Stone Fence	精制石围栏	Furniture	Common		Fences	A decorative object to design and beautify your home.	https://enshrouded.wiki.gg/wiki/Fine_Stone_Fence
8425	Fine Stone Fence Pole	精制石围栏柱	Furniture	Common		Fences	A decorative object to design and beautify your home.	https://enshrouded.wiki.gg/wiki/Fine_Stone_Fence_Pole
8427	Fine Stone Handrail	精制石扶手	Furniture	Common		Fences	A decorative object to design and beautify your home.	https://enshrouded.wiki.gg/wiki/Fine_Stone_Handrail
10239	Fine Wooden Fence	精制木围栏	Furniture	Common		Fences	A decorative object to design and beautify your home.	https://enshrouded.wiki.gg/wiki/Fine_Wooden_Fence
10241	Fine Wooden Fence Pole	精制木围栏柱	Furniture	Common		Fences	A decorative object to design and beautify your home.	https://enshrouded.wiki.gg/wiki/Fine_Wooden_Fence_Pole
3184	Fire Bowl	火盆	Furniture	Common		Clutter	A decorative object to design and beautify your home.|Type=Furniture|Rarity=Common|Stack Size=50}}  == Crafting == {{Crafting	https://enshrouded.wiki.gg/wiki/Fire_Bowl
2081	Firefly Chandelier	萤火虫吊灯	Comfort	Common		Illumination	An illumination item that can be placed in your home.	https://enshrouded.wiki.gg/wiki/Firefly_Chandelier
2075	Firefly Lamp	萤火虫灯	Comfort	Common		Illumination	An illumination item that can be placed in your home.	https://enshrouded.wiki.gg/wiki/Firefly_Lamp
2078	Firefly Standing Lamp	萤火虫落地灯	Comfort	Common		Illumination	An illumination item that can be placed in your home.	https://enshrouded.wiki.gg/wiki/Firefly_Standing_Lamp
2085	Firefly Wall Lamp	萤火虫壁灯	Comfort	Common		Illumination	An illumination item that can be placed in your home.	https://enshrouded.wiki.gg/wiki/Firefly_Wall_Lamp
2068	Fireplace	壁炉	Furniture	Common		Fireplaces	A fireplace that will provide warmth once placed in your home. It's simple, but sufficient for cooking one - ingredient meals and gaining the Rested buff	https://enshrouded.wiki.gg/wiki/Fireplace
1373	Fireplaces	壁炉					Fireplaces that will provide ample warmth.	https://enshrouded.wiki.gg/wiki/Fireplaces
8713	Fish Drying Rack	晒鱼架	Furniture	Common		Miscellaneous	A decorative object to design and beautify your home.	https://enshrouded.wiki.gg/wiki/Fish_Drying_Rack
9075	Fish Trophy Board	鱼类战利品展示板	Furniture	Common		Collections	A wall-mounted board that lets you display all your fishing achievements.	https://enshrouded.wiki.gg/wiki/Fish_Trophy_Board
8839	Flag Pole I	旗杆 I	Furniture	Common		Miscellaneous	A decorative object to design and beautify your home.	https://enshrouded.wiki.gg/wiki/Flag_Pole_I
8840	Flag Pole II	旗杆 II	Furniture	Common		Miscellaneous	A decorative object to design and beautify your home.	https://enshrouded.wiki.gg/wiki/Flag_Pole_II
8841	Flag Pole III	旗杆 III	Furniture	Common		Miscellaneous	A decorative object to design and beautify your home.	https://enshrouded.wiki.gg/wiki/Flag_Pole_III
8842	Flag Pole IV	旗杆 IV	Furniture	Common		Miscellaneous	A decorative object to design and beautify your home.	https://enshrouded.wiki.gg/wiki/Flag_Pole_IV
8843	Flag Pole V	旗杆 V	Furniture	Common		Miscellaneous	A decorative object to design and beautify your home.	https://enshrouded.wiki.gg/wiki/Flag_Pole_V
8844	Flag Pole VI	旗杆 VI	Furniture	Common		Miscellaneous	A decorative object to design and beautify your home.	https://enshrouded.wiki.gg/wiki/Flag_Pole_VI
3810	Flail Of Misery	苦难连枷	Two-handed Club			Two-handed Clubs	A stout flail that swings from dusk till dawn.	https://enshrouded.wiki.gg/wiki/Flail_Of_Misery
85	Flame Altar	灵火祭坛、火焰祭坛	Flame Altar	Rare		Workshops/Essentials	Place this Flame Altar above the Shroud to mark your home. Build inside the marked area around the Flame Altar.	https://enshrouded.wiki.gg/wiki/Flame_Altar
9080	Flame Mosaic Piece I	火焰马赛克碎片 I		Collectible		Flame Mosaic	A small part of a shattered Flame mosaic. Perhaps you can piece it together if you find all the shards!<br><br>This Collectible is found in the Albaneve Summits. The full collection includes 8 pieces. They can be reassembled into a mosaic inside a Flame Mosaic Showcase. The showcase must be placed on a wall.	https://enshrouded.wiki.gg/wiki/Flame_Mosaic_Piece_I
9079	Flame Mosaic Piece II	火焰马赛克碎片 II		Collectible		Flame Mosaic	A small part of a shattered Flame mosaic. Perhaps you can piece it together if you find all the shards!<br><br>This Collectible is found in the Albaneve Summits. The full collection includes 8 pieces. They can be reassembled into a mosaic inside a Flame Mosaic Showcase. The showcase must be placed on a wall.	https://enshrouded.wiki.gg/wiki/Flame_Mosaic_Piece_II
9077	Flame Mosaic Piece III	火焰马赛克碎片 III		Collectible		Flame Mosaic	A small part of a shattered Flame mosaic. Perhaps you can piece it together if you find all the shards!<br><br>This Collectible is found in the Albaneve Summits. The full collection includes 8 pieces. They can be reassembled into a mosaic inside a Flame Mosaic Showcase. The showcase must be placed on a wall.	https://enshrouded.wiki.gg/wiki/Flame_Mosaic_Piece_III
9085	Flame Mosaic Piece IV	火焰马赛克碎片 IV		Collectible		Flame Mosaic	A small part of a shattered Flame mosaic. Perhaps you can piece it together if you find all the shards!<br><br>This Collectible is found in the Albaneve Summits. The full collection includes 8 pieces. They can be reassembled into a mosaic inside a Flame Mosaic Showcase. The showcase must be placed on a wall.	https://enshrouded.wiki.gg/wiki/Flame_Mosaic_Piece_IV
9081	Flame Mosaic Piece V	火焰马赛克碎片 V		Collectible		Flame Mosaic	A small part of a shattered Flame mosaic. Perhaps you can piece it together if you find all the shards!<br><br>This Collectible is found in the Albaneve Summits. The full collection includes 8 pieces. They can be reassembled into a mosaic inside a Flame Mosaic Showcase. The showcase must be placed on a wall.	https://enshrouded.wiki.gg/wiki/Flame_Mosaic_Piece_V
9082	Flame Mosaic Piece VI	火焰马赛克碎片 VI		Collectible		Flame Mosaic	A small part of a shattered Flame mosaic. Perhaps you can piece it together if you find all the shards!<br><br>This Collectible is found in the Albaneve Summits. The full collection includes 8 pieces. They can be reassembled into a mosaic inside a Flame Mosaic Showcase. The showcase must be placed on a wall.	https://enshrouded.wiki.gg/wiki/Flame_Mosaic_Piece_VI
9083	Flame Mosaic Piece VII	火焰马赛克碎片 VII		Collectible		Flame Mosaic	A small part of a shattered Flame mosaic. Perhaps you can piece it together if you find all the shards!<br><br>This Collectible is found in the Albaneve Summits. The full collection includes 8 pieces. They can be reassembled into a mosaic inside a Flame Mosaic Showcase. The showcase must be placed on a wall.	https://enshrouded.wiki.gg/wiki/Flame_Mosaic_Piece_VII
9084	Flame Mosaic Piece VIII	火焰马赛克碎片 VIII		Collectible		Flame Mosaic	A small part of a shattered Flame mosaic. Perhaps you can piece it together if you find all the shards!<br><br>This Collectible is found in the Albaneve Summits. The full collection includes 8 pieces. They can be reassembled into a mosaic inside a Flame Mosaic Showcase. The showcase must be placed on a wall.	https://enshrouded.wiki.gg/wiki/Flame_Mosaic_Piece_VIII
5597	Flame Mosaic Showcase	火焰马赛克展示柜	Furniture	Common		Collections	A useful frame that can hold the pieces to a Flame mosaic. It must be placed on the ground.	https://enshrouded.wiki.gg/wiki/Flame_Mosaic_Showcase
10289	Flax Plant Pot	亚麻花盆	Furniture	Common		Medium Flower Pots	A lovely pot of flowers to beautify your world.	https://enshrouded.wiki.gg/wiki/Flax_Plant_Pot
6451	Flint	燧石	Generic Item	Common		Dyes	A mix of flint and basalt, with a hint of faded lavender.  This color palette can be made with [[Revelwood]] materials.	https://enshrouded.wiki.gg/wiki/Flint
8717	Floor Drain	地面排水口	Furniture	Common		Water Utilities	This drain will remove any water above it. Can be placed on the floor.	https://enshrouded.wiki.gg/wiki/Floor_Drain
2530	Flower Snake	花蛇	Comfort	Common		Paintings	A decorative object to design and beautify your home.	https://enshrouded.wiki.gg/wiki/Flower_Snake
2533	Flower Vase	花瓶	Comfort	Common		Paintings	A decorative object to design and beautify your home.	https://enshrouded.wiki.gg/wiki/Flower_Vase
10304	Flower Wreath	花环	Furniture	Common		Miscellaneous	A decorative object to design and beautify your home.	https://enshrouded.wiki.gg/wiki/Flower_Wreath
3483	Flute	长笛	Tools	Common		Musical Instruments	A flute carved bone. You can use it to make music.	https://enshrouded.wiki.gg/wiki/Flute
8577	Food Plate	食物盘	Furniture	Common		Collections	A wooden plate to display cooked food on a table.	https://enshrouded.wiki.gg/wiki/Food_Plate
9307	Fool's Demise	愚者之亡	Two-handed Greatsword				"A voice reverberates through your bone marrow each time you grip the greatsword's handle. <i>""King of fools, hear your fate foretold: Your skull shall shatter, and from within the hollow dome, you will gaze up through eyes rolled inwards at your soul; an incandescent fountain, spouting from the cracks.""</i>"	https://enshrouded.wiki.gg/wiki/Fool's_Demise
7878	Fool's Errand	愚者差事	Two-handed Greatsword				"You hear a faint whisper in the back of your head; unified in word, but spoken from a dozen tongues. A ghostly choir pleads with you. <i>""Descending these dungeons is a fool's errand, can't you see? Turn back while you still can.""</i>"	https://enshrouded.wiki.gg/wiki/Fool's_Errand
495	Forge	锻造炉	Furniture	Rare		Production Places	A workplace that will enable new crafting possibilities for the Blacksmith	https://enshrouded.wiki.gg/wiki/Forge
6452	Forgotten Library	被遗忘的图书馆	Generic Item	Common		Dyes	The warm and dusty green hues remind you of old leather-bound books with frayed and copper clasps.  This color palette can be made with [[Nomad Highlands]] materials.	https://enshrouded.wiki.gg/wiki/Forgotten_Library
10517	Forked Tongue	叉状舌					| Type=	https://enshrouded.wiki.gg/wiki/Forked_Tongue
6699	Fossil Showcase (2 Medium Slots)	化石展示柜（2个中型槽位）	Furniture	Common		Showcases/Collections	This is a showcase for Fossil Collection Items usually found in quarries, material veins, or dig sites.	https://enshrouded.wiki.gg/wiki/Fossil_Showcase_(2_Medium_Slots)
6698	Fossil Showcase (2 Small Slots)	化石展示柜（2个小型槽位）	Furniture	Common		Showcases/Collections	This is a showcase for Fossil Collection Items usually found in quarries, material veins, or dig sites.	https://enshrouded.wiki.gg/wiki/Fossil_Showcase_(2_Small_Slots)
6700	Fossil Showcase (3 Small and 2 Medium Slots)	化石展示柜（3个小型和2个中型槽位）	Furniture	Common		Showcases/Collections	This is a showcase for Fossil Collection Items usually found in quarries, material veins, or dig sites.	https://enshrouded.wiki.gg/wiki/Fossil_Showcase_(3_Small_and_2_Medium_Slots)
6696	Fossil Showcase (3 Small Slots)	化石展示柜（3个小型槽位）	Furniture	Common		Showcases/Collections	This is a showcase for Fossil Collection Items usually found in quarries, material veins, or dig sites.	https://enshrouded.wiki.gg/wiki/Fossil_Showcase_(3_Small_Slots)
8547	Frog In The Grass	草丛中的青蛙	Generic Item	Common		Dyes	Muted shades of green help you blend in, almost invisible as you chase little frogs through the grass   This color palette can be made with [[Veilwater Basin]] materials.	https://enshrouded.wiki.gg/wiki/Frog_In_The_Grass
8546	From Dusk Till Dawn	从黄昏到黎明	Generic Item	Common		Dyes	Through the dark night until dawn drapes the ski in golden - yellow and red hues. This color combination would look stunning on a flag too!  This color palette can be made with [[Veilwater Basin]] materials.	https://enshrouded.wiki.gg/wiki/From_Dusk_Till_Dawn
2054	Fur Rug	毛皮地毯	Furniture	Common		Carpets	A decorative object to design and beautify your home.	https://enshrouded.wiki.gg/wiki/Fur_Rug
2058	Furry straw mat	毛绒草席	Furniture	Common		Carpets	A decorative object to design and beautify your home.	https://enshrouded.wiki.gg/wiki/Furry_straw_mat
10283	Gentian Plant Pot	龙胆花盆	Furniture	Common		Medium Flower Pots	A lovely pot of flowers to beautify your world.	https://enshrouded.wiki.gg/wiki/Gentian_Plant_Pot
8850	Giant Hollow Halls Banner	巨型空洞大厅旗帜	Furniture	Common		Banners	A decorative object to design and beautify your home.	https://enshrouded.wiki.gg/wiki/Giant_Hollow_Halls_Banner
8542	Ginger In A Jungle	丛林中的生姜	Generic Item	Common		Dyes	Rich, deep hues of green evoke the jungle and thickets you must navigate. A touch of red is added, like the red ginger flowers that appear here and there, breaking up the sea of green.  This color palette can be made with [[Veilwater Basin]] materials.	https://enshrouded.wiki.gg/wiki/Ginger_In_A_Jungle
10298	Ginger Plant Pot	生姜种植盆	Potted Plant	Common		Large Plant Pots	A potted plant to beautify your home	https://enshrouded.wiki.gg/wiki/Ginger_Plant_Pot
9640	Gleam Root Diving Light	微光根潜水灯	x	Epic			A throwable light that activates upon landing, even underwater. Not as strong as other light sources.	https://enshrouded.wiki.gg/wiki/Gleam_Root_Diving_Light
4958	Goat Feeder	山羊喂食槽	Materials	Common		Animal Furniture	A feeding device that holds Goat food.	https://enshrouded.wiki.gg/wiki/Goat_Feeder
8541	Gold In The Water	水中金	Generic Item	Common		Dyes	Want to look like a gold nuggest resting on the bottom of a lake? With this color palatte, you embody just that - rich, vibrant blues with a hint of sparkling gold.   This color palette can be made with [[Veilwater Basin]] materials.	https://enshrouded.wiki.gg/wiki/Gold_In_The_Water
8504	Golden Ball	金球	Generic Item	Common		Dyes	This palette presents a multitude of yellow tones, vibrant as a polished golden ball or crown carried by a princess.  This color palette can be made with [[Veilwater Basin]] materials.	https://enshrouded.wiki.gg/wiki/Golden_Ball
6459	Golden Leaf	金叶	Generic Item	Common		Dyes	Green and brown with a hint of gold, like raining leaves on a slow day in fall.  This color palette can be made with [[Kindlewastes]] materials.	https://enshrouded.wiki.gg/wiki/Golden_Leaf
8486	Goldlaced Greatsword	金纹大剑	Two-handed Greatsword				An azure gem, curved guard, and gold-patterned edge embellish this sword. All in all, it is both beautiful and deadly.	https://enshrouded.wiki.gg/wiki/Goldlaced_Greatsword
8855	Gormander's War Banner I	戈曼德的战旗 I	Furniture	Common		Banners	A decorative object to design and beautify your home.	https://enshrouded.wiki.gg/wiki/Gormander's_War_Banner_I
8860	Gormander's War Banner II	戈曼德的战旗 II	Furniture	Common		Banners	A decorative object to design and beautify your home.	https://enshrouded.wiki.gg/wiki/Gormander's_War_Banner_II
4613	Granite Fireplace	花岗岩壁炉	Furniture	Common		Fireplaces	A fireplace that will provide warmth once placed in your home.	https://enshrouded.wiki.gg/wiki/Granite_Fireplace
4857	Granite Ornamented Roof Block	花岗岩装饰屋顶块	Roof Materials	Common		Roof Blocks	You can fashion a beautifully detailed, dark roof with this granite roof block.	https://enshrouded.wiki.gg/wiki/Granite_Ornamented_Roof_Block
4305	Granite Shingle Roof Block	花岗岩瓦屋顶块	Roof Materials	Common		Roof Blocks	These granite shingles bring a mountain flair to your cozy homestead.	https://enshrouded.wiki.gg/wiki/Granite_Shingle_Roof_Block
5041	Granite Stone Bathtub	花岗岩浴缸	Furniture	Common		Bathroom	A decorative item that can be placed in any building. Provides comfort, increasing the duration of the rested buff.	https://enshrouded.wiki.gg/wiki/Granite_Stone_Bathtub
5042	Granite Stone Lavatory	花岗岩马桶	Furniture	Common		Bathroom	A decorative item that can be placed in any building. Provides comfort, increasing the duration of the rested buff.	https://enshrouded.wiki.gg/wiki/Granite_Stone_Lavatory
5040	Granite Stone Shower	花岗岩淋浴间	Furniture	Common		Bathroom	A decorative item that can be placed in any building. Provides comfort, increasing the duration of the rested buff.	https://enshrouded.wiki.gg/wiki/Granite_Stone_Shower
5039	Granite Stone Sink	花岗岩水槽	Furniture	Common		Bathroom	A decorative item that can be placed in any building. Provides comfort, increasing the duration of the rested buff.	https://enshrouded.wiki.gg/wiki/Granite_Stone_Sink
5033	Granite Throne	花岗岩王座	Furniture	Common		Chairs	A decorative item that can be placed in any building. Provides comfort, increasing the duration of the rested buff.	https://enshrouded.wiki.gg/wiki/Granite_Throne
6959	Granite Window Frame	花岗岩窗框	Furniture	Common		Windows	A decorative object to design and beautify your home.	https://enshrouded.wiki.gg/wiki/Granite_Window_Frame
10285	Grapple Plant Flower Pot	攀藤植物花盆	Furniture	Common		Medium Flower Pots	A lovely pot of flowers to beautify your world.	https://enshrouded.wiki.gg/wiki/Grapple_Plant_Flower_Pot
1864	Grappling Hook Pull Anchor	抓钩牵引锚	Furniture	Common		Grappling Hook Anchors	Add this pull anchor to your buildings to pull yourself forward and onto other platforms. Requires a Grappling Hook to activate.	https://enshrouded.wiki.gg/wiki/Grappling_Hook_Pull_Anchor
1865	Grappling Hook Swing Anchor	抓钩摆荡锚点	Furniture	Common		Grappling Hook Anchors	Add this swing anchor to your buildings to swing across chasms. Requires a Grappling Hook to activate.	https://enshrouded.wiki.gg/wiki/Grappling_Hook_Swing_Anchor
4832	Grass Pot (Square)	草盆（方形）	Furniture	Common			A lovely pot of flowers to beautify your world.	https://enshrouded.wiki.gg/wiki/Grass_Pot_(Square)
8435	Graveyard Fence	墓地围栏	Furniture	Common		Fences	A decorative object to design and beautify your home.	https://enshrouded.wiki.gg/wiki/Graveyard_Fence
8431	Graveyard Fence Broken I	墓地围栏·破损 I	Furniture	Common		Fences	A decorative object to design and beautify your home.	https://enshrouded.wiki.gg/wiki/Graveyard_Fence_Broken_I
8432	Graveyard Fence Broken II	墓地围栏·破损 II	Furniture	Common		Fences	A decorative object to design and beautify your home.	https://enshrouded.wiki.gg/wiki/Graveyard_Fence_Broken_II
8433	Graveyard Fence Pole	墓地围栏柱	Furniture	Common		Fences	A decorative object to design and beautify your home.	https://enshrouded.wiki.gg/wiki/Graveyard_Fence_Pole
3804	Great Mace	大型钉头锤	Two-handed Club			Two-handed Clubs	Easy to use and quite deadly. The sharp blades on the side allow for easier penetration of armor.	https://enshrouded.wiki.gg/wiki/Great_Mace
3211	Greater Skull Summoning Vessel	强效骷髅召唤容器	Mid-range Weapon	Rare	25	Throwing Weapons	Throw this mystical vessel to temporarily summon a skull companion.| Type= Mid-range Weapon	https://enshrouded.wiki.gg/wiki/Greater_Skull_Summoning_Vessel
8804	Greatsword Of Rivalry	宿敌大剑	Two-handed Greatsword				Ace your enemy, one on one, and prove your domination once and for all.	https://enshrouded.wiki.gg/wiki/Greatsword_Of_Rivalry
8845	Green Decorative Box	绿色装饰盒	Furniture	Common		Festive	A decoratively wrapped present box.	https://enshrouded.wiki.gg/wiki/Green_Decorative_Box
9849	Green Rocket	绿色烟花火箭	Consumables	Common			These fireworks were brought to you by the wonders of alchemy!	https://enshrouded.wiki.gg/wiki/Green_Rocket
6460	Green-Winged Orchid	绿翼兰花	Generic Item	Common		Dyes	This color palette's combination of light green and vibrant purple takes inspiration from extinct orchids.  This color palette can be made with [[Kindlewastes]] materials.	https://enshrouded.wiki.gg/wiki/Green-Winged_Orchid
942	Grinding Stones		Furniture	Rare		Production Places	A simple setup for basic grinding work. Especially good for hard ingredients.	https://enshrouded.wiki.gg/wiki/Grinding_Stones
10357	Ground Lantern I		Construction Tools	Common		Illumination	An illumination item that can be placed in your home. Provides comfort, increasing the duration of the Rested Buff.	https://enshrouded.wiki.gg/wiki/Ground_Lantern_I
10358	Ground Lantern II		Construction Tools	Common		Illumination	An illumination item that can be placed in your home. Provides comfort, increasing the duration of the Rested Buff.	https://enshrouded.wiki.gg/wiki/Ground_Lantern_II
8767	Ground Sign		Furniture	Common		Writable Signs	A standing sign that you can write on.	https://enshrouded.wiki.gg/wiki/Ground_Sign
8820	Half Wooden Barrel	半木桶	Furniture	Common		Miscellaneous	A decorative object to beautify your home.	https://enshrouded.wiki.gg/wiki/Half_Wooden_Barrel
3482	Hand Drum	手鼓	Tools	Common		Musical Instruments	A simple percussion instrument used to play music. The little chimes add a nice flair to any song.	https://enshrouded.wiki.gg/wiki/Hand_Drum
421	Hand Spindle	手纺锤	Furniture	Rare		Production Places	An item used by the Hunter to create better strings.	https://enshrouded.wiki.gg/wiki/Hand_Spindle
9119	Handpan	手碟	Tools	Common		Musical Instruments	A hang drum is a hand-played steel instrument whose gentle tones spread like ripples across still water.	https://enshrouded.wiki.gg/wiki/Handpan
7092	Hanfu Ponytail Wig Head	汉服马尾假发头模	Furniture	Rare		Furniture	A wig head that unlocks more haircuts once picked up. It can also be placed in your base as decoration.	https://enshrouded.wiki.gg/wiki/Hanfu_Ponytail_Wig_Head
10362	Hanging Lantern	吊灯	Construction Tools	Common		Illumination	An illumination item that can be placed in your home. Provides comfort, increasing the duration of the Rested Buff.	https://enshrouded.wiki.gg/wiki/Hanging_Lantern
10354	Hanging Silver Chandelier	银制吊式枝形灯	Furniture	Common		Illumination	A decorative object to beautify your home.	https://enshrouded.wiki.gg/wiki/Hanging_Silver_Chandelier
3484	Harp	竖琴	Tools	Common		Musical Instruments	A heavenly harp with silver strings, beloved by common folk and kings alike.	https://enshrouded.wiki.gg/wiki/Harp
8821	Harrow	耙	Furniture	Common		Miscellaneous	A decorative object to beautify your home.	https://enshrouded.wiki.gg/wiki/Harrow
6473	Harvest Festival	丰收节	Generic Item	Common		Dyes	A collection of bright oranges that exhibit a warm and inviting glow.  This color palette can be made with [[Kindlewastes]] materials.	https://enshrouded.wiki.gg/wiki/Harvest_Festival
9415	Heart Pillow	心形枕头	Furniture	Common		Wellness	A soft velvet heart-shaped pillow, bringing not only comfort but a luxurious, elegant look to any space.	https://enshrouded.wiki.gg/wiki/Heart_Pillow
8538	Heart's Desire	心之所愿	Generic Item	Common		Dyes	Burning reds, crimson as a passionate kiss - or the blood of a weeping heart, pierced by a lance  This color palette can be made with [[Veilwater Basin]] materials.	https://enshrouded.wiki.gg/wiki/Heart's_Desire
10300	Heather Flower Pot	石楠花盆栽	Potted Plant	Common		Large Plant Pots	A potted plant to beautify your home	https://enshrouded.wiki.gg/wiki/Heather_Flower_Pot
8404	High Bamboo Window	高竹窗	Furniture	Common		Windows	A decorative object to design and beautify your home.	https://enshrouded.wiki.gg/wiki/High_Bamboo_Window
10342	High Carved Wooden Window Frame	高雕花木窗框	Furniture	Common		Windows	A decorative object to design and beautify your home.	https://enshrouded.wiki.gg/wiki/High_Carved_Wooden_Window_Frame
8514	High Crude Wooden Shelf	高简易木架	Furniture	Common		Shelves	A decorative object to design and beautify your home.	https://enshrouded.wiki.gg/wiki/High_Crude_Wooden_Shelf
5333	High Elegant Armchair	高雅扶手椅	Furniture	Common		Chairs	A decorative item that can be placed in any building. Provides comfort, increasing the duration of the rested buff.	https://enshrouded.wiki.gg/wiki/High_Elegant_Armchair
8403	High Golden Window Frame	高级金窗框	Furniture	Common		Windows	A decorative object to design and beautify your home.	https://enshrouded.wiki.gg/wiki/High_Golden_Window_Frame
10346	High Iron Window Frame I	高级铁窗框 I	Furniture	Common		Windows	A decorative object to design and beautify your home.	https://enshrouded.wiki.gg/wiki/High_Iron_Window_Frame_I
10347	High Iron Window Frame II	高级铁窗框 II	Furniture	Common		Windows	A decorative object to design and beautify your home.	https://enshrouded.wiki.gg/wiki/High_Iron_Window_Frame_II
10344	High Ornamented Stone Window Frame	高级装饰石窗框	Furniture	Common		Windows	A decorative object to design and beautify your home.	https://enshrouded.wiki.gg/wiki/High_Ornamented_Stone_Window_Frame
8436	High Paling Fence I	高尖桩栅栏 I	Furniture	Common		Fences	A decorative object to design and beautify your home.	https://enshrouded.wiki.gg/wiki/High_Paling_Fence_I
8437	High Paling Fence II	高尖桩栅栏 II	Furniture	Common		Fences	A decorative object to design and beautify your home.	https://enshrouded.wiki.gg/wiki/High_Paling_Fence_II
8438	High Paling Fence III	高尖桩栅栏 III	Furniture	Common		Fences	A decorative object to design and beautify your home.	https://enshrouded.wiki.gg/wiki/High_Paling_Fence_III
10343	High Polished Window Frame	高级抛光窗框	Furniture	Common		Windows	A decorative object to design and beautify your home.	https://enshrouded.wiki.gg/wiki/High_Polished_Window_Frame
6694	Hollow Halls Showcase (1 Large Slot)	空洞大厅展示柜（1个大槽位）	Furniture	Common		Showcases	This is a showcase for Hollow Artifact Collection Items usually found in the Hollow Halls	https://enshrouded.wiki.gg/wiki/Hollow_Halls_Showcase_(1_Large_Slot)
6692	Hollow Halls Showcase (2 Medium Slots)	空洞大厅展示柜（2个中槽位）	Furniture	Common		Showcases	This is a showcase for Hollow Artifact Collection Items usually found in the Hollow Halls	https://enshrouded.wiki.gg/wiki/Hollow_Halls_Showcase_(2_Medium_Slots)
6691	Hollow Halls Showcase (2 Small Slots)	空洞大厅展示柜（2个小槽位）	Furniture	Common		Showcases	This is a showcase for Hollow Artifact Collection Items usually found in the Hollow Halls	https://enshrouded.wiki.gg/wiki/Hollow_Halls_Showcase_(2_Small_Slots)
6693	Hollow Halls Showcase (3 Small and 2 Medium Slots)	空洞大厅展示柜（3个小槽位和2个中槽位）	Furniture	Common		Showcases	This is a showcase for Hollow Artifact Collection Items usually found in the Hollow Halls	https://enshrouded.wiki.gg/wiki/Hollow_Halls_Showcase_(3_Small_and_2_Medium_Slots)
6690	Hollow Halls Showcase (3 Small Slots)	空洞大厅展示柜（3个小槽位）	Furniture	Common		Showcases	This is a showcase for Hollow Artifact Collection Items usually found in the Hollow Halls	https://enshrouded.wiki.gg/wiki/Hollow_Halls_Showcase_(3_Small_Slots)
8884	Hollow's Eve Banner	鬼节旗帜	Furniture	Common		Banners	A decorative object to design and beautify your home.	https://enshrouded.wiki.gg/wiki/Hollow's_Eve_Banner
8535	Holly and Berry	冬青与浆果	Generic Item	Common		Dyes	This color palette is energetic and festive, evoking lush foliage and joyful celebrations  This color palette can be made with [[Veilwater Basin]] materials.	https://enshrouded.wiki.gg/wiki/Holly_and_Berry
8534	Homage To Drak Slurp	致敬德拉克斯鲁普	Generic Item	Common		Dyes	A bright green color palette, reminiscent of algae, shrubbery, and Drak cuisine   This color palette can be made with [[Veilwater Basin]] materials.	https://enshrouded.wiki.gg/wiki/Homage_To_Drak_Slurp
4959	Hophare Feeder	跳兔喂食器	Materials	Common		Animal Furniture	A feeding device that holds Hophare food.	https://enshrouded.wiki.gg/wiki/Hophare_Feeder
8861	Horizontal Banner I	横幅 I	Furniture	Common		Banners	A decorative object to design and beautify your home.	https://enshrouded.wiki.gg/wiki/Horizontal_Banner_I
8863	Horizontal Banner II	横幅 II	Furniture	Common		Banners	A decorative object to design and beautify your home.	https://enshrouded.wiki.gg/wiki/Horizontal_Banner_II
518	Huge Chest	巨型箱子	Equipment	Common		Storage	A big and heavy chest that offers fantastic storage space for countless items.	https://enshrouded.wiki.gg/wiki/Huge_Chest
3671	Huge Crypt Door	巨型墓穴门	Doors	Common		Doors	A decorative object to design and beautify your home.	https://enshrouded.wiki.gg/wiki/Huge_Crypt_Door
522	Huge Magic Chest	巨型魔法箱	Equipment	Common		Storage	A big and heavy chest that offers fantastic storage space for countless items.	https://enshrouded.wiki.gg/wiki/Huge_Magic_Chest
10518	Ice Beam Wand	冰光束魔杖					| Type=	https://enshrouded.wiki.gg/wiki/Ice_Beam_Wand
6475	Icy Brook	冰冷溪流	Generic Item	Common		Dyes	An arrangement of cool grays and blues, reminiscent of an icy brook on a cloudy day.  This color palette can be made with [[Revelwood]] materials.	https://enshrouded.wiki.gg/wiki/Icy_Brook
744	Illumination	照明					An illumination item that can be placed in your home.	https://enshrouded.wiki.gg/wiki/Illumination
7951	Improved Fishing Rod	改进钓竿		Rare		Fishing Rods	A stronger rod, which makes it easier to reel in a fish and you can also endure the fight longer.	https://enshrouded.wiki.gg/wiki/Improved_Fishing_Rod
8934	Improved Millstone	改进磨盘	Furniture	Common		Tools and Components	This stone serves as the centerpiece of a mill.	https://enshrouded.wiki.gg/wiki/Improved_Millstone
1420	Improved Water Well	改进水井	Furniture	Rare		Production Places	This well is deep enough to tap into the most hidden water reservoirs. It was improved and can reach the groundwater quicker.	https://enshrouded.wiki.gg/wiki/Improved_Water_Well
4382	Incendiary Ball	燃烧弹	Weapon	Rare	35	Throwing Weapons	This bomb contains a highly flammable liquid, setting a large area on fire when deployed	https://enshrouded.wiki.gg/wiki/Incendiary_Ball
10303	Indigo Plant Pot	靛蓝花盆	Potted Plant	Common		Large Plant Pots	A potted plant to beautify your home	https://enshrouded.wiki.gg/wiki/Indigo_Plant_Pot
8578	Instrument Holder	乐器架	Furniture	Common		Collections	An object that allows you to display your instruments.	https://enshrouded.wiki.gg/wiki/Instrument_Holder
8579	Instrument Stand	乐器支架	Furniture	Common		Collections	An object that allows you to display your instruments.	https://enshrouded.wiki.gg/wiki/Instrument_Stand
3143	Iron Adorned Round Door	铁饰圆门	Doors	Common		Doors	A decorative object to design and beautify your home.|Type=Doors|Rarity=Common|Stack Size=50}}  ---  == Crafting == {{Crafting	https://enshrouded.wiki.gg/wiki/Iron_Adorned_Round_Door
2048	Iron Bench	铁长凳	Furniture	Common		Benches	A decorative item that can be placed in any building. Provides comfort, increasing the duration of the rested buff.	https://enshrouded.wiki.gg/wiki/Iron_Bench
1968	Iron Bucket	铁桶	Furniture	Common		Miscellaneous	A decorative object to design and beautify your home.	https://enshrouded.wiki.gg/wiki/Iron_Bucket
2097	Iron Chandelier	铁吊灯	Comfort	Common		Illumination	An illumination item that can be placed in your home.	https://enshrouded.wiki.gg/wiki/Iron_Chandelier
3225	Iron Crypt Brazier	铁制地穴火盆	Comfort	Common		Illumination	An illumination item that can be placed in your home.|Type=Comfort|Comfort Category=Illumination|Comfort=+ 4|Rarity=Common|Stack Size=50}}  == Crafting == {{Crafting	https://enshrouded.wiki.gg/wiki/Iron_Crypt_Brazier
3224	Iron Crypt Chandelier	铁制地穴吊灯	Comfort	Common		Illumination	An illumination item that can be placed in your home.|Type=Comfort|Comfort Category=Illumination|Comfort=+ 4|Rarity=Common|Stack Size=50}}  == Crafting == {{Crafting	https://enshrouded.wiki.gg/wiki/Iron_Crypt_Chandelier
3223	Iron Crypt Wall Torch	铁制地穴壁炬	Comfort	Common		Illumination	An illumination item that can be placed in your home.|Type=Comfort|Comfort Category=Illumination|Comfort=+ 4|Rarity=Common|Stack Size=50}}  == Crafting == {{Crafting	https://enshrouded.wiki.gg/wiki/Iron_Crypt_Wall_Torch
1925	Iron Door	铁门	Furniture	Common		Doors	A decorative object to design and beautify your home.	https://enshrouded.wiki.gg/wiki/Iron_Door
1926	Iron Double Door	铁双开门	Furniture	Common		Doors	A decorative object to design and beautify your home.	https://enshrouded.wiki.gg/wiki/Iron_Double_Door
1963	Iron Fence	铁栅栏	Furniture	Common		Fences	A decorative object to design and beautify your home.	https://enshrouded.wiki.gg/wiki/Iron_Fence
5043	Iron Fireplace		Furniture	Common		Fireplaces	A fireplace that will provide warmth once placed in your home.	https://enshrouded.wiki.gg/wiki/Iron_Fireplace
8714	Iron Floor Drain		Furniture	Common		Water Utilities	This drain will remove any water above it. Can be placed on the floor.	https://enshrouded.wiki.gg/wiki/Iron_Floor_Drain
3160	Iron Grate		Furniture	Common		Miscellaneous	A decorative object to design and beautify your home.|Type=Furniture|Rarity=Common|Stack Size=50}}  == Crafting == {{Crafting	https://enshrouded.wiki.gg/wiki/Iron_Grate
10351	Iron Prison Door		Furniture	Common		Doors	A decorative object to beautify your home.	https://enshrouded.wiki.gg/wiki/Iron_Prison_Door
10350	Iron Prison Double Door		Furniture	Common		Doors	A decorative object to beautify your home.	https://enshrouded.wiki.gg/wiki/Iron_Prison_Double_Door
8715	Iron Wall Drain	铁制墙壁排水管	Furniture	Common		Water Utilities	This drain will remove any water above it. Can be placed on the wall.	https://enshrouded.wiki.gg/wiki/Iron_Wall_Drain
10356	Iron Wall Torch	铁制壁装火把	Furniture	Common		Illumination	An illumination item that can be placed in your home. Provides comfort, increasing the duration of the Rested Buff.	https://enshrouded.wiki.gg/wiki/Iron_Wall_Torch
1939	Iron Window Frame	铁制窗框	Furniture	Common		Windows	A decorative object to design and beautify your home.	https://enshrouded.wiki.gg/wiki/Iron_Window_Frame
9310	Ironheart Greatsword	铁心巨剑	Two-handed Greatsword				An iron core lies hidden inside the blade's casing, peeking out from the silver curtains on the blade's flat.	https://enshrouded.wiki.gg/wiki/Ironheart_Greatsword
9053	Irrigation Gate Large	大型灌溉闸门	Furniture	Common		Water Utilities	This gate can be lowered or raised to control the water flow around it. It's perfect for gardeners who want an efficient way to water their plants!	https://enshrouded.wiki.gg/wiki/Irrigation_Gate_Large
9052	Irrigation Gate Small	小型灌溉闸门	Furniture	Common		Water Utilities	This gate can be lowered or raised to control the water flow around it. It's perfect for gardeners who want an efficient way to water their plants!	https://enshrouded.wiki.gg/wiki/Irrigation_Gate_Small
5309	Ivy	常春藤	Overgrowth Material	Common	5	Overgrowth Materials/Crafting Materials	Use the Overgrowth Tool to apply this to structures in your base.	https://enshrouded.wiki.gg/wiki/Ivy
3182	Jewelry Box	珠宝盒	Furniture	Common		Clutter	A decorative object to design and beautify your home.|Type=Furniture|Rarity=Common|Stack Size=50}}  == Crafting == {{Crafting	https://enshrouded.wiki.gg/wiki/Jewelry_Box
8867	Jezmina's War Banner I	杰兹米纳的战旗 I	Furniture	Common		Banners	A decorative object to design and beautify your home.	https://enshrouded.wiki.gg/wiki/Jezmina's_War_Banner_I
8872	Jezmina's War Banner II	杰兹米纳的战旗 II	Furniture	Common		Banners	A decorative object to design and beautify your home.	https://enshrouded.wiki.gg/wiki/Jezmina's_War_Banner_II
431	Kettle	水壶	Furniture	Common		Tools and Components	A metal Kettle which can be suspended over a Fireplace	https://enshrouded.wiki.gg/wiki/Kettle
2669	Key to The Pike	尖塔之钥	Tools	Rare		Keys	"Opens all doors in ""The Pike"", castle within Pikemead's Reach."	https://enshrouded.wiki.gg/wiki/Key_to_The_Pike
248	Kiln	窑	Furniture	Rare		Production Places	A crude industrial oven for sintering and heating.	https://enshrouded.wiki.gg/wiki/Kiln
3090	Kindlewastes Bone Key	燃烬荒原骨钥匙	Tools	Epic		Keys	Opens doors in the Kindlewastes Hollow Halls.	https://enshrouded.wiki.gg/wiki/Kindlewastes_Bone_Key
6476	Kingmaker	造王者	Generic Item	Common		Dyes	Life isn't always black and white. Sometimes, power demands sacrifice.  This color palette can be made with [[Albaneve Summits]] materials.	https://enshrouded.wiki.gg/wiki/Kingmaker
3488	Kingsize Bed	特大号床	Furniture	Common		Beds	A decorative item that can be placed in any building. Provides comfort, increasing the duration of the rested buff.	https://enshrouded.wiki.gg/wiki/Kingsize_Bed
10189	Kitchen	厨房	Furniture	Rare		Production Places	With the farmer’s guidance, you can prepare refined meals at this kitchen station.	https://enshrouded.wiki.gg/wiki/Kitchen
409	Laboratory	实验室	Furniture	Rare		Production Places	An assortment of fine instruments and tools to enhance the options of an Alchemist.	https://enshrouded.wiki.gg/wiki/Laboratory
2093	Lamp	灯	Comfort	Common		Illumination	An illumination item that can be placed in your home.	https://enshrouded.wiki.gg/wiki/Lamp
2094	Lantern	提灯	Comfort	Common		Illumination	An illumination item that can be placed in your home.	https://enshrouded.wiki.gg/wiki/Lantern
8780	Lantern Garden Gnome	提灯花园地精	Furniture	Common		Garden Gnomes	A decorative object to design and beautify your home.	https://enshrouded.wiki.gg/wiki/Lantern_Garden_Gnome
5048	Large Albaneve Summits Brazier	大型阿尔巴内夫群峰火盆	Furniture	Common		Fireplaces	A decorative Item, which will provide warmth and illumination in its proximity.	https://enshrouded.wiki.gg/wiki/Large_Albaneve_Summits_Brazier
8701	Large Bamboo Crate	大竹条板箱	Furniture	Common		Miscellaneous	A decorative object to beautify your home.	https://enshrouded.wiki.gg/wiki/Large_Bamboo_Crate
5025	Large Boreal Wood Bed	大型北方木床	Furniture	Common		Beds	A decorative item that can be placed in any building. Provides comfort, increasing the duration of the rested buff.	https://enshrouded.wiki.gg/wiki/Large_Boreal_Wood_Bed
8522	Large Boreal Wood Cabinet	大型北方木柜	Furniture	Common		Shelves	A decorative object to design and beautify your home.	https://enshrouded.wiki.gg/wiki/Large_Boreal_Wood_Cabinet
8516	Large Boreal Wood Cupboard	大型北方木碗柜	Furniture	Common		Cupboards	A decorative object to beautify your home.	https://enshrouded.wiki.gg/wiki/Large_Boreal_Wood_Cupboard
10301	Large Cactus Plant Pot	大型仙人掌花盆	Potted Plant	Common		Large Plant Pots	A potted plant to beautify your home	https://enshrouded.wiki.gg/wiki/Large_Cactus_Plant_Pot
1983	Large Carved Wooden Cabinet	大型雕花木柜	Furniture	Common		Shelves	A decorative object to design and beautify your home.	https://enshrouded.wiki.gg/wiki/Large_Carved_Wooden_Cabinet
8939	Large Castle Table	大型城堡桌	Furniture	Common		Tables	A decorative item that can be placed in any building. Provides comfort, increasing the duration of the rested buff.	https://enshrouded.wiki.gg/wiki/Large_Castle_Table
514	Large Chest	大箱子	Equipment	Common		Storage	A larger storage opportunity for bulk items.	https://enshrouded.wiki.gg/wiki/Large_Chest
3167	Large Crypt Cabinet	大型地穴柜	Furniture	Common		Shelves	Decorative object to beautify your home.	https://enshrouded.wiki.gg/wiki/Large_Crypt_Cabinet
8558	Large Crypt Coffin I	大型地穴棺材 I	Furniture	Common		Cemetery	A decorative object to design and beautify your home.	https://enshrouded.wiki.gg/wiki/Large_Crypt_Coffin_I
8559	Large Crypt Coffin II	大型地穴棺材 II	Furniture	Common		Cemetery	A decorative object to design and beautify your home.	https://enshrouded.wiki.gg/wiki/Large_Crypt_Coffin_II
8560	Large Crypt Coffin Lid	大型地穴棺材盖	Furniture	Common		Cemetery	A decorative object to design and beautify your home.	https://enshrouded.wiki.gg/wiki/Large_Crypt_Coffin_Lid
3164	Large Crypt Cupboard	大型地穴碗柜	Furniture	Common		Cupboards	Decorative object to beautify your home.|Type=Furniture|Rarity=Common|Stack Size=50}}  ==Obtaining== The recipe is unlocked by obtaining {{item+iconright|Ectoplasm Gem}} for the first time. It is then crafted by the [[Collector]].  [[Category:Cupboards]]  == Crafting == {{Crafting	https://enshrouded.wiki.gg/wiki/Large_Crypt_Cupboard
3670	Large Crypt Door	大型地穴门	Doors	Common		Doors	A decorative object to design and beautify your home.	https://enshrouded.wiki.gg/wiki/Large_Crypt_Door
8561	Large Crypt Mausoleum	大型地穴陵墓	Furniture	Common		Cemetery	A decorative object to design and beautify your home.	https://enshrouded.wiki.gg/wiki/Large_Crypt_Mausoleum
3162	Large Crypt Sideboard	大型地穴餐边柜	Furniture	Common		Cupboards	Decorative object to beautify your home.|Type=Furniture|Rarity=Common|Stack Size=50}}  ==Obtaining== The recipe is unlocked by obtaining {{item+iconright|Ectoplasm Gem}} for the first time. It is then crafted by the [[Collector]].  [[Category:Cupboards]]  == Crafting == {{Crafting	https://enshrouded.wiki.gg/wiki/Large_Crypt_Sideboard
3173	Large Crypt Table	大型地穴桌	Furniture	Common		Tables	A decorative item that can be placed in any building. Provides comfort, increasing the duration of the rested buff.|Type=Furniture|Comfort Category=Tables|Comfort=+ 3|Rarity=Common|Stack Size=50}}  ==Obtaining== The recipe is unlocked by obtaining {{item+iconright|Ectoplasm Fragment}} for the first time. It is then crafted by the [[Collector]].  [[Category:Tables]]  == Crafting == {{Crafting	https://enshrouded.wiki.gg/wiki/Large_Crypt_Table
10349	Large Drak’Dal Door	大型德拉卡达尔门	Furniture	Common		Doors	A decorative object to beautify your home.	https://enshrouded.wiki.gg/wiki/Large_Drak’Dal_Door
8562	Large Elevated Crypt Coffin I		Furniture	Common		Cemetery	A decorative object to design and beautify your home.	https://enshrouded.wiki.gg/wiki/Large_Elevated_Crypt_Coffin_I
8563	Large Elevated Crypt Coffin II		Furniture	Common		Cemetery	A decorative object to design and beautify your home.	https://enshrouded.wiki.gg/wiki/Large_Elevated_Crypt_Coffin_II
8405	Large Golden Window Frame		Furniture	Common		Windows	A decorative object to design and beautify your home.	https://enshrouded.wiki.gg/wiki/Large_Golden_Window_Frame
3226	Large Iron Crypt Brazier		Comfort	Common		Illumination	An illumination item that can be placed in your home.|Type=Comfort|Comfort Category=Illumination|Comfort=+ 4|Rarity=Common|Stack Size=50}}  == Crafting == {{Crafting	https://enshrouded.wiki.gg/wiki/Large_Iron_Crypt_Brazier
10345	Large Iron Window Frame		Furniture	Common		Windows	A decorative object to design and beautify your home.	https://enshrouded.wiki.gg/wiki/Large_Iron_Window_Frame
521	Large Magic Chest		Equipment	Common		Storage	A larger storage opportunity for bulk items.	https://enshrouded.wiki.gg/wiki/Large_Magic_Chest
1989	Large Palm Wood Cabinet		Furniture	Common		Shelves	A decorative object to design and beautify your home.	https://enshrouded.wiki.gg/wiki/Large_Palm_Wood_Cabinet
1975	Large Palm Wood Cupboard		Furniture	Common		Cupboards	A decorative object to beautify your home.	https://enshrouded.wiki.gg/wiki/Large_Palm_Wood_Cupboard
10292	Large Plant Pot		Potted Plant	Common		Plant Pots	A potted plant to beautify your home.	https://enshrouded.wiki.gg/wiki/Large_Plant_Pot
1987	Large Polished Wooden Cabinet		Furniture	Common		Shelves	A decorative object to design and beautify your home.	https://enshrouded.wiki.gg/wiki/Large_Polished_Wooden_Cabinet
1973	Large Polished Wooden Cupboard		Furniture	Common		Cupboards	A decorative object to beautify your home.	https://enshrouded.wiki.gg/wiki/Large_Polished_Wooden_Cupboard
10366	Large Quick Stack Station		Furniture	Common		Storage	Used to transfer items from your backpack to matching magic chest stacks nearby.	https://enshrouded.wiki.gg/wiki/Large_Quick_Stack_Station
3148	Large Round Carved Window Frame		Furniture	Common		Windows	Decorative object to design and beautify your home.|Type=Furniture|Rarity=Common|Stack Size=50}}  == Crafting == {{Crafting	https://enshrouded.wiki.gg/wiki/Large_Round_Carved_Window_Frame
3152	Large Round Iron Window Frame		Furniture	Common		Windows	Decorative object to design and beautify your home.|Type=Furniture|Rarity=Common|Stack Size=50}}  == Crafting == {{Crafting	https://enshrouded.wiki.gg/wiki/Large_Round_Iron_Window_Frame
3150	Large Round Polished Window Frame		Furniture	Common		Windows	Decorative object to design and beautify your home.|Type=Furniture|Rarity=Common|Stack Size=50}}  == Obtaining == The recipe is unlocked by accepting {{quest+the|Table Saw For The Carpenter}}.  It is then crafted at the [[Carpenter]].  [[Category:Windows]][[Category:Hollow Halls Update]]  == Crafting == {{Crafting	https://enshrouded.wiki.gg/wiki/Large_Round_Polished_Window_Frame
6963	Large Round Steel Window Frame		Furniture	Common		Windows	A decorative object to design and beautify your home.	https://enshrouded.wiki.gg/wiki/Large_Round_Steel_Window_Frame
3154	Large Round Stone Window Frame		Furniture	Common		Windows	Decorative object  to design and beautify your home.|Type=Furniture|Rarity=Common|Stack Size=50}}  == Crafting == {{Crafting	https://enshrouded.wiki.gg/wiki/Large_Round_Stone_Window_Frame
3146	Large Round Wooden Window Frame		Furniture	Common		Windows	Decorative objects to design and beautify your home.|Type=Furniture|Rarity=Common|Stack Size=50}}  == Obtaining == The recipe is unlocked by reaching level 5. It is then crafted at the [[Workbench]].  [[Category:Windows]][[Category:Hollow Halls Update]]  == Crafting == {{Crafting	https://enshrouded.wiki.gg/wiki/Large_Round_Wooden_Window_Frame
8791	Large Salon Mirror		Furniture	Common		Basic Decoration	A decorative object to design and beautify your home.	https://enshrouded.wiki.gg/wiki/Large_Salon_Mirror
10364	Large Silver Brazier		Hearth	Common		Fireplaces	An illumination item that can be placed in your home. Provides comfort, increasing the duration of the Rested Buff.	https://enshrouded.wiki.gg/wiki/Large_Silver_Brazier
10338	Large Spiral Stone Stairs		Furniture	Common		Traversal	A decorative object to design and beautify your home.	https://enshrouded.wiki.gg/wiki/Large_Spiral_Stone_Stairs
8908	Large Stone Arc		Furniture	Common		Columns And Arcs	A decorative object to beautify your home.	https://enshrouded.wiki.gg/wiki/Large_Stone_Arc
10575	Large Throne Room Brazier		Furniture				A decorative Item, which will provide warmth and illumination in its proximity.	https://enshrouded.wiki.gg/wiki/Large_Throne_Room_Brazier
8944	Large Throneroom Brazier		Furniture	Common		Fireplaces	A decorative item, which will provide warmth and illumination in its proximity. Provides comfort, increasing the duration of the Rested Bonus.	https://enshrouded.wiki.gg/wiki/Large_Throneroom_Brazier
9087	Large Water Wheel		Furniture	Rare		Production Places	A large water Wheel. It Can be placed in water generate force for a mill.<br><br>'''Must be placed near the mill.'''	https://enshrouded.wiki.gg/wiki/Large_Water_Wheel
6477	Lavender Dream		Generic Item	Common		Dyes	Pitch-black like the night that swallows even the calmest of dreamers. The light lilac accents embody the color of lavender tea.  This color palette can be made with [[Albaneve Summits]] materials.	https://enshrouded.wiki.gg/wiki/Lavender_Dream
8676	Leather Bag		Furniture	Common		Miscellaneous	A decorative object to beautify your home.	https://enshrouded.wiki.gg/wiki/Leather_Bag
8677	Leather Crate		Furniture	Common		Miscellaneous	A decorative object to beautify your home.	https://enshrouded.wiki.gg/wiki/Leather_Crate
5611	Left Cyclops Arm		Materials	Rare		Cyclops Statue	It's the left arm of a fearsome Cyclops. These skeletal fists could still crush you.	https://enshrouded.wiki.gg/wiki/Left_Cyclops_Arm
5612	Left Cyclops Leg		Materials	Rare		Cyclops Statue	This left Cyclops leg is much taller than you. You barely reach the kneecaps.	https://enshrouded.wiki.gg/wiki/Left_Cyclops_Leg
10296	Licuala Plant Pot		Potted Plant	Common		Large Plant Pots	A potted plant to beautify your home	https://enshrouded.wiki.gg/wiki/Licuala_Plant_Pot
6478	Lilac Insomnia	丁香失眠	Generic Item	Common		Dyes	The cold thrill of the night winds is far too electrifying to sleep. This color palette is bursting with a trance-like energy and tinged with madnesss.  This color palette can be made with [[Albaneve Summits]] materials.	https://enshrouded.wiki.gg/wiki/Lilac_Insomnia
1958	Limestone Fence	石灰石栅栏	Furniture	Common		Fences	A decorative object to design and beautify your home.	https://enshrouded.wiki.gg/wiki/Limestone_Fence
6479	Liquid Light	液态光	Generic Item	Common		Dyes	Like morning sun, reflected in the still water of an ivory bowl.  This color palette can be made with [[Kindlewastes]] materials.	https://enshrouded.wiki.gg/wiki/Liquid_Light
8621	Long Pink Flower Pot	长形粉色花盆	Furniture	Common		Long Flower Pots	A lovely pot of flowers to beautify your world.	https://enshrouded.wiki.gg/wiki/Long_Pink_Flower_Pot
8625	Long Pink Wall Flower Pot	长形粉色壁挂花盆	Furniture	Common		Long Flower Pots	A lovely pot of flowers to beautify your world.	https://enshrouded.wiki.gg/wiki/Long_Pink_Wall_Flower_Pot
8629	Long Plant Pot	长形植物盆	Furniture	Common		Plant Pots	A lovely pot of flowers to beautify your world.	https://enshrouded.wiki.gg/wiki/Long_Plant_Pot
8622	Long Red Flower Pot	长形红色花盆	Furniture	Common		Long Flower Pots	A lovely pot of flowers to beautify your world.	https://enshrouded.wiki.gg/wiki/Long_Red_Flower_Pot
8626	Long Red Wall Flower Pot		Furniture	Common		Long Flower Pots	A lovely pot of flowers to beautify your world.	https://enshrouded.wiki.gg/wiki/Long_Red_Wall_Flower_Pot
1950	Long Wall Banner	长墙旗帜	Furniture	Common		Banners	A decorative object to design and beautify your home.	https://enshrouded.wiki.gg/wiki/Long_Wall_Banner
8623	Long White Flower Pot	长白花盆	Furniture	Common		Long Flower Pots	A lovely pot of flowers to beautify your world.	https://enshrouded.wiki.gg/wiki/Long_White_Flower_Pot
8627	Long White Wall Flower Pot	长白墙花盆	Furniture	Common		Long Flower Pots	A lovely pot of flowers to beautify your world.	https://enshrouded.wiki.gg/wiki/Long_White_Wall_Flower_Pot
8624	Long Yellow Flower Pot	长黄花盆	Furniture	Common		Long Flower Pots	A lovely pot of flowers to beautify your world.	https://enshrouded.wiki.gg/wiki/Long_Yellow_Flower_Pot
8628	Long Yellow Wall Flower Pot	长黄墙花盆	Furniture	Common		Long Flower Pots	A lovely pot of flowers to beautify your world.	https://enshrouded.wiki.gg/wiki/Long_Yellow_Wall_Flower_Pot
922	Loom	织布机	Furniture	Rare		Production Places	A complex weaving machine which allows the manufacture of fabric.	https://enshrouded.wiki.gg/wiki/Loom
8515	Low Crude Wooden Shelf	低矮粗糙木架	Furniture	Common		Shelves	A decorative object to beautify your home.	https://enshrouded.wiki.gg/wiki/Low_Crude_Wooden_Shelf
5332	Low Elegant Armchair	低矮雅致扶手椅	Furniture	Common		Chairs	A decorative item that can be placed in any building. Provides comfort, increasing the duration of the rested buff.	https://enshrouded.wiki.gg/wiki/Low_Elegant_Armchair
10293	Low Large Plant Pot	低矮大型花盆	Furniture	Common		Plant Pots	A potted plant to beautify your home	https://enshrouded.wiki.gg/wiki/Low_Large_Plant_Pot
8439	Low Paling Fence I	低矮尖桩栅栏 I	Furniture	Common		Fences	A decorative object to design and beautify your home.	https://enshrouded.wiki.gg/wiki/Low_Paling_Fence_I
8440	Low Paling Fence II	低矮尖桩栅栏 II	Furniture	Common		Fences	A decorative object to design and beautify your home.	https://enshrouded.wiki.gg/wiki/Low_Paling_Fence_II
7956	Lucky Fishing Rod	幸运钓鱼竿		Epic		Fishing Rods	A lucky fishing rod that is quite strong and also more likely to catch treasures.	https://enshrouded.wiki.gg/wiki/Lucky_Fishing_Rod
5528	Lunar New Year Door	农历新年门	Furniture	Common		Doors	A decorative object to beautify your home.	https://enshrouded.wiki.gg/wiki/Lunar_New_Year_Door
3485	Lute	鲁特琴	Tools	Common		Musical Instruments	Lutes are classic instrument of choice for bards. They can be used to play beautiful melodies with friends or alone.	https://enshrouded.wiki.gg/wiki/Lute
8822	Lying Wooden Barrel	横放的木桶	Furniture	Common		Miscellaneous	A decorative object to beautify your home.	https://enshrouded.wiki.gg/wiki/Lying_Wooden_Barrel
6480	Madly Maroon	疯狂栗红	Generic Item	Common		Dyes	The color of red wine, dried blood, and broken promises.  This color palette can be made with [[Kindlewastes]] materials.	https://enshrouded.wiki.gg/wiki/Madly_Maroon
5034	Magnificent Granite Stone Chair	华丽花岗岩石椅	Furniture	Common		Chairs	A decorative item that can be placed in any building. Provides comfort, increasing the duration of the rested buff.	https://enshrouded.wiki.gg/wiki/Magnificent_Granite_Stone_Chair
5027	Magnificent Granite Table	华丽花岗岩桌	Furniture	Common		Tables	A decorative object to design and beautify your home.	https://enshrouded.wiki.gg/wiki/Magnificent_Granite_Table
8773	Mannequin Back Off	人体模型：走开	Furniture	Common		Mannequin	A mannequin that can be dressed in armor or vanity items.	https://enshrouded.wiki.gg/wiki/Mannequin_Back_Off
8775	Mannequin Here I Come	人体模型：我来了	Furniture	Common		Mannequin	A mannequin that can be dressed in armor or vanity items.	https://enshrouded.wiki.gg/wiki/Mannequin_Here_I_Come
8777	Mannequin Let Me Serve You	人体模型：让我为您服务	Furniture	Common		Mannequin	A mannequin that can be dressed in armor or vanity items.	https://enshrouded.wiki.gg/wiki/Mannequin_Let_Me_Serve_You
8772	Mannequin Look At Me	人体模型：看我	Furniture	Common		Mannequin	A mannequin that can be dressed in armor or vanity items.	https://enshrouded.wiki.gg/wiki/Mannequin_Look_At_Me
8776	Mannequin Strike A Pose	人体模型：摆姿势	Furniture	Common		Mannequin	A mannequin that can be dressed in armor or vanity items.	https://enshrouded.wiki.gg/wiki/Mannequin_Strike_A_Pose
8771	Mannequin Victory	人体模型：胜利	Furniture	Common		Mannequin	A mannequin that can be dressed in armor or vanity items.	https://enshrouded.wiki.gg/wiki/Mannequin_Victory
9043	Maritime Bathtub	海洋风格浴缸	Furniture	Common		Bathroom	A decorative item that can be placed in any building. Provides '''comfort''', increasing the duration of the rested buff.	https://enshrouded.wiki.gg/wiki/Maritime_Bathtub
9041	Maritime Shower	海洋风格淋浴	Furniture	Common		Bathroom	A decorative item that can be placed in any building. Provides comfort, increasing the duration of the rested buff.	https://enshrouded.wiki.gg/wiki/Maritime_Shower
9045	Maritime Sink	海洋风格水槽	Furniture	Common		Bathroom	A decorative item that can be placed in any building. Provides '''comfort''', increasing the duration of the rested buff.	https://enshrouded.wiki.gg/wiki/Maritime_Sink
9044	Maritime Toilet	海洋风格马桶	Furniture	Common		Bathroom	A decorative item that can be placed in any building. Provides comfort, increasing the duration of the rested buff.	https://enshrouded.wiki.gg/wiki/Maritime_Toilet
1542	Masonry Tools	石工工具	Furniture	Common		Tools and Components	A set tools for a Mason. Enables more advanced crafting options when placed.	https://enshrouded.wiki.gg/wiki/Masonry_Tools
3809	Masterful Mace	精湛钉头锤	Two-handed Club			Two-handed Clubs	This mace is unstoppable once in motion.	https://enshrouded.wiki.gg/wiki/Masterful_Mace
5049	Medium Albaneve Summits Brazier	中型阿尔巴内夫峰火盆	Furniture	Common		Fireplaces	A decorative Item, which will provide warmth and illumination in its proximity.	https://enshrouded.wiki.gg/wiki/Medium_Albaneve_Summits_Brazier
8525	Medium Boreal Wood Cabinet	中型北方木柜	Furniture	Common		Shelves	A decorative object to design and beautify your home.	https://enshrouded.wiki.gg/wiki/Medium_Boreal_Wood_Cabinet
10286	Medium Cactus Plant Pot	中型仙人掌花盆	Furniture	Common		Medium Flower Pots	A lovely pot of flowers to beautify your world.	https://enshrouded.wiki.gg/wiki/Medium_Cactus_Plant_Pot
8938	Medium Castle Table	中型城堡桌	Furniture	Common		Tables	A decorative item that can be placed in any building. Provides comfort, increasing the duration of the rested buff.	https://enshrouded.wiki.gg/wiki/Medium_Castle_Table
517	Medium Chest	中型箱子	Equipment	Common		Storage	An improved storage option with enhanced capacity.	https://enshrouded.wiki.gg/wiki/Medium_Chest
3166	Medium Crypt Cabinet	中型地穴柜	Furniture	Common		Shelves	Decorative object to design and beautify your home.	https://enshrouded.wiki.gg/wiki/Medium_Crypt_Cabinet
3172	Medium Crypt Table	中型地穴桌	Furniture	Common		Tables	A decorative item that can be placed in any building. Provides comfort, increasing the duration of the rested buff.|Type=Furniture|Comfort Category=Tables|Comfort=+ 3|Rarity=Common|Stack Size=50}}  ==Obtaining== The recipe is unlocked by obtaining {{item+iconright|Ectoplasm Fragment}} for the first time. It is then crafted by the [[Collector]].  [[Category:Tables]]  == Crafting == {{Crafting	https://enshrouded.wiki.gg/wiki/Medium_Crypt_Table
8640	Medium Fern Pot	中型蕨类花盆	Furniture	Common		Medium Flower Pots	A lovely pot of flowers to beautify your world.	https://enshrouded.wiki.gg/wiki/Medium_Fern_Pot
3187	Medium Flask	中型药剂瓶	Furniture	Common		Clutter	A decorative object to design and beautify your home.|Type=Furniture|Rarity=Common|Stack Size=50}}  == Crafting == {{Crafting	https://enshrouded.wiki.gg/wiki/Medium_Flask
8877	Medium Hollow Halls Banner	中型空洞大厅旗帜	Furniture	Common		Banners	A decorative object to design and beautify your home.	https://enshrouded.wiki.gg/wiki/Medium_Hollow_Halls_Banner
10577	Medium Hollow's Eve Pumpkin I	中型万圣节南瓜 I	Furniture	Common		Festive	A decorative object to design and beautify your home.	https://enshrouded.wiki.gg/wiki/Medium_Hollow's_Eve_Pumpkin_I
10578	Medium Hollow's Eve Pumpkin II	中型万圣节南瓜 II	Furniture	Common		Festive	A decorative object to design and beautify your home.	https://enshrouded.wiki.gg/wiki/Medium_Hollow's_Eve_Pumpkin_II
10579	Medium Hollow's Eve Pumpkin III	中型万圣节南瓜 III	Furniture	Common		Festive	A decorative object to design and beautify your home.	https://enshrouded.wiki.gg/wiki/Medium_Hollow's_Eve_Pumpkin_III
520	Medium Magic Chest	中型魔法箱	Equipment	Common		Storage	An improved storage option with enhanced capacity.	https://enshrouded.wiki.gg/wiki/Medium_Magic_Chest
8928	Medium Monstera Pot	中型龟背竹盆栽	Furniture	Common		Medium Flower Pots	A lovely pot of flowers to beautify your world.	https://enshrouded.wiki.gg/wiki/Medium_Monstera_Pot
8642	Medium Pink Flower Pot	中型粉色花盆	Furniture	Common		Medium Flower Pots	A lovely pot of flowers to beautify your world.	https://enshrouded.wiki.gg/wiki/Medium_Pink_Flower_Pot
8639	Medium Plant Pot	中型植物盆栽	Furniture	Common		Plant Pots	A lovely pot of flowers to beautify your world.	https://enshrouded.wiki.gg/wiki/Medium_Plant_Pot
8643	Medium Red Flower Pot	中型红色花盆	Furniture	Common		Medium Flower Pots	A lovely pot of flowers to beautify your world.	https://enshrouded.wiki.gg/wiki/Medium_Red_Flower_Pot
3177	Medium Stone Brazier	中型石制火盆	Furniture	Common		Fireplaces	An illumination item that can be placed in your home.|Type=Furniture|Comfort Category=Illumination|Comfort=+ 3|Rarity=Common|Stack Size=50}}  == Crafting == {{Crafting	https://enshrouded.wiki.gg/wiki/Medium_Stone_Brazier
8644	Medium White Flower Pot	中型白色花盆	Furniture	Common		Medium Flower Pots	A lovely pot of flowers to beautify your world.	https://enshrouded.wiki.gg/wiki/Medium_White_Flower_Pot
8645	Medium Yellow Flower Pot	中型黄色花盆	Furniture	Common		Medium Flower Pots	A lovely pot of flowers to beautify your world.	https://enshrouded.wiki.gg/wiki/Medium_Yellow_Flower_Pot
10353	Metal Bound Wooden Door	金属包边木门	Furniture	Common		Doors	A decorative object to beautify your home.	https://enshrouded.wiki.gg/wiki/Metal_Bound_Wooden_Door
10352	Metal Bound Wooden Double Door	金属包边木双开门	Furniture	Common		Doors	A decorative object to beautify your home.	https://enshrouded.wiki.gg/wiki/Metal_Bound_Wooden_Double_Door
7678	Mill	磨坊	Furniture	Rare		Production Places	A mill that can be used to grind materials to a fine powder.	https://enshrouded.wiki.gg/wiki/Mill
7845	Mining Sieve	采矿筛	Tools	Common		Water Utilities	A hand scraper and sieve that can be used to mine gold and other materials underwater.	https://enshrouded.wiki.gg/wiki/Mining_Sieve
319	Misfortune Mace		Two-handed Club			Two-handed Clubs	A frightening mace that brings misfortune to any that oppose it.	https://enshrouded.wiki.gg/wiki/Misfortune_Mace
10519	Moon Rock Greatsword						| Type=	https://enshrouded.wiki.gg/wiki/Moon_Rock_Greatsword
222	Mortar	迫击炮	Furniture	Rare		Tools and Components	A fine mortar. This should enable an Alchemist to broaden their crafting spectrum when placed within their reach.	https://enshrouded.wiki.gg/wiki/Mortar
6481	Mossy Stone		Generic Item	Common		Dyes	The dark brown and green give the appearance of an overgrown garden or a mystical clearing.  This color palette can be made with [[Nomad Highlands]] materials.	https://enshrouded.wiki.gg/wiki/Mossy_Stone
5299	Mycelium (Overgrowth Material)	菌丝体（植被材料）	Overgrowth Material	Common	18	Overgrowth Materials/Crafting Materials	Use the Overgrowth Tool to apply this to structures in your base.	https://enshrouded.wiki.gg/wiki/Mycelium_(Overgrowth_Material)
6474	Mysterious Mauve	神秘淡紫	Generic Item	Common		Dyes	A color palette that makes you feel like a scholar, wandering through wisteria-laden archways to take samples of the flora.  This color palette can be made with [[Albaneve Summits]] materials.	https://enshrouded.wiki.gg/wiki/Mysterious_Mauve
7788	Natural Water Dispenser	天然饮水器	Doors	Common		Water Utilities	This item will dispense water endlessly until it is submerged.	https://enshrouded.wiki.gg/wiki/Natural_Water_Dispenser
3210	Necromancer's Skull Summoning Vessel	死灵法师的头骨召唤容器	Mid-range Weapon	Uncommon	20	Throwing Weapons	Throw this mystical vessel to temporarily summon a skull companion.| Type= Mid-range Weapon	https://enshrouded.wiki.gg/wiki/Necromancer's_Skull_Summoning_Vessel
6461	New Moon	新月	Generic Item	Common		Dyes	When the silence of night begins to envelop the mountains, you best not step outside into the dark. Terror hides where the light does not reach.  This color palette can be made with [[Albaneve Summits]] materials.	https://enshrouded.wiki.gg/wiki/New_Moon
9311	New Moon Greatsword	新月巨剑	Two-handed Greatsword				A hollow shape, empty as the night sky on a new moon, adorns this weapon's hand guard. The blade has been dirtied, but refuses to shed its silvery sheen.	https://enshrouded.wiki.gg/wiki/New_Moon_Greatsword
6462	Nightshade	龙葵	Generic Item	Common		Dyes	A dagger's point coated in poison is often more effective than diplomacy.  This color palette can be made with [[Albaneve Summits]] materials.	https://enshrouded.wiki.gg/wiki/Nightshade
3089	Nomad Highlands Bone Key	游牧高地骨钥匙	Tools	Rare		Keys	Opens doors in the Nomad Highlands Hollow Halls.	https://enshrouded.wiki.gg/wiki/Nomad_Highlands_Bone_Key
8823	Notice Board	公告板	Furniture	Common		Miscellaneous	A decorative object to beautify your home.	https://enshrouded.wiki.gg/wiki/Notice_Board
8580	One-Handed Melee Weapon Rack		Furniture	Common		Weapon Mounts	A display to showcase weapons or shields.	https://enshrouded.wiki.gg/wiki/One-Handed_Melee_Weapon_Rack
8581	One-Handed Melee Weapon Wall Mount		Furniture	Common		Weapon Mounts	A display to showcase weapons or shields.	https://enshrouded.wiki.gg/wiki/One-Handed_Melee_Weapon_Wall_Mount
8846	Orange Decorative Box		Furniture	Common		Festive	A decoratively wrapped present box.	https://enshrouded.wiki.gg/wiki/Orange_Decorative_Box
9109	Orange Floor Light I		Furniture	Common		Illumination	An illumination item that can be placed in your home. Provides comfort, increasing the duration of the Rested Bonus.	https://enshrouded.wiki.gg/wiki/Orange_Floor_Light_I
9111	Orange Floor Light II		Furniture	Common		Illumination	An illumination item that can be placed in your home. Provides comfort, increasing the duration of the Rested Bonus.	https://enshrouded.wiki.gg/wiki/Orange_Floor_Light_II
9101	Orange Pendant Light I		Furniture	Common		Illumination	An illumination item that can be placed in your home. Provides comfort, increasing the duration of the Rested Bonus.	https://enshrouded.wiki.gg/wiki/Orange_Pendant_Light_I
9103	Orange Pendant Light II		Furniture	Common		Illumination	An illumination item that can be placed in your home. Provides comfort, increasing the duration of the Rested Bonus.	https://enshrouded.wiki.gg/wiki/Orange_Pendant_Light_II
9105	Orange Wall Light I		Furniture	Common		Illumination	An illumination item that can be placed in your home. Provides comfort, increasing the duration of the Rested Bonus.	https://enshrouded.wiki.gg/wiki/Orange_Wall_Light_I
9107	Orange Wall Light II		Furniture	Common		Illumination	An illumination item that can be placed in your home. Provides comfort, increasing the duration of the Rested Bonus.	https://enshrouded.wiki.gg/wiki/Orange_Wall_Light_II
10218	Ornamented Vase I		Furniture	Common		Clutter	A decorative object to design and beautify your home.	https://enshrouded.wiki.gg/wiki/Ornamented_Vase_I
10219	Ornamented Vase II		Furniture	Common		Clutter	A decorative object to design and beautify your home.	https://enshrouded.wiki.gg/wiki/Ornamented_Vase_II
10220	Ornamented Vase III		Furniture	Common		Clutter	A decorative object to design and beautify your home.	https://enshrouded.wiki.gg/wiki/Ornamented_Vase_III
10221	Ornamented Vase IV		Furniture	Common		Clutter	A decorative object to design and beautify your home.	https://enshrouded.wiki.gg/wiki/Ornamented_Vase_IV
10222	Ornamented Vase V		Furniture	Common		Clutter	A decorative object to design and beautify your home.	https://enshrouded.wiki.gg/wiki/Ornamented_Vase_V
10223	Ornamented Vase VI	华丽花瓶 VI	Furniture	Common		Clutter	A decorative object to design and beautify your home.	https://enshrouded.wiki.gg/wiki/Ornamented_Vase_VI
4441	Ornate Flute	华丽长笛	Tools	Rare		Musical Instruments	Miles Rapore's old flute, used to decorate the soundscapes of the Honeydews' many musical performances. He's often credited with keeping the band together, but his reclusive attitude towards crowds and stringent focus on marketability earned him a bad reputation.	https://enshrouded.wiki.gg/wiki/Ornate_Flute
4440	Ornate Hand Drum	华丽手鼓	Tools	Rare		Musical Instruments	A fine drum with a patterned leather cover, famously owned by Daniel the Damned, a former member of the Honeydews. Fans speculated that tha back of the drum was inscribed with runes that would make Daniel play faster, like a possessed man.<br/><br/>Now that you're holding it, those rumors proves to be false but his damnation was very real, at least!	https://enshrouded.wiki.gg/wiki/Ornate_Hand_Drum
9118	Ornate Handpan	华丽手碟	Tools	Rare		Musical Instruments	This handpan is a true rarity, ornamented with striking red tones.	https://enshrouded.wiki.gg/wiki/Ornate_Handpan
4443	Ornate Harp	华丽竖琴	Tools	Rare		Musical Instruments	A heavenly instrument, previously owned by Harper Langley of the Honeydews. Its body has a beautiful carved pattern reminiscent of a mermaid's fishtail, befitting Harper's image as a siren.	https://enshrouded.wiki.gg/wiki/Ornate_Harp
4442	Ornate Lute	华丽鲁特琴	Tools	Rare		Musical Instruments	"An expertly crafted lute, originally owned by Chester Loft of the Honeydews the most daring and lucky of the members. Fans also dubbed him ""The lucky Lute"". Despite his adventurous tastes, his good fortune always kept him and his lute out of trouble, so the quality and craftmanship of the instrument are well preserved."	https://enshrouded.wiki.gg/wiki/Ornate_Lute
6955	Ornate Steel Door	华丽钢门	Furniture	Common		Doors	A decorative object to design and beautify your home.	https://enshrouded.wiki.gg/wiki/Ornate_Steel_Door
6956	Ornate Steel Double Door	华丽钢制双开门	Furniture	Common		Doors	A decorative object to design and beautify your home.	https://enshrouded.wiki.gg/wiki/Ornate_Steel_Double_Door
1948	Ornate Wall Banner	华丽墙壁旗帜	Furniture	Common		Banners	A decorative object to design and beautify your home.	https://enshrouded.wiki.gg/wiki/Ornate_Wall_Banner
2025	Ornate Wooden Bed	华丽木床	Furniture	Common		Beds	A decorative item that can be placed in any building. Provides comfort, increasing the duration of the rested buff.	https://enshrouded.wiki.gg/wiki/Ornate_Wooden_Bed
941	Oven	烤炉	Furniture	Rare		Production Places	This significant upgrade to the Fireplace offers new food options that can be cooked passively.	https://enshrouded.wiki.gg/wiki/Oven
5294	Overgrowth Tool	蔓生工具	Building Tool	Common		Building Tools/Essentials	A magical tool capable of adding and removing various types of overgrowth to walls in your base.	https://enshrouded.wiki.gg/wiki/Overgrowth_Tool
687	Paintings	油画					Decorative objects to design and beautify your home.	https://enshrouded.wiki.gg/wiki/Paintings
8824	Palm Leaf Basket	棕榈叶篮子	Furniture	Common		Miscellaneous	A decorative object to beautify your home.	https://enshrouded.wiki.gg/wiki/Palm_Leaf_Basket
8696	Palm Leaf Roof Block	棕榈叶屋顶块	Roof Materials	Common		Roof Blocks	A breezy roof made from natural materials. It makes you want to take a tropical vacation.	https://enshrouded.wiki.gg/wiki/Palm_Leaf_Roof_Block
2043	Palm Wood Banquet Table	棕榈木宴会桌	Furniture	Common		Tables	A decorative item that can be placed in any building. Provides comfort, increasing the duration of the rested buff.	https://enshrouded.wiki.gg/wiki/Palm_Wood_Banquet_Table
2027	Palm Wood Bed	棕榈木床	Furniture	Common		Beds	A decorative item that can be placed in any building. Provides comfort, increasing the duration of the rested buff.	https://enshrouded.wiki.gg/wiki/Palm_Wood_Bed
2040	Palm Wood Bedside Table	棕榈木床头柜	Furniture	Common		Tables	A decorative item that can be placed in any building. Provides comfort, increasing the duration of the rested buff.	https://enshrouded.wiki.gg/wiki/Palm_Wood_Bedside_Table
2052	Palm Wood Chair	棕榈木椅子	Furniture	Common		Chairs	A decorative item that can be placed in any building. Provides comfort, increasing the duration of the rested buff.	https://enshrouded.wiki.gg/wiki/Palm_Wood_Chair
1990	Palm Wood Shelf	棕榈木架子	Furniture	Common		Shelves	A decorative object to design and beautify your home.	https://enshrouded.wiki.gg/wiki/Palm_Wood_Shelf
2041	Palm Wood Side Table	棕榈木边桌	Furniture	Common		Tables	A decorative item that can be placed in any building. Provides comfort, increasing the duration of the rested buff.	https://enshrouded.wiki.gg/wiki/Palm_Wood_Side_Table
2042	Palm Wood Table	棕榈木桌	Furniture	Common		Tables	A decorative item that can be placed in any building. Provides comfort, increasing the duration of the rested buff.	https://enshrouded.wiki.gg/wiki/Palm_Wood_Table
5568	Paper Lantern (Short)	纸灯笼（矮）	Comfort	Common		Illumination	An illumination item that can be placed in your home.	https://enshrouded.wiki.gg/wiki/Paper_Lantern_(Short)
5569	Paper Lantern (Tall)	纸灯笼（高）	Comfort	Common		Illumination	An illumination item that can be placed in your home.	https://enshrouded.wiki.gg/wiki/Paper_Lantern_(Tall)
6463	Pastel Yearwake	淡彩岁醒	Generic Item	Common		Dyes	Life still blooms everywhere around.  This color palette can be made with [[Nomad Highlands]] materials.	https://enshrouded.wiki.gg/wiki/Pastel_Yearwake
10360	Pendant Ceiling Lantern	吊式天花板灯笼	Construction Tools	Common		Illumination	An illumination item that can be placed in your home. Provides comfort, increasing the duration of the Rested Buff.	https://enshrouded.wiki.gg/wiki/Pendant_Ceiling_Lantern
6695	Pikemead Statue Showcase	皮克米德雕像展示柜	Furniture	Common		Showcases/Collections	Use this showcase to reassemble the Queen '''Pikemead''' statue.	https://enshrouded.wiki.gg/wiki/Pikemead_Statue_Showcase
10235	Pinewood Fence Gate I	松木栅栏门 I	Furniture	Common		Fences	A decorative object to design and beautify your home.	https://enshrouded.wiki.gg/wiki/Pinewood_Fence_Gate_I
10236	Pinewood Fence Gate II	松木栅栏门 II	Furniture	Common		Fences	A decorative object to design and beautify your home.	https://enshrouded.wiki.gg/wiki/Pinewood_Fence_Gate_II
10232	Pinewood Fence I	松木栅栏 I	Furniture	Common		Fences	A decorative object to design and beautify your home.	https://enshrouded.wiki.gg/wiki/Pinewood_Fence_I
10233	Pinewood Fence II	松木栅栏 II	Furniture	Common		Fences	A decorative object to design and beautify your home.	https://enshrouded.wiki.gg/wiki/Pinewood_Fence_II
10234	Pinewood Fence Pole	松木栅栏柱	Furniture	Common		Fences	A decorative object to design and beautify your home.	https://enshrouded.wiki.gg/wiki/Pinewood_Fence_Pole
10227	Pinewood Room Divider I	松木房间隔断 I	Furniture	Common		Dividers	A decorative object to design and beautify your home.	https://enshrouded.wiki.gg/wiki/Pinewood_Room_Divider_I
10228	Pinewood Room Divider II	松木房间隔断 II	Furniture	Common		Dividers	A decorative object to design and beautify your home.	https://enshrouded.wiki.gg/wiki/Pinewood_Room_Divider_II
10229	Pinewood Room Divider III	松木房间隔断 III	Furniture	Common		Dividers	A decorative object to design and beautify your home.	https://enshrouded.wiki.gg/wiki/Pinewood_Room_Divider_III
10230	Pinewood Room Divider IV	松木房间隔断 IV	Furniture	Common		Dividers	A decorative object to design and beautify your home.	https://enshrouded.wiki.gg/wiki/Pinewood_Room_Divider_IV
4831	Pink Flower Pot (Square)	粉色花盆（方形）	Furniture	Common		Decorative	A lovely pot of flowers to beautify your world.	https://enshrouded.wiki.gg/wiki/Pink_Flower_Pot_(Square)
8761	Pink Lily Flower Pot	粉色百合花盆	Furniture	Common		Lunar New Year Flower Pots	A lovely pot of flowers to beautify your world.	https://enshrouded.wiki.gg/wiki/Pink_Lily_Flower_Pot
6464	Pinky Promise	拉钩约定	Generic Item	Common		Dyes	The chalky white and vibrant pink in this palette form a childlike innocence.  This color palette can be made with [[Albaneve Summits]] materials.	https://enshrouded.wiki.gg/wiki/Pinky_Promise
2420	Plant Fiber Roof Block	植物纤维屋顶方块	Roof Materials	Common		Roof Blocks	Used to build thatched roofs. A basic and reliable solution to keep your head from getting wet.	https://enshrouded.wiki.gg/wiki/Plant_Fiber_Roof_Block
8825	Plough	犁	Furniture	Common		Miscellaneous	A decorative object to beautify your home.	https://enshrouded.wiki.gg/wiki/Plough
2082	Polished Scrap Brazier	抛光废料火盆	Comfort	Common		Fireplaces	An illumination item that can be placed in your home.	https://enshrouded.wiki.gg/wiki/Polished_Scrap_Brazier
6468	Polished Stone	抛光石	Generic Item	Common		Dyes	The light and dark facets of polished rock. Together, they remind of stone masonry, or more tragically, graveyard sculptures.  This color palette can be made with [[Springlands]] materials.	https://enshrouded.wiki.gg/wiki/Polished_Stone
1937	Polished Window Frame	抛光窗框	Furniture	Common		Windows	A decorative object to design and beautify your home.	https://enshrouded.wiki.gg/wiki/Polished_Window_Frame
2035	Polished Wooden Banquet Table	抛光木制宴会桌	Furniture	Common		Tables	A decorative item that can be placed in any building. Provides comfort, increasing the duration of the rested buff.	https://enshrouded.wiki.gg/wiki/Polished_Wooden_Banquet_Table
2032	Polished Wooden Bedside Table	抛光木制床头柜	Furniture	Common		Tables	A decorative item that can be placed in any building. Provides comfort, increasing the duration of the rested buff.	https://enshrouded.wiki.gg/wiki/Polished_Wooden_Bedside_Table
2046	Polished Wooden Bench	抛光木制长凳	Furniture	Common		Benches	A decorative item that can be placed in any building. Provides comfort, increasing the duration of the rested buff.	https://enshrouded.wiki.gg/wiki/Polished_Wooden_Bench
2050	Polished Wooden Chair	抛光木椅	Furniture	Common		Chairs	A decorative item that can be placed in any building. Provides comfort, increasing the duration of the rested buff.	https://enshrouded.wiki.gg/wiki/Polished_Wooden_Chair
1919	Polished Wooden Door	抛光木门	Furniture	Common		Doors	A decorative object to design and beautify your home.	https://enshrouded.wiki.gg/wiki/Polished_Wooden_Door
1920	Polished Wooden Double Door	抛光木制双开门	Furniture	Common		Doors	A decorative object to design and beautify your home.	https://enshrouded.wiki.gg/wiki/Polished_Wooden_Double_Door
1986	Polished Wooden Shelf	抛光木架	Furniture	Common		Shelves	A decorative object to design and beautify your home.	https://enshrouded.wiki.gg/wiki/Polished_Wooden_Shelf
2033	Polished Wooden Side Table	抛光木制边桌	Furniture	Common		Tables	A decorative item that can be placed in any building. Provides comfort, increasing the duration of the rested buff.	https://enshrouded.wiki.gg/wiki/Polished_Wooden_Side_Table
2034	Polished Wooden Table	抛光木桌	Furniture	Common		Tables	A decorative item that can be placed in any building. Provides comfort, increasing the duration of the rested buff.	https://enshrouded.wiki.gg/wiki/Polished_Wooden_Table
1432	Polished Wooden Throne	抛光木制王座	Furniture	Common		Chairs	A decorative item that can be placed in any building. Provides comfort, increasing the duration of the rested buff.	https://enshrouded.wiki.gg/wiki/Polished_Wooden_Throne
7841	Portable Water Pump	便携式水泵	Tools	Epic		Water Utilities	A tool that allows you to add and remove water in your base. It can also be utilized for irrigation and applying the Wet or Soaked Debuff to enemies. Fill it with water from a well or lake before beginning operation.	https://enshrouded.wiki.gg/wiki/Portable_Water_Pump
8533	Pretty In Pink	粉红佳人	Generic Item	Common		Dyes	These vivid colors - deep cyan, bright magenta, and rich black - make a statement all on their own. With this palette, you won't go unnoticed.  This color palette can be made with [[Veilwater Basin]] materials.	https://enshrouded.wiki.gg/wiki/Pretty_In_Pink
8526	Primitive Stone Shelf	原始石架	Furniture	Common		Shelves	A decorative object to design and beautify your home.	https://enshrouded.wiki.gg/wiki/Primitive_Stone_Shelf
8484	Princely Greatsword	王者巨剑	Two-handed Greatsword				A noble sabre that impresses with its golden glow and broad blade. Perhaps the former owner was compensating for something.	https://enshrouded.wiki.gg/wiki/Princely_Greatsword
3731	Prison Fence	监狱围栏	Furniture	Common		Fences	A decorative object to design and beautify your home.	https://enshrouded.wiki.gg/wiki/Prison_Fence
8441	Prison Fence Gate	监狱围栏门	Furniture	Common		Fences	A decorative object to design and beautify your home.	https://enshrouded.wiki.gg/wiki/Prison_Fence_Gate
8442	Prison Fence Pole	监狱围栏柱	Furniture	Common		Fences	A decorative object to design and beautify your home.	https://enshrouded.wiki.gg/wiki/Prison_Fence_Pole
9001	Protector Greatsword	守护者巨剑	Two-handed Greatsword				Girdles and cloth wrap tightly around the hilt, proposing the story of an unlikely protector having to adjust the grip on the weapon spontaneously.	https://enshrouded.wiki.gg/wiki/Protector_Greatsword
6467	Prowl	潜行	Generic Item	Common		Dyes	The array of reds, oranges, and grays creates the ideal camouflage against the sundried mountains.  This color palette can be made with [[Kindlewastes]] materials.	https://enshrouded.wiki.gg/wiki/Prowl
4757	Pulley	滑轮	Furniture	Common		Miscellaneous	A decorative object to design and beautify your home.	https://enshrouded.wiki.gg/wiki/Pulley
6471	Pure Amethyst	纯净紫水晶	Generic Item	Common		Dyes	This electrifying purple palette has the same vibrancy as an untainted amethyst crystal.  This color palette can be made with [[Albaneve Summits]] materials.	https://enshrouded.wiki.gg/wiki/Pure_Amethyst
9110	Purple Floor Light I	紫色落地灯 I	Furniture	Common		Illumination	An illumination item that can be placed in your home. Provides comfort, increasing the duration of the Rested Bonus.	https://enshrouded.wiki.gg/wiki/Purple_Floor_Light_I
9112	Purple Floor Light II	紫色落地灯 II	Furniture	Common		Illumination	An illumination item that can be placed in your home. Provides comfort, increasing the duration of the Rested Bonus.	https://enshrouded.wiki.gg/wiki/Purple_Floor_Light_II
9102	Purple Pendant Light I	紫色吊灯 I	Furniture	Common		Illumination	An illumination item that can be placed in your home. Provides comfort, increasing the duration of the Rested Bonus.	https://enshrouded.wiki.gg/wiki/Purple_Pendant_Light_I
9104	Purple Pendant Light II	紫色吊灯 II	Furniture	Common		Illumination	An illumination item that can be placed in your home. Provides comfort, increasing the duration of the Rested Bonus.	https://enshrouded.wiki.gg/wiki/Purple_Pendant_Light_II
9847	Purple Rocket	紫色烟花火箭	Consumables	Common			These fireworks were brought to you by the wonders of alchemy!	https://enshrouded.wiki.gg/wiki/Purple_Rocket
9106	Purple Wall Light I	紫色壁灯 I	Furniture	Common		Illumination	An illumination item that can be placed in your home. Provides comfort, increasing the duration of the Rested Bonus.	https://enshrouded.wiki.gg/wiki/Purple_Wall_Light_I
9108	Purple Wall Light II	紫色壁灯 II	Furniture	Common		Illumination	An illumination item that can be placed in your home. Provides comfort, increasing the duration of the Rested Bonus.	https://enshrouded.wiki.gg/wiki/Purple_Wall_Light_II
5593	Queen Pikemead Statue Piece (Arm)	派克米德女王雕像部件（手臂）	Materials	Rare		Queen Pikemead Statue	A broken piece of the Queen Pikemead sculpture.	https://enshrouded.wiki.gg/wiki/Queen_Pikemead_Statue_Piece_(Arm)
5594	Queen Pikemead Statue Piece (Base)	派克米德女王雕像部件（底座）	Materials	Rare		Queen Pikemead Statue	A broken piece of the Queen Pikemead sculpture.	https://enshrouded.wiki.gg/wiki/Queen_Pikemead_Statue_Piece_(Base)
5595	Queen Pikemead Statue Piece (Bust)	派克米德女王雕像部件（半身像）	Materials	Rare		Queen Pikemead Statue	A broken piece of the Queen Pikemead sculpture.	https://enshrouded.wiki.gg/wiki/Queen_Pikemead_Statue_Piece_(Bust)
10365	Quick Stack Station	快速堆叠台	Furniture	Common		Storage	Used to transfer items from your backpack to matching magic chest stacks nearby.	https://enshrouded.wiki.gg/wiki/Quick_Stack_Station
70	Rake		Tools	Common		Rakes/Essentials	A rake made of the simplest materials. A basic tool used to flatten the ground for upcoming construction works.	https://enshrouded.wiki.gg/wiki/Rake
9850	Red Confetti Mortar	红色五彩纸屑迫击炮	Consumables	Common			These fireworks were brought to you by the wonders of alchemy!	https://enshrouded.wiki.gg/wiki/Red_Confetti_Mortar
4830	Red Flower Pot (Square)	红色花盆（方形）	Furniture	Common			A lovely pot of flowers to beautify your world.	https://enshrouded.wiki.gg/wiki/Red_Flower_Pot_(Square)
9845	Red Fountain	红色喷泉	Consumables	Common			These fireworks were brought to you by the wonders of alchemy!	https://enshrouded.wiki.gg/wiki/Red_Fountain
1795	Resin Torch	树脂火把	Tools	Common		Torches	An advanced torch that provides light for a longer period. Use this to explore deeper into the abyss!	https://enshrouded.wiki.gg/wiki/Resin_Torch
8678	Resource Bundle I	资源包 I	Furniture	Common		Miscellaneous	A decorative object to beautify your home.	https://enshrouded.wiki.gg/wiki/Resource_Bundle_I
8679	Resource Bundle II	资源包 II	Furniture	Common		Miscellaneous	A decorative object to beautify your home.	https://enshrouded.wiki.gg/wiki/Resource_Bundle_II
8506	Revelation By The Pond	池畔启示	Generic Item	Common		Dyes	Still waters are deep, so they say. These serene blue hues remind us that things aren’t as they seem - for both depths and dewdroppee thicket hide fateful encounters.  This color palette can be made with [[Veilwater Basin]] materials.	https://enshrouded.wiki.gg/wiki/Revelation_By_The_Pond
3088	Revelwood Bone Key	启示林骨钥匙	Tools	Uncommon		Keys	Opens doors in the Revelwood Hollow Halls.	https://enshrouded.wiki.gg/wiki/Revelwood_Bone_Key
5610	Right Cyclops Arm	右独眼巨人手臂	Materials	Rare		Cyclops Statue	The right arm of a Cyclops. It's taller than your whole body when propped up!	https://enshrouded.wiki.gg/wiki/Right_Cyclops_Arm
5613	Right Cyclops Leg	右独眼巨人腿	Materials	Rare		Cyclops Statue	The right leg of a wild Cyclops. The skeletal remains are intact.	https://enshrouded.wiki.gg/wiki/Right_Cyclops_Leg
5602	Ripped Alchemist's Wall Hanging (Left)	破损的炼金术士挂毯（左）	Materials	Rare		Alchemist's Wall Hanging	A ripped piece of fabric, detailing alchemical wisdom. Someone might be able to decipher it if you had the other half!	https://enshrouded.wiki.gg/wiki/Ripped_Alchemist's_Wall_Hanging_(Left)
5603	Ripped Alchemist's Wall Hanging (Right)	破损的炼金术士挂毯（右）	Materials	Rare		Alchemist's Wall Hanging	The second half of a wall hanging, visualizing the complex symbiosis of the natural, and magical. When paired with the other half, perhaps this ancient wisdom can be understood.	https://enshrouded.wiki.gg/wiki/Ripped_Alchemist's_Wall_Hanging_(Right)
6472	Rocky Shore		Generic Item	Common		Dyes	The deep blue hue that takes center stage in this palette can be found beyond rocky beaches, or on rainy days by the cliff.  This color palette can be made with [[Revelwood]] materials.	https://enshrouded.wiki.gg/wiki/Rocky_Shore
8343	Room Divider Dragon	龙形隔断				Dividers		https://enshrouded.wiki.gg/wiki/Room_Divider_Dragon
8344	Room Divider Fish	隔断鱼				Dividers		https://enshrouded.wiki.gg/wiki/Room_Divider_Fish
8345	Room Divider Flower	隔断花				Dividers		https://enshrouded.wiki.gg/wiki/Room_Divider_Flower
8347	Room Divider I	隔断 I	Furniture	Common		Dividers	A decorative object to beautify your home.	https://enshrouded.wiki.gg/wiki/Room_Divider_I
8348	Room Divider II	隔断 II	Furniture	Common		Dividers	A decorative object to beautify your home.	https://enshrouded.wiki.gg/wiki/Room_Divider_II
8349	Room Divider III	隔断 III	Furniture	Common		Dividers	A decorative object to beautify your home.	https://enshrouded.wiki.gg/wiki/Room_Divider_III
8346	Room Divider Snake	隔断蛇				Dividers		https://enshrouded.wiki.gg/wiki/Room_Divider_Snake
3147	Round Carved Window Frame	圆形雕花窗框	Furniture	Common		Windows	Decorative object to design and beautify your home.|Type=Furniture|Rarity=Common|Stack Size=50}}  -  == Crafting == {{Crafting	https://enshrouded.wiki.gg/wiki/Round_Carved_Window_Frame
8582	Round Food Plate	圆形餐盘	Furniture	Common		Collections	A wooden plate to display cooked food on a table.	https://enshrouded.wiki.gg/wiki/Round_Food_Plate
3149	Round Polished Window Frame	圆形抛光窗框	Furniture	Common		Windows	Decorative object to design and beautify your home.|Type=Furniture|Rarity=Common|Stack Size=50}}  == Obtaining == The recipe is unlocked by accepting {{quest+the|Table Saw For The Carpenter}}.  It is then crafted at the [[Carpenter]].  [[Category:Windows]][[Category:Hollow Halls Update]]  == Crafting == {{Crafting	https://enshrouded.wiki.gg/wiki/Round_Polished_Window_Frame
6961	Round Steel Window Frame	圆形钢窗框	Furniture	Common		Windows	A decorative object to design and beautify your home.	https://enshrouded.wiki.gg/wiki/Round_Steel_Window_Frame
3151	Round Stone Window Frame	圆形石窗框	Furniture	Common		Windows	Decorative object  to design and beautify your home.|Type=Furniture|Rarity=Common|Stack Size=50}}  == Crafting == {{Crafting	https://enshrouded.wiki.gg/wiki/Round_Stone_Window_Frame
8338	Round Wooden Door	圆形木门	Doors	Common		Doors	A decorative object to design and beautify your home.	https://enshrouded.wiki.gg/wiki/Round_Wooden_Door
8337	Round Wooden Door Frame	圆形木门框	Doors	Common		Doors	A decorative object to design and beautify your home.	https://enshrouded.wiki.gg/wiki/Round_Wooden_Door_Frame
3145	Round Wooden Window Frame	圆形木窗框	Furniture	Common		Windows	A decorative object to design and beautify your home.|Type=Furniture|Rarity=Common|Stack Size=50}}  == Obtaining == This recipe is unlocked by crafting a {{item+iconright|Crude Mattress}} or by reaching level 5. It is then crafted at the [[Workbench]].  [[Category:Windows]][[Category:Hollow Halls Update]]  == Crafting == {{Crafting	https://enshrouded.wiki.gg/wiki/Round_Wooden_Window_Frame
6470	Royal Decree	皇家法令	Generic Item	Common		Dyes	None can deny your authority when you're dressed in sacred white and royal lavender.  This color palette can be made with [[Albaneve Summits]] materials.	https://enshrouded.wiki.gg/wiki/Royal_Decree
6469	Rust	锈	Generic Item	Common		Dyes	Colored like rusted metal, slate, and copper.  This color palette can be made with [[Kindlewastes]] materials.	https://enshrouded.wiki.gg/wiki/Rust
8532	Rust And Rose	锈与玫瑰	Generic Item	Common		Dyes	This color palette blends muted orange, soft mauve, and earthy brown into a palette that feels both weathered and graceful - like warmth preserved in fading light.  This color palette can be made with [[Veilwater Basin]] materials.	https://enshrouded.wiki.gg/wiki/Rust_And_Rose
3640	Rustic Banquet Table	乡村宴会桌	Furniture	Common		Tables	A decorative item that can be placed in any building. Provides comfort, increasing the duration of the rested buff.	https://enshrouded.wiki.gg/wiki/Rustic_Banquet_Table
3635	Rustic Bed	乡村床	Furniture	Common		Beds	A decorative item that can be placed in any building. Provides comfort, increasing the duration of the rested buff.	https://enshrouded.wiki.gg/wiki/Rustic_Bed
3636	Rustic Bench	乡村长凳	Furniture	Common		Benches	A decorative item that can be placed in any building. Provides comfort, increasing the duration of the rested buff.	https://enshrouded.wiki.gg/wiki/Rustic_Bench
3637	Rustic Chair	乡村椅	Furniture	Common		Chairs	A decorative item that can be placed in any building. Provides comfort, increasing the duration of the rested buff.	https://enshrouded.wiki.gg/wiki/Rustic_Chair
3667	Rustic Door	乡村门	Doors	Common		Doors	A decorative object to design and beautify your home.	https://enshrouded.wiki.gg/wiki/Rustic_Door
3638	Rustic Side Table	乡村边桌	Furniture	Common		Tables	A decorative item that can be placed in any building. Provides comfort, increasing the duration of the rested buff.	https://enshrouded.wiki.gg/wiki/Rustic_Side_Table
3639	Rustic Table	乡村桌	Furniture	Common		Tables	A decorative item that can be placed in any building. Provides comfort, increasing the duration of the rested buff.	https://enshrouded.wiki.gg/wiki/Rustic_Table
3740	Rustic Window Frame I	乡村窗框 I	Furniture	Common		Windows	A decorative object to design and beautify your home.	https://enshrouded.wiki.gg/wiki/Rustic_Window_Frame_I
8341	Rustic Window Frame II	乡村窗框 II	Furniture	Common		Windows	Decorative object to design and beautify your home.	https://enshrouded.wiki.gg/wiki/Rustic_Window_Frame_II
9312	Rusty Greatsword	生锈大剑	Two-handed Greatsword				An old greatsword that's begun to decay. The steel's purity has been stripped away by rust.	https://enshrouded.wiki.gg/wiki/Rusty_Greatsword
10284	Saffron Plant Pot	藏红花花盆	Furniture	Common		Medium Flower Pots	A lovely pot of flowers to beautify your world.	https://enshrouded.wiki.gg/wiki/Saffron_Plant_Pot
10288	Sage Plant Pot	鼠尾草花盆	Furniture	Common		Medium Flower Pots	A lovely pot of flowers to beautify your world.	https://enshrouded.wiki.gg/wiki/Sage_Plant_Pot
8813	Salon Sign	沙龙招牌	Furniture	Common		Signs	A decorative object to beautify your home.	https://enshrouded.wiki.gg/wiki/Salon_Sign
6997	Salon Sink	沙龙水槽	Furniture	Common		Bathroom/Sinks	A decorative item that can be placed in any building. Provides comfort, increasing the duration of the rested buff.	https://enshrouded.wiki.gg/wiki/Salon_Sink
7196	Salon Stool	沙龙凳	Furniture	Common		Chairs	A decorative item that can be placed in any building. Provides comfort, increasing the duration of the rested buff.	https://enshrouded.wiki.gg/wiki/Salon_Stool
2053	Sand Throne	沙之王座	Furniture	Common		Chairs	A decorative item that can be placed in any building. Provides comfort, increasing the duration of the rested buff.	https://enshrouded.wiki.gg/wiki/Sand_Throne
2083	Sandstone Brazier	砂岩火盆	Comfort	Common		Fireplaces	An illumination item that can be placed in your home.	https://enshrouded.wiki.gg/wiki/Sandstone_Brazier
10237	Sandstone Fence	砂岩栅栏	Furniture	Common		Fences	A decorative object to design and beautify your home.	https://enshrouded.wiki.gg/wiki/Sandstone_Fence
10238	Sandstone Fence Corner	砂岩栅栏转角	Furniture	Common		Fences	A decorative object to design and beautify your home.	https://enshrouded.wiki.gg/wiki/Sandstone_Fence_Corner
2531	Scabird On One Leg	独腿拾荒鸟	Comfort	Common		Paintings	A decorative object to design and beautify your home.	https://enshrouded.wiki.gg/wiki/Scabird_On_One_Leg
2560	Scaffold I	脚手架 I	Furniture	Common		Building Scaffolds	A scaffold that lets you reach higher points while building your base.	https://enshrouded.wiki.gg/wiki/Scaffold_I
2561	Scaffold II	脚手架 II	Furniture	Common		Building Scaffolds	A scaffold that lets you reach higher points while building your base.	https://enshrouded.wiki.gg/wiki/Scaffold_II
8699	Scare Crow	稻草人	Furniture	Common		Miscellaneous	A decorative object to beautify your home.	https://enshrouded.wiki.gg/wiki/Scare_Crow
1970	Scarecrow	稻草人	Furniture	Common		Miscellaneous	A decorative object to design and beautify your home.	https://enshrouded.wiki.gg/wiki/Scarecrow
5050	Scavenger Bonfire	拾荒者篝火	Furniture	Common		Fireplaces	A big burning pile that's both cozy and archaic.	https://enshrouded.wiki.gg/wiki/Scavenger_Bonfire
7157	Scavenger Gong	拾荒者铜锣	Furniture	Common		Furniture	A decorative object to design and beautify your home.	https://enshrouded.wiki.gg/wiki/Scavenger_Gong
488	Scientific Instruments	科学仪器	Furniture	Common		Tools and Components	Basic tools needed for a laboratory.	https://enshrouded.wiki.gg/wiki/Scientific_Instruments
1999	Scrap Bowl	废料碗	Furniture	Common		Tableware	A decorative object to design and beautify your home.	https://enshrouded.wiki.gg/wiki/Scrap_Bowl
8814	Scrap Bucket	废料桶	Furniture	Common		Miscellaneous	A decorative object to beautify your home.	https://enshrouded.wiki.gg/wiki/Scrap_Bucket
8815	Scrap Cage	废料笼	Furniture	Common		Miscellaneous	A decorative object to beautify your home.	https://enshrouded.wiki.gg/wiki/Scrap_Cage
2001	Scrap Cup	废料杯	Furniture	Common		Tableware	A decorative object to design and beautify your home.	https://enshrouded.wiki.gg/wiki/Scrap_Cup
2000	Scrap Jug	废料壶	Furniture	Common		Tableware	A decorative object to design and beautify your home.	https://enshrouded.wiki.gg/wiki/Scrap_Jug
8794	Scrap Ladle	废料长柄勺	Furniture	Common		Tableware	A decorative object to design and beautify your home.	https://enshrouded.wiki.gg/wiki/Scrap_Ladle
8795	Scrap Pan I	废料盘 I	Furniture	Common		Tableware	A decorative object to design and beautify your home.	https://enshrouded.wiki.gg/wiki/Scrap_Pan_I
8796	Scrap Pan II	废料盘 II	Furniture	Common		Tableware	A decorative object to design and beautify your home.	https://enshrouded.wiki.gg/wiki/Scrap_Pan_II
2002	Scrap Platter	废料浅盘	Furniture	Common		Tableware	A decorative object to design and beautify your home.	https://enshrouded.wiki.gg/wiki/Scrap_Platter
8885	Scrap Pot I	废料锅 I	Furniture	Common		Tableware	A decorative object to design and beautify your home.	https://enshrouded.wiki.gg/wiki/Scrap_Pot_I
8886	Scrap Pot II	废料锅 II	Furniture	Common		Tableware	A decorative object to design and beautify your home.	https://enshrouded.wiki.gg/wiki/Scrap_Pot_II
8887	Scrap Pot III	废料锅 III	Furniture	Common		Tableware	A decorative object to design and beautify your home.	https://enshrouded.wiki.gg/wiki/Scrap_Pot_III
8888	Scrap Pot IV	废料锅 IV	Furniture	Common		Tableware	A decorative object to design and beautify your home.	https://enshrouded.wiki.gg/wiki/Scrap_Pot_IV
8889	Scrap Pot V	废料锅 V	Furniture	Common		Tableware	A decorative object to design and beautify your home.	https://enshrouded.wiki.gg/wiki/Scrap_Pot_V
8890	Scrap Pot VI	废料锅 VI	Furniture	Common		Tableware	A decorative object to design and beautify your home.	https://enshrouded.wiki.gg/wiki/Scrap_Pot_VI
2080	Scrap Standing Torch	废料立式火把	Comfort	Common		Illumination	An illumination item that can be placed in your home.	https://enshrouded.wiki.gg/wiki/Scrap_Standing_Torch
8816	Scrap Vat I	废料大缸 I	Furniture	Common		Miscellaneous	A decorative object to beautify your home.	https://enshrouded.wiki.gg/wiki/Scrap_Vat_I
8817	Scrap Vat II	废料大缸 II	Furniture	Common		Miscellaneous	A decorative object to beautify your home.	https://enshrouded.wiki.gg/wiki/Scrap_Vat_II
10257	Scrappy Crate	碎片板条箱	Furniture	Common		Miscellaneous	A decorative object to beautify your home.	https://enshrouded.wiki.gg/wiki/Scrappy_Crate
9313	Scrappy Greatsword	碎片巨剑	Two-handed Greatsword				A broken blade, retrieved from the rubble and ash of the old world. It may still cause significant damage when in the wrong hands.	https://enshrouded.wiki.gg/wiki/Scrappy_Greatsword
6465	Seafoam	海沫	Generic Item	Common		Dyes	Refreshing like a salty gust of wind from the ocean.  This color palette can be made with [[Revelwood]] materials.	https://enshrouded.wiki.gg/wiki/Seafoam
7911	Seafood Grill	海鲜烤架	Furniture	Rare		Production Places	A sturdy grill, perfect for preparing advanced seafood dishes. With it, your food will come out extra crispy and full of flavor.	https://enshrouded.wiki.gg/wiki/Seafood_Grill
1931	Secret Basement Door	隐秘地下室门	Furniture	Rare		Secret Doors	Hide passages in your base behind this secret door.	https://enshrouded.wiki.gg/wiki/Secret_Basement_Door
1932	Secret Castle Door	隐秘城堡门	Furniture	Rare		Secret Doors	Hide passages in your base behind this secret door.	https://enshrouded.wiki.gg/wiki/Secret_Castle_Door
1933	Secret Crude Wooden Bookshelf Door	隐秘粗糙木书架门	Furniture	Rare		Secret Doors	Hide passages in your base behind this secret door.	https://enshrouded.wiki.gg/wiki/Secret_Crude_Wooden_Bookshelf_Door
8394	Secret Flintstone Door	隐秘燧石门	Furniture	Rare		Secret Doors	Hide passages in your base behind this secret door.	https://enshrouded.wiki.gg/wiki/Secret_Flintstone_Door
8395	Secret Granite Door	隐秘花岗岩门	Furniture	Rare		Secret Doors	Hide passages in your base behind this secret door.	https://enshrouded.wiki.gg/wiki/Secret_Granite_Door
8396	Secret Limestone Door	秘密石灰岩门	Furniture	Rare		Secret Doors	Hide passages in your base behind this secret door.	https://enshrouded.wiki.gg/wiki/Secret_Limestone_Door
8397	Secret Polished Granite Door	秘密抛光花岗岩门	Furniture	Rare		Secret Doors	Hide passages in your base behind this secret door.	https://enshrouded.wiki.gg/wiki/Secret_Polished_Granite_Door
3157	Secret Red Marble Door	秘密红色大理石门	Secret Doors	Rare		Secret Doors	Hide passages in your base behind this secret door.|Type=Secret Doors|Rarity=Rare|Stack Size=50}}  -  == Crafting == {{Crafting	https://enshrouded.wiki.gg/wiki/Secret_Red_Marble_Door
8398	Secret Sandstone Door	秘密砂岩门	Furniture	Rare		Secret Doors	Hide passages in your base behind this secret door.	https://enshrouded.wiki.gg/wiki/Secret_Sandstone_Door
8399	Secret Shell Limestone Door	秘密贝壳石灰岩门	Furniture	Rare		Secret Doors	Hide passages in your base behind this secret door.	https://enshrouded.wiki.gg/wiki/Secret_Shell_Limestone_Door
1930	Secret Stone Door	秘密石门	Furniture	Rare		Secret Doors	Hide passages in your base behind this secret door.	https://enshrouded.wiki.gg/wiki/Secret_Stone_Door
1928	Secret Stone Floor Passage	秘密石地板通道	Furniture	Rare		Secret Doors	Hide passages in your base behind this secret door.	https://enshrouded.wiki.gg/wiki/Secret_Stone_Floor_Passage
3679	Secret Temple Door	秘密神庙门	Secret Doors	Rare		Secret Doors	Hide passages in your base behind this secret door.	https://enshrouded.wiki.gg/wiki/Secret_Temple_Door
1929	Secret Wooden Door	秘密木门	Furniture	Rare		Secret Doors	Hide passages in your base behind this secret door.	https://enshrouded.wiki.gg/wiki/Secret_Wooden_Door
1927	Secret Wooden Floor Passage	秘密木地板通道	Furniture	Rare		Secret Doors	Hide passages in your base behind this secret door.	https://enshrouded.wiki.gg/wiki/Secret_Wooden_Floor_Passage
6466	Sediment	沉积物	Generic Item	Common		Dyes	The color of arid roads and sandy tombs.  This color palette can be made with [[Kindlewastes]] materials.	https://enshrouded.wiki.gg/wiki/Sediment
923	Seedbed	苗床	Furniture	Rare		Production Places	Lets seedlings germinate in a safe environment.	https://enshrouded.wiki.gg/wiki/Seedbed
8531	Shades Of Red	红色调	Generic Item	Common		Dyes	Shadowy reds make this palette ideal for a moody night-time journey.  This color palette can be made with [[Veilwater Basin]]]] materials.	https://enshrouded.wiki.gg/wiki/Shades_Of_Red
9314	Sharktooth Greatsword	鲨齿巨剑	Two-handed Greatsword				The edges of this blade are indented and therefore resemble cuts made by razor-sharp fins or rows of shark teeth.	https://enshrouded.wiki.gg/wiki/Sharktooth_Greatsword
8697	Shell Limestone Shingles	贝壳石灰岩瓦片	Roof Materials	Common		Roof Blocks	With these sturdy shingles, your house is well protected	https://enshrouded.wiki.gg/wiki/Shell_Limestone_Shingles
8583	Shield Rack	盾牌架	Furniture	Common		Weapon Mounts	A display to showcase weapons or shields.	https://enshrouded.wiki.gg/wiki/Shield_Rack
5562	Shield Wall Emblem (Maces)	盾墙徽记（锤类）	Comfort	Common		Paintings	A decorative object to design and beautify your home.	https://enshrouded.wiki.gg/wiki/Shield_Wall_Emblem_(Maces)
5563	Shield Wall Emblem (Swords)	盾墙徽记（剑）	Comfort	Common		Paintings	A decorative object to design and beautify your home.	https://enshrouded.wiki.gg/wiki/Shield_Wall_Emblem_(Swords)
8584	Shield Wall Mount	盾墙底座	Furniture	Common		Weapon Mounts	A display to showcase weapons or shields.	https://enshrouded.wiki.gg/wiki/Shield_Wall_Mount
8781	Shovel Garden Gnome	铁锹花园地精	Furniture	Common		Garden Gnomes	A decorative object to design and beautify your home.	https://enshrouded.wiki.gg/wiki/Shovel_Garden_Gnome
8485	Sickle Greatsword	镰刃巨剑	Two-handed Greatsword				Once upon a time, Orpheus, a dark dragon, descended from the mountains to wreak havoc on the people's crops. Determined, the farmers laid down their scythes to join in the righteous crusade against the creature, forcing it to retreat with but one blow. While their names were forgotten, their fabled blades served as inspiration for many blacksmith apprentices.	https://enshrouded.wiki.gg/wiki/Sickle_Greatsword
8768	Signpost Pole	路标柱	Furniture	Common		Writable Signs	A signpost that can be used to attach direction signs.	https://enshrouded.wiki.gg/wiki/Signpost_Pole
8891	Silver Bowl	银碗	Furniture	Common		Tableware	A decorative object to design and beautify your home.	https://enshrouded.wiki.gg/wiki/Silver_Bowl
5055	Silver Candleholder	银烛台	Comfort	Common		Illumination	An illumination item that can be placed in your home.	https://enshrouded.wiki.gg/wiki/Silver_Candleholder
6458	Silver Chalice	银圣杯	Generic Item	Common		Dyes	The bright silver tone of this color palette decorated many of the realm's opulent chalices. It's known to pair well with the sanguine red of wine or the treacherous green glow of deceit and poison.  This color palette can be made with [[Nomad Highlands]] materials.	https://enshrouded.wiki.gg/wiki/Silver_Chalice
524	Silver Chest	银宝箱	Equipment	Common		Storage	This small chest offers increased storage space for items.	https://enshrouded.wiki.gg/wiki/Silver_Chest
8892	Silver Cup	银杯	Furniture	Common		Tableware	A decorative object to design and beautify your home.	https://enshrouded.wiki.gg/wiki/Silver_Cup
8893	Silver Jug	银壶	Furniture	Common		Tableware	A decorative object to design and beautify your home.	https://enshrouded.wiki.gg/wiki/Silver_Jug
8894	Silver Platter	银盘	Furniture	Common		Tableware	A decorative object to design and beautify your home.	https://enshrouded.wiki.gg/wiki/Silver_Platter
9315	Silvernight Greatsword	银夜巨剑	Two-handed Greatsword				Here, you can see howling wolves, and the ties that bind them to the moon above — all depicted in allegory through simple design choices.	https://enshrouded.wiki.gg/wiki/Silvernight_Greatsword
8565	Simple Coffin	简易棺材	Furniture	Common		Cemetery	A decorative object to design and beautify your home.	https://enshrouded.wiki.gg/wiki/Simple_Coffin
8564	Simple Coffin Lid	简易棺材盖	Furniture	Common		Cemetery	A decorative object to design and beautify your home.	https://enshrouded.wiki.gg/wiki/Simple_Coffin_Lid
7785	Simple Fishing Rod	简易钓竿		Common		Fishing Rods	A basic fishing rod made out of the simplest ingredients. Don't pull too hard, or it might break. It also doesn't lay particularly well in the hand, so long fights are not possible with it.	https://enshrouded.wiki.gg/wiki/Simple_Fishing_Rod
8443	Simple Tropical Wood Fence with Ropes I	简易热带木绳索围栏 I	Furniture	Common		Fences	A decorative object to design and beautify your home.	https://enshrouded.wiki.gg/wiki/Simple_Tropical_Wood_Fence_with_Ropes_I
8444	Simple Tropical Wood Fence with Ropes II	简易热带木绳索围栏 II	Furniture	Common		Fences	A decorative object to design and beautify your home.	https://enshrouded.wiki.gg/wiki/Simple_Tropical_Wood_Fence_with_Ropes_II
8445	Simple Wooden Fence	简易木围栏	Furniture	Common		Fences	A decorative object to design and beautify your home.	https://enshrouded.wiki.gg/wiki/Simple_Wooden_Fence
8446	Simple Wooden Handrail	简易木扶手	Furniture	Common		Fences	A decorative object to design and beautify your home.	https://enshrouded.wiki.gg/wiki/Simple_Wooden_Handrail
8447	Simple Wooden Pole	简易木杆	Furniture	Common		Fences	A decorative object to design and beautify your home.	https://enshrouded.wiki.gg/wiki/Simple_Wooden_Pole
2074	Skull Candle	骷髅蜡烛	Comfort	Common		Illumination	An illumination item that can be placed in your home.	https://enshrouded.wiki.gg/wiki/Skull_Candle
3209	Skull Summoning Vessel	骷髅召唤器皿	Mid-range Weapon	Common	15	Throwing Weapons	Throw this mystical vessel to temporarily summon a skull companion.| Type= Mid-range Weapon	https://enshrouded.wiki.gg/wiki/Skull_Summoning_Vessel
7094	Slick Fade Wig Head	油头渐变假发头模	Furniture	Rare		Furniture	A wig head that unlocks more haircuts once picked up. It can also be placed in your base as decoration.	https://enshrouded.wiki.gg/wiki/Slick_Fade_Wig_Head
8406	Small Bamboo Window I	小竹窗 I	Furniture	Common		Windows	A decorative object to design and beautify your home.	https://enshrouded.wiki.gg/wiki/Small_Bamboo_Window_I
8407	Small Bamboo Window II	小竹窗 II	Furniture	Common		Windows	A decorative object to design and beautify your home.	https://enshrouded.wiki.gg/wiki/Small_Bamboo_Window_II
8517	Small Boreal Wood Cupboard	小型寒带木橱柜	Furniture	Common		Cupboards	A decorative object to beautify your home.	https://enshrouded.wiki.gg/wiki/Small_Boreal_Wood_Cupboard
8528	Small Castle Sideboard	小型城堡餐边柜	Furniture	Common		Shelves	A decorative object to design and beautify your home.	https://enshrouded.wiki.gg/wiki/Small_Castle_Sideboard
8937	Small Castle Table	小型城堡桌	Furniture	Common		Tables	A decorative item that can be placed in any building. Provides comfort, increasing the duration of the rested buff.	https://enshrouded.wiki.gg/wiki/Small_Castle_Table
516	Small Chest	小箱子	Equipment	Common		Storage	This small chest offers increased storage space for items.	https://enshrouded.wiki.gg/wiki/Small_Chest
3165	Small Crypt Cabinet	小型地窖橱柜	Furniture	Common		Shelves	Decorative object  to design and beautify your home.	https://enshrouded.wiki.gg/wiki/Small_Crypt_Cabinet
3163	Small Crypt Cupboard	小型地窖碗柜	Furniture	Common		Cupboards	Decorative object  to beautify your home.|Type=Furniture|Rarity=Common|Stack Size=50}}  ==Obtaining== The recipe is unlocked by obtaining {{item+iconright|Ectoplasm Gem}} for the first time. It is then crafted by the [[Collector]].  [[Category:Cupboards]]  == Crafting == {{Crafting	https://enshrouded.wiki.gg/wiki/Small_Crypt_Cupboard
3161	Small Crypt Sideboard	小型地窖餐边柜	Furniture	Common		Cupboards	A decorative object to design and beautify your home.|Type=Furniture|Rarity=Common|Stack Size=50}}  ==Obtaining== The recipe is unlocked by obtaining {{item+iconright|Ectoplasm Gem}} for the first time. It is then crafted by the [[Collector]].  [[Category:Cupboards]]  == Crafting == {{Crafting	https://enshrouded.wiki.gg/wiki/Small_Crypt_Sideboard
3171	Small Crypt Table		Furniture	Common		Tables	A decorative item that can be placed in any building. Provides comfort, increasing the duration of the rested buff.|Type=Furniture|Comfort Category=Tables|Comfort=+ 3|Rarity=Common|Stack Size=50}}  ==Obtaining== The recipe is unlocked by obtaining {{item+iconright|Ectoplasm Fragment}} for the first time. It is then crafted by the [[Collector]].  [[Category:Tables]]  == Crafting == {{Crafting	https://enshrouded.wiki.gg/wiki/Small_Crypt_Table
9049	Small Decorated Tree		Furniture	Common		Festive	A richly decorated and festive-looking tree.	https://enshrouded.wiki.gg/wiki/Small_Decorated_Tree
5330	Small Elegant Sofa		Furniture	Common		Benches	A decorative item that can be placed in any building. Provides comfort, increasing the duration of the rested buff.	https://enshrouded.wiki.gg/wiki/Small_Elegant_Sofa
8657	Small Fern Pot		Furniture	Common		Small Flower Pots	A lovely pot of flowers to beautify your world.	https://enshrouded.wiki.gg/wiki/Small_Fern_Pot
3186	Small Flask		Furniture	Common		Clutter	A decorative object to design and beautify your home.|Type=Furniture|Rarity=Common|Stack Size=50}}  == Crafting == {{Crafting	https://enshrouded.wiki.gg/wiki/Small_Flask
8658	Small Grass Pot		Furniture	Common		Small Flower Pots	A lovely pot of flowers to beautify your world.	https://enshrouded.wiki.gg/wiki/Small_Grass_Pot
10580	Small Hollow's Eve Pumpkin I		Furniture	Common		Festive	A decorative object to design and beautify your home.	https://enshrouded.wiki.gg/wiki/Small_Hollow's_Eve_Pumpkin_I
10581	Small Hollow's Eve Pumpkin II		Furniture	Common		Festive	A decorative object to design and beautify your home.	https://enshrouded.wiki.gg/wiki/Small_Hollow's_Eve_Pumpkin_II
10582	Small Hollow's Eve Pumpkin III		Furniture	Common		Festive	A decorative object to design and beautify your home.	https://enshrouded.wiki.gg/wiki/Small_Hollow's_Eve_Pumpkin_III
519	Small Magic Chest		Equipment	Common		Storage	This small magical chest offers increased storage space for items.	https://enshrouded.wiki.gg/wiki/Small_Magic_Chest
8927	Small Monstera Flower Pot		Furniture	Common		Small Flower Pots	A lovely pot of flowers to beautify your world.	https://enshrouded.wiki.gg/wiki/Small_Monstera_Flower_Pot
8596	Small Mortar		Furniture	Common		Clutter	A decorative object to design and beautify your home.	https://enshrouded.wiki.gg/wiki/Small_Mortar
1988	Small Palm Wood Cabinet		Furniture	Common		Shelves	A decorative object to design and beautify your home.	https://enshrouded.wiki.gg/wiki/Small_Palm_Wood_Cabinet
1974	Small Palm Wood Cupboard		Furniture	Common		Cupboards	A decorative object to beautify your home.	https://enshrouded.wiki.gg/wiki/Small_Palm_Wood_Cupboard
8650	Small Pink Flower Pot		Furniture	Common		Small Flower Pots	A lovely pot of flowers to beautify your world.	https://enshrouded.wiki.gg/wiki/Small_Pink_Flower_Pot
8654	Small Pink Wall Pot		Furniture	Common		Small Flower Pots	A lovely pot of flowers to beautify your world.	https://enshrouded.wiki.gg/wiki/Small_Pink_Wall_Pot
8637	Small Plant Pot		Furniture	Common		Plant Pots	A lovely pot of flowers to beautify your world.	https://enshrouded.wiki.gg/wiki/Small_Plant_Pot
1985	Small Polished Wooden Cabinet	小型抛光木柜	Furniture	Common		Shelves	A decorative object to design and beautify your home.	https://enshrouded.wiki.gg/wiki/Small_Polished_Wooden_Cabinet
1972	Small Polished Wooden Cupboard	小型抛光木碗柜	Furniture	Common		Cupboards	A decorative object to design and beautify your home.	https://enshrouded.wiki.gg/wiki/Small_Polished_Wooden_Cupboard
8651	Small Red Flower Pot	小型红花盆	Furniture	Common		Small Flower Pots	A lovely pot of flowers to beautify your world.	https://enshrouded.wiki.gg/wiki/Small_Red_Flower_Pot
8655	Small Red Wall Flower Pot	小型红色壁挂花盆	Furniture	Common		Small Flower Pots	A lovely pot of flowers to beautify your world.	https://enshrouded.wiki.gg/wiki/Small_Red_Wall_Flower_Pot
8792	Small Salon Mirror	小型沙龙镜	Furniture	Common		Basic Decoration	A decorative object to design and beautify your home.	https://enshrouded.wiki.gg/wiki/Small_Salon_Mirror
10363	Small Silver Brazier	小型银火盆	Furniture	Common		Fireplaces	An illumination item that can be placed in your home. Provides comfort, increasing the duration of the Rested Buff.	https://enshrouded.wiki.gg/wiki/Small_Silver_Brazier
4760	Small Steel Barrel	小型钢桶	Furniture	Common		Miscellaneous	A decorative object to design and beautify your home.	https://enshrouded.wiki.gg/wiki/Small_Steel_Barrel
5057	Small Steel Brazier	小型钢火盆	Comfort	Common		Illumination	An illumination item that can be placed in your home.	https://enshrouded.wiki.gg/wiki/Small_Steel_Brazier
8909	Small Stone Arc	小型石拱	Furniture	Common		Columns And Arcs	A decorative object to beautify your home.	https://enshrouded.wiki.gg/wiki/Small_Stone_Arc
3176	Small Stone Brazier	小型石火盆	Furniture	Common		Fireplaces	An illumination item that can be placed in your home.|Type=Furniture|Comfort Category=Illumination|Comfort=+ 3|Rarity=Common|Stack Size=50}}  -  == Crafting == {{Crafting	https://enshrouded.wiki.gg/wiki/Small_Stone_Brazier
8943	Small Throneroom Brazier	小型王座厅火盆	Furniture	Common		Fireplaces	A decorative item, which will provide warmth and illumination in its proximity. Provides comfort, increasing the duration of the Rested Bonus.	https://enshrouded.wiki.gg/wiki/Small_Throneroom_Brazier
10355	Small Wall Mounted Silver Lamp	小型壁挂银灯	Furniture	Common		Illumination	A decorative object to beautify your home.	https://enshrouded.wiki.gg/wiki/Small_Wall_Mounted_Silver_Lamp
5053	Small Wall Mounted Steel Brazier	小型壁挂钢火盆	Comfort	Common		Illumination	An illumination item that can be placed in your home.	https://enshrouded.wiki.gg/wiki/Small_Wall_Mounted_Steel_Brazier
9086	Small Water Wheel	小型水车	Furniture	Rare		Production Places	A small variant of the water wheel. It can be placed in water to generate force for a mill.<br><br>'''Must be placed near the mill.'''	https://enshrouded.wiki.gg/wiki/Small_Water_Wheel
8652	Small White Flower Pot	小型白花盆	Furniture	Common		Small Flower Pots	A lovely pot of flowers to beautify your world.	https://enshrouded.wiki.gg/wiki/Small_White_Flower_Pot
8656	Small White Wall Flower Pot	小型白色壁挂花盆	Furniture	Common		Small Flower Pots	A lovely pot of flowers to beautify your world.	https://enshrouded.wiki.gg/wiki/Small_White_Wall_Flower_Pot
9088	Small Windmill Sails	小型风车叶片	Furniture	Rare		Production Places	A small variant of the water wheel. It can be placed in water to generate force for a mill.<br><br>'''Must be placed near the mill.'''	https://enshrouded.wiki.gg/wiki/Small_Windmill_Sails
8653	Small Yellow Flower Pot	小型黄花盆	Furniture	Common		Small Flower Pots	A lovely pot of flowers to beautify your world.	https://enshrouded.wiki.gg/wiki/Small_Yellow_Flower_Pot
10276	Small Yellow Wall Flower Pot	小型黄色壁挂花盆	Furniture	Common		Small Flower Pots	A lovely pot of flowers to beautify your world.	https://enshrouded.wiki.gg/wiki/Small_Yellow_Wall_Flower_Pot
497	Smelter	熔炉	Furniture	Rare		Production Places	Used by a smith to melt and alloy materials.	https://enshrouded.wiki.gg/wiki/Smelter
459	Smithing Tools	锻造工具	Furniture	Common		Tools and Components	A collection of tools - the heart of every smithy.	https://enshrouded.wiki.gg/wiki/Smithing_Tools
10384	Snap Trap	咬合陷阱	Furniture	Common			If you accidentally get caught in it, it will hurt a little and the shock will stun you got a short time. Better watch your step with these!	https://enshrouded.wiki.gg/wiki/Snap_Trap
5058	Snow Lantern	雪灯	Comfort	Common		Illumination	An illumination item that can be placed in your home.	https://enshrouded.wiki.gg/wiki/Snow_Lantern
5021	Snowball	雪球	Throwable	Common	1	Throwing Weapons	A lumpy ball of snow. It's harmless enough as long as you don't put any rocks inside!	https://enshrouded.wiki.gg/wiki/Snowball
6457	Snowfall	降雪	Generic Item	Common		Dyes	White like freshly fallen snow, somewhere on the edge of the world.  This color palette can be made with [[Albaneve Summits]] materials.	https://enshrouded.wiki.gg/wiki/Snowfall
9290	Snowpal Child	雪人小孩	Furniture	Common		Festive	A friendly figure made from snow.	https://enshrouded.wiki.gg/wiki/Snowpal_Child
9292	Snowpal Dad	雪人爸爸	Furniture	Common		Festive	A friendly figure made from snow.	https://enshrouded.wiki.gg/wiki/Snowpal_Dad
9291	Snowpal Mom	雪人妈妈	Furniture	Common		Festive	A friendly figure made from snow.	https://enshrouded.wiki.gg/wiki/Snowpal_Mom
8680	Spider Web I	蛛网 I	Furniture	Common		Miscellaneous	A decorative object to beautify your home.	https://enshrouded.wiki.gg/wiki/Spider_Web_I
8681	Spider Web II	蛛网 II	Furniture	Common		Miscellaneous	A decorative object to beautify your home.	https://enshrouded.wiki.gg/wiki/Spider_Web_II
8682	Spider Web III	蛛网 III	Furniture	Common		Miscellaneous	A decorative object to beautify your home.	https://enshrouded.wiki.gg/wiki/Spider_Web_III
8683	Spider Web IV	蛛网 IV	Furniture	Common		Miscellaneous	A decorative object to beautify your home.	https://enshrouded.wiki.gg/wiki/Spider_Web_IV
3805	Spine Splinter	脊刺碎片	Two-handed Club			Two-handed Clubs	No armor piece forged today can endure the sheer brutality of this mace.	https://enshrouded.wiki.gg/wiki/Spine_Splinter
4269	Spinning Machine	纺纱机	Materials	Rare		Production Places/Tools and Components	This improved spinning wheel can refine wool and is more effective at producing string and linen.	https://enshrouded.wiki.gg/wiki/Spinning_Machine
945	Spinning Wheel	纺车	Materials	Rare		Production Places/Tools and Components	A workstation that weaves Flax into Linen in a much more effective way.	https://enshrouded.wiki.gg/wiki/Spinning_Wheel
10339	Spiral Iron Stairs	螺旋铁楼梯	Furniture	Common		Traversal	A decorative object to design and beautify your home.	https://enshrouded.wiki.gg/wiki/Spiral_Iron_Stairs
8630	Square Fern Pot	方形蕨类花盆	Furniture	Common		Square Flower Pots	A lovely pot of flowers to beautify your world.	https://enshrouded.wiki.gg/wiki/Square_Fern_Pot
8632	Square Pink Flower Pot	方形粉色花卉花盆	Furniture	Common		Square Flower Pots	A lovely pot of flowers to beautify your world.	https://enshrouded.wiki.gg/wiki/Square_Pink_Flower_Pot
8636	Square Plant Pot	方形植物花盆	Furniture	Common		Plant Pots	A lovely pot of flowers to beautify your world.	https://enshrouded.wiki.gg/wiki/Square_Plant_Pot
8633	Square Red Flower Pot	方形红色花卉花盆	Furniture	Common		Square Flower Pots	A lovely pot of flowers to beautify your world.	https://enshrouded.wiki.gg/wiki/Square_Red_Flower_Pot
8634	Square White Flower Pot	方形白色花卉花盆	Furniture	Common		Square Flower Pots	A lovely pot of flowers to beautify your world.	https://enshrouded.wiki.gg/wiki/Square_White_Flower_Pot
8635	Square Yellow Flower Pot	方形黄色花卉花盆	Furniture	Common		Square Flower Pots	A lovely pot of flowers to beautify your world.	https://enshrouded.wiki.gg/wiki/Square_Yellow_Flower_Pot
8585	Staff Wall Mount	法杖壁挂架	Furniture	Common		Weapon Mounts	A display to showcase weapons or shields.	https://enshrouded.wiki.gg/wiki/Staff_Wall_Mount
8586	Staff Weapon Rack	法杖武器架	Furniture	Common		Weapon Mounts	A display to showcase weapons or shields.	https://enshrouded.wiki.gg/wiki/Staff_Weapon_Rack
8566	Standing Crypt Coffin	立式墓穴棺材	Furniture	Common		Cemetery	A decorative object to design and beautify your home.	https://enshrouded.wiki.gg/wiki/Standing_Crypt_Coffin
10361	Standing Lantern	立式灯笼	Construction Tools	Common		Illumination	An illumination item that can be placed in your home. Provides comfort, increasing the duration of the Rested Buff.	https://enshrouded.wiki.gg/wiki/Standing_Lantern
8684	Standing Target	立式箭靶	Furniture	Common		Miscellaneous	A decorative object to beautify your home.	https://enshrouded.wiki.gg/wiki/Standing_Target
2073	Standing Torch	立式火把	Comfort	Common		Illumination	An illumination item that can be placed in your home.	https://enshrouded.wiki.gg/wiki/Standing_Torch
8826	Standing Wooden Barrel	立式木桶	Furniture	Common		Miscellaneous	A decorative object to beautify your home.	https://enshrouded.wiki.gg/wiki/Standing_Wooden_Barrel
9281	Statue of Queen Pikemead	派克米德女王雕像	Furniture	Epic		Statues	A statue of the late queen '''Pikemead'''. An engraving on the bottom reads:<br><br>Gather'round, we're drinkin'!<br>An ode to the Queen, once young!<br>3 babes on 'er arm, cup filled to the brim.<br>Thinkin' out loud, she'd sung!	https://enshrouded.wiki.gg/wiki/Statue_of_Queen_Pikemead
4758	Steel Bucket	钢桶	Miscellaneous	Common		Miscellaneous	A decorative object to design and beautify your home.	https://enshrouded.wiki.gg/wiki/Steel_Bucket
5056	Steel Chandelier	钢制吊灯	Comfort	Common		Illumination	An illumination item that can be placed in your home.	https://enshrouded.wiki.gg/wiki/Steel_Chandelier
8493	Steel Fence	钢栅栏	Furniture	Common		Fences	A decorative object to design and beautify your home.	https://enshrouded.wiki.gg/wiki/Steel_Fence
8492	Steel Fence Pole	钢栅栏柱	Furniture	Common		Fences	A decorative object to design and beautify your home.	https://enshrouded.wiki.gg/wiki/Steel_Fence_Pole
8494	Steel Handrail	钢扶手	Furniture	Common		Fences	A decorative object to design and beautify your home.	https://enshrouded.wiki.gg/wiki/Steel_Handrail
5051	Steel Hanging Lamp	钢制吊灯	Comfort	Common		Illumination	An illumination item that can be placed in your home.	https://enshrouded.wiki.gg/wiki/Steel_Hanging_Lamp
6957	Steel Portcullis	钢制吊闸	Furniture	Common		Doors	A decorative object to design and beautify your home.	https://enshrouded.wiki.gg/wiki/Steel_Portcullis
5052	Steel Standing Lamp	钢制落地灯	Comfort	Common		Illumination	An illumination item that can be placed in your home.	https://enshrouded.wiki.gg/wiki/Steel_Standing_Lamp
5054	Steel Wall Lamp	钢制壁灯	Comfort	Common		Illumination	An illumination item that can be placed in your home.	https://enshrouded.wiki.gg/wiki/Steel_Wall_Lamp
7179	Still Life	静物	Comfort	Common		Paintings	A decorative object to design and beautify your home.	https://enshrouded.wiki.gg/wiki/Still_Life
2039	Stone Banquet Table	石制宴会桌	Furniture	Common		Tables	A decorative item that can be placed in any building. Provides comfort, increasing the duration of the rested buff.	https://enshrouded.wiki.gg/wiki/Stone_Banquet_Table
2026	Stone Bed	石床	Furniture	Common		Beds	A decorative item that can be placed in any building. Provides comfort, increasing the duration of the rested buff.	https://enshrouded.wiki.gg/wiki/Stone_Bed
2036	Stone Bedside Table	石制床头柜	Furniture	Common		Tables	A decorative item that can be placed in any building. Provides comfort, increasing the duration of the rested buff.	https://enshrouded.wiki.gg/wiki/Stone_Bedside_Table
2047	Stone Bench	石凳	Furniture	Common		Benches	A decorative item that can be placed in any building. Provides comfort, increasing the duration of the rested buff.	https://enshrouded.wiki.gg/wiki/Stone_Bench
2051	Stone Chair	石椅	Furniture	Common		Chairs	A decorative item that can be placed in any building. Provides comfort, increasing the duration of the rested buff.	https://enshrouded.wiki.gg/wiki/Stone_Chair
8911	Stone Column	石柱	Furniture	Common		Columns And Arcs	A decorative object to beautify your home.	https://enshrouded.wiki.gg/wiki/Stone_Column
8910	Stone Column Base	石柱基座	Furniture	Common		Columns And Arcs	A decorative object to beautify your home.	https://enshrouded.wiki.gg/wiki/Stone_Column_Base
8912	Stone Column Block	石柱块	Furniture	Common		Columns And Arcs	A decorative object to beautify your home.	https://enshrouded.wiki.gg/wiki/Stone_Column_Block
1923	Stone Door	石门	Furniture	Common		Doors	A decorative object to design and beautify your home.	https://enshrouded.wiki.gg/wiki/Stone_Door
1924	Stone Double Door	石制双开门	Furniture	Common		Doors	A decorative object to design and beautify your home.	https://enshrouded.wiki.gg/wiki/Stone_Double_Door
2069	Stone Fireplace	石制壁炉	Furniture	Common		Fireplaces	A fireplace that will provide warmth once placed in your home. It's simple, but sufficient for cooking one - ingredient meals and gaining the Rested buff.	https://enshrouded.wiki.gg/wiki/Stone_Fireplace
2066	Stone Lavatory		Furniture	Common		Bathroom	A decorative item that can be placed in any building. Provides comfort, increasing the duration of the rested buff.	https://enshrouded.wiki.gg/wiki/Stone_Lavatory
2422	Stone Shingle Roof Block		Roof Materials	Common		Roof Blocks	A natural way to decorate a roof.	https://enshrouded.wiki.gg/wiki/Stone_Shingle_Roof_Block
2064	Stone Shower	石制淋浴	Furniture	Common		Bathroom	A decorative item that can be placed in any building. Provides comfort, increasing the duration of the rested buff.	https://enshrouded.wiki.gg/wiki/Stone_Shower
2037	Stone Side Table	石制边桌	Furniture	Common		Tables	A decorative item that can be placed in any building. Provides comfort, increasing the duration of the rested buff.	https://enshrouded.wiki.gg/wiki/Stone_Side_Table
2067	Stone Sink	石制水槽	Furniture	Common		Bathroom	A decorative item that can be placed in any building. Provides comfort, increasing the duration of the rested buff.	https://enshrouded.wiki.gg/wiki/Stone_Sink
2038	Stone Table	石桌	Furniture	Common		Tables	A decorative item that can be placed in any building. Provides comfort, increasing the duration of the rested buff.	https://enshrouded.wiki.gg/wiki/Stone_Table
1938	Stone Window Frame	石窗框	Furniture	Common		Windows	A decorative object to design and beautify your home.	https://enshrouded.wiki.gg/wiki/Stone_Window_Frame
2055	Straw mat	稻草垫	Furniture	Common		Carpets	A decorative object to design and beautify your home.	https://enshrouded.wiki.gg/wiki/Straw_mat
8698	Straw Pile	稻草堆	Furniture	Common		Miscellaneous	A decorative object to beautify your home.	https://enshrouded.wiki.gg/wiki/Straw_Pile
2423	Straw Roof Block	稻草屋顶块	Roof Materials	Common		Roof Blocks	Used to build thatched roofs. A basic and reliable solution to protect yourself from the elements	https://enshrouded.wiki.gg/wiki/Straw_Roof_Block
10520	Summit Greatsword	峰顶巨剑					| Type=	https://enshrouded.wiki.gg/wiki/Summit_Greatsword
2350	Summoning Staff	召唤法杖	Essential	Rare		Building Tools/Essentials	Summons rescued survivors into your bases around a Flame Altar.	https://enshrouded.wiki.gg/wiki/Summoning_Staff
3811	Sun Hammer	太阳锤	Two-handed Club			Two-handed Clubs	The sun won't drown in the darkness of night. It will rise again.	https://enshrouded.wiki.gg/wiki/Sun_Hammer
8685	Supply Sacks I	补给袋 I	Furniture	Common		Miscellaneous	A decorative object to beautify your home.	https://enshrouded.wiki.gg/wiki/Supply_Sacks_I
8687	Supply Sacks II	补给袋 II	Furniture	Common		Miscellaneous	A decorative object to beautify your home.	https://enshrouded.wiki.gg/wiki/Supply_Sacks_II
8688	Supply Sacks III	补给袋 III	Furniture	Common		Miscellaneous	A decorative object to beautify your home.	https://enshrouded.wiki.gg/wiki/Supply_Sacks_III
8689	Supply Sacks IV	补给袋 IV	Furniture	Common		Miscellaneous	A decorative object to beautify your home.	https://enshrouded.wiki.gg/wiki/Supply_Sacks_IV
8690	Supply Sacks V	补给袋 V	Furniture	Common		Miscellaneous	A decorative object to beautify your home.	https://enshrouded.wiki.gg/wiki/Supply_Sacks_V
7194	Support Strut	支撑柱	Furniture	Common		Building Scaffolds	A decorative object to design an beautify your home.	https://enshrouded.wiki.gg/wiki/Support_Strut
8587	Sword and Shield Rack	剑盾架	Furniture	Common		Weapon Mounts	A display to showcase weapons or shields.	https://enshrouded.wiki.gg/wiki/Sword_and_Shield_Rack
8782	Sword Garden Gnome	剑花园地精	Furniture	Common		Garden Gnomes	A decorative object to design and beautify your home.	https://enshrouded.wiki.gg/wiki/Sword_Garden_Gnome
249	Table Saw	台锯	Furniture	Rare		Production Places	An important workplace for a Carpenter which will enable many new crafting opportunities.	https://enshrouded.wiki.gg/wiki/Table_Saw
719	Tables	桌子					Decorative items that can be placed in any building. Provides comfort	https://enshrouded.wiki.gg/wiki/Tables
3729	Tall Crypt Fence	高墓地围栏	Furniture	Common		Fences	A decorative object to design and beautify your home.	https://enshrouded.wiki.gg/wiki/Tall_Crypt_Fence
3178	Tall Stone Brazier	高石火盆	Furniture	Common		Fireplaces	An illumination item that can be placed in your home.|Type=Furniture|Comfort Category=Illumination|Comfort=+ 3|Rarity=Common|Stack Size=50}}  == Crafting == {{Crafting|Crafter=Carpenter|Crafting Time=Instant| Crafted Quantity= 1|Ingredients=Resin: 5, Stone: 9}}  [[Category:Fireplaces]]	https://enshrouded.wiki.gg/wiki/Tall_Stone_Brazier
123	Tanning Station	制皮台	Furniture	Rare		Production Places	This workplace will enable the Hunter to mass produce leather.	https://enshrouded.wiki.gg/wiki/Tanning_Station
10281	Taro Plant Pot	芋头盆栽	Furniture	Common		Medium Flower Pots	A lovely pot of flowers to beautify your world.	https://enshrouded.wiki.gg/wiki/Taro_Plant_Pot
10247	Tarpaulin	防水布	Furniture	Common		Miscellaneous	A decorative object to design and beautify your home.	https://enshrouded.wiki.gg/wiki/Tarpaulin
10248	Tarpaulin Corner	防水布角	Furniture	Common		Miscellaneous	A decorative object to design and beautify your home.	https://enshrouded.wiki.gg/wiki/Tarpaulin_Corner
2424	Tarred Shingle Roof Block	涂焦油木瓦屋顶块	Roof Materials	Common		Roof Blocks	Tarring the Wood Logs makes them more resistant and perfect for rooftops.	https://enshrouded.wiki.gg/wiki/Tarred_Shingle_Roof_Block
2425	Tarred Straw Block	涂焦油草块	Roof Materials	Common		Roof Blocks	Made from straw and enhanced with tar. This is an enhanced version of the Plant Fiber Roof Block, especially good to protect from the elements	https://enshrouded.wiki.gg/wiki/Tarred_Straw_Block
3668	Temple Door	神庙门	Doors	Common		Doors	A decorative object to design and beautify your home.	https://enshrouded.wiki.gg/wiki/Temple_Door
2529	Temple Landscape	神庙景观	Comfort	Common		Paintings	A decorative object to design and beautify your home.	https://enshrouded.wiki.gg/wiki/Temple_Landscape
6456	Thieves Guild	盗贼公会	Generic Item	Common		Dyes	For a thief, the only light visible from within the shadows is that which is reflected on a glistening gold coin.  This color palette can be made with [[Kindlewastes]] materials.	https://enshrouded.wiki.gg/wiki/Thieves_Guild
8945	Throneroom Floor Lamp	王座室落地灯	Furniture	Common		Illumination	An illumination item that can be placed in your home. Provides comfort, increasing the duration of the Rested Bonus.	https://enshrouded.wiki.gg/wiki/Throneroom_Floor_Lamp
8942	Throneroom Wall Brazier	王座室壁挂火盆	Furniture	Common		Fireplaces	A decorative item, which will provide warmth and illumination in its proximity. Provides comfort, increasing the duration of the Rested Bonus.	https://enshrouded.wiki.gg/wiki/Throneroom_Wall_Brazier
8946	Throneroom Wall Lamp	王座室壁灯	Furniture	Common		Illumination	An illumination item that can be placed in your home. Provides comfort, increasing the duration of the Rested Bonus.	https://enshrouded.wiki.gg/wiki/Throneroom_Wall_Lamp
515	Tiny Chest	小型箱子	Equipment	Common		Storage	Crude, but easily crafted storage. It holds space for a few items.	https://enshrouded.wiki.gg/wiki/Tiny_Chest
8646	Tiny Pink Flower Pot	小型粉色花盆	Furniture	Common		Tiny Flower Pots	A lovely pot of flowers to beautify your world.	https://enshrouded.wiki.gg/wiki/Tiny_Pink_Flower_Pot
8638	Tiny Plant Pot	小型植物盆	Furniture	Common		Plant Pots	A lovely pot of flowers to beautify your world.	https://enshrouded.wiki.gg/wiki/Tiny_Plant_Pot
8647	Tiny Red Flower Pot	小型红色花盆	Furniture	Common		Tiny Flower Pots	A lovely pot of flowers to beautify your world.	https://enshrouded.wiki.gg/wiki/Tiny_Red_Flower_Pot
8648	Tiny White Flower Pot	小型白色花盆	Furniture	Common		Tiny Flower Pots	A lovely pot of flowers to beautify your world.	https://enshrouded.wiki.gg/wiki/Tiny_White_Flower_Pot
8649	Tiny Yellow Flower Pot	小型黄色花盆	Furniture	Common		Tiny Flower Pots	A lovely pot of flowers to beautify your world.	https://enshrouded.wiki.gg/wiki/Tiny_Yellow_Flower_Pot
8567	Tombstone Always Loved	墓碑：永远被爱	Furniture	Common		Cemetery	A decorative object to design and beautify your home.	https://enshrouded.wiki.gg/wiki/Tombstone_Always_Loved
8568	Tombstone Forever In Our Hearts	墓碑：永存心中	Furniture	Common		Cemetery	A decorative object to design and beautify your home.	https://enshrouded.wiki.gg/wiki/Tombstone_Forever_In_Our_Hearts
8569	Tombstone In Loving Memory	墓碑：深切怀念	Furniture	Common		Cemetery	A decorative object to design and beautify your home.	https://enshrouded.wiki.gg/wiki/Tombstone_In_Loving_Memory
8570	Tombstone Together Again	墓碑：重聚之日	Furniture	Common		Cemetery	A decorative object to design and beautify your home.	https://enshrouded.wiki.gg/wiki/Tombstone_Together_Again
8571	Tombstone Until We Meet Again	墓碑：后会有期	Furniture	Common		Cemetery	A decorative object to design and beautify your home.	https://enshrouded.wiki.gg/wiki/Tombstone_Until_We_Meet_Again
2351	Torch	火把	Tools	Common		Torches	This basic torch provides light for a short amount of time. Watch your step when exploring caves with this!	https://enshrouded.wiki.gg/wiki/Torch
2532	Tower In The Night	夜中之塔	Comfort	Common		Paintings	A decorative object to design and beautify your home.	https://enshrouded.wiki.gg/wiki/Tower_In_The_Night
8691	Training Doll I	训练假人 I	Furniture	Common		Miscellaneous	A decorative object to beautify your home.	https://enshrouded.wiki.gg/wiki/Training_Doll_I
8692	Training Doll II	训练假人 II	Furniture	Common		Miscellaneous	A decorative object to beautify your home.	https://enshrouded.wiki.gg/wiki/Training_Doll_II
8694	Training Doll III	训练假人 III	Furniture	Common		Miscellaneous	A decorative object to beautify your home.	https://enshrouded.wiki.gg/wiki/Training_Doll_III
3609	Trampoline (High Jump)	蹦床（高跳）	Furniture	Common		Essentials	A decorative object to design and beautify your home.	https://enshrouded.wiki.gg/wiki/Trampoline_(High_Jump)
3610	Trampoline (Medium Jump)	蹦床（中跳）	Furniture	Common		Essentials	A decorative object to design and beautify your home.	https://enshrouded.wiki.gg/wiki/Trampoline_(Medium_Jump)
8552	Twilight Bloom	暮光之花	Generic Item	Common		Dyes	When darkness falls, the passionflowers begin to bloom. In the night, their oetals can shift to a muted pink, almost purple, while their cores continue to glow brightly.  This color palette can be made with [[Veilwater Basin]] materials.	https://enshrouded.wiki.gg/wiki/Twilight_Bloom
8762	Two-colored Lily Flower Pot	双色百合花盆	Furniture	Common		Lunar New Year Flower Pots	A lovely pot of flowers to beautify your world.	https://enshrouded.wiki.gg/wiki/Two-colored_Lily_Flower_Pot
8588	Two-Handed Melee Weapon Rack	双手近战武器架	Furniture	Common		Weapon Mounts	A display to showcase weapons or shields.	https://enshrouded.wiki.gg/wiki/Two-Handed_Melee_Weapon_Rack
8590	Two-Handed Melee Weapon Wall Mount	双手近战武器壁挂架	Furniture	Common		Weapon Mounts	A display to showcase weapons or shields.	https://enshrouded.wiki.gg/wiki/Two-Handed_Melee_Weapon_Wall_Mount
7892	Underwater Overgrowth	水下繁茂植被	Overgrowth Material	Common	40	Overgrowth Materials/Crafting Materials	Use the Overgrowth Tool to apply this to structures in your base.	https://enshrouded.wiki.gg/wiki/Underwater_Overgrowth
3185	Urn	骨灰瓮	Furniture	Common		Clutter	A decorative object to design and beautify your home.|Type=Furniture|Rarity=Common|Stack Size=50}}   == Crafting == {{Crafting	https://enshrouded.wiki.gg/wiki/Urn
8827	Vat I	大桶 I	Furniture	Common		Miscellaneous	A decorative object to beautify your home.	https://enshrouded.wiki.gg/wiki/Vat_I
8828	Vat II	大桶 II	Furniture	Common		Miscellaneous	A decorative object to beautify your home.	https://enshrouded.wiki.gg/wiki/Vat_II
8829	Vat III	大桶 III	Furniture	Common		Miscellaneous	A decorative object to beautify your home.	https://enshrouded.wiki.gg/wiki/Vat_III
6958	Vault Door	密库大门	Furniture	Common		Doors	A decorative object to design and beautify your home.	https://enshrouded.wiki.gg/wiki/Vault_Door
8551	Veil Of Blues	蓝色面纱	Generic Item	Common		Dyes	The Veilwater Basin is rich in vibrant colors. The blue sky reflecting in the clear waters - and at night, the waters glow faintly, as if holding onto the memory of the day’s colors.  This color palette can be made with [[Veilwater Basin]] materials.	https://enshrouded.wiki.gg/wiki/Veil_Of_Blues
6455	Verily Verdant	确实青翠	Generic Item	Common		Dyes	Abundant like clover fields, yet mysterious like wild ivy scaling a wizard's tower.  This color palette can be made with [[Nomad Highlands]] materials.	https://enshrouded.wiki.gg/wiki/Verily_Verdant
8878	Vertical Banner I	竖式旗帜 I	Furniture	Common		Banners	A decorative object to design and beautify your home.	https://enshrouded.wiki.gg/wiki/Vertical_Banner_I
8879	Vertical Banner II	竖式旗帜 II	Furniture	Common		Banners	A decorative object to design and beautify your home.	https://enshrouded.wiki.gg/wiki/Vertical_Banner_II
8880	Vertical Banner III	竖式旗帜 III	Furniture	Common		Banners	A decorative object to design and beautify your home.	https://enshrouded.wiki.gg/wiki/Vertical_Banner_III
8881	Vertical Banner IV	竖式旗帜 IV	Furniture	Common		Banners	A decorative object to design and beautify your home.	https://enshrouded.wiki.gg/wiki/Vertical_Banner_IV
6454	Village Oak	村庄橡树	Generic Item	Common		Dyes	A mix of umber and gray, exhibiting both wisdom and solidity.  This color palette can be made with [[Springlands]] materials.	https://enshrouded.wiki.gg/wiki/Village_Oak
8847	Violet Decorative Box	紫罗兰装饰盒	Furniture	Common		Festive	A decoratively wrapped present box.	https://enshrouded.wiki.gg/wiki/Violet_Decorative_Box
8882	Vorgoth's War Banner I	沃戈思战旗 I	Furniture	Common		Banners	A decorative object to design and beautify your home.	https://enshrouded.wiki.gg/wiki/Vorgoth's_War_Banner_I
8883	Vorgoth's War Banner II	沃戈思战旗 II	Furniture	Common		Banners	A decorative object to design and beautify your home.	https://enshrouded.wiki.gg/wiki/Vorgoth's_War_Banner_II
4859	Vukah Shrine	武卡神龛	Furniture	Common		Statues	| Type= Furniture	https://enshrouded.wiki.gg/wiki/Vukah_Shrine
8830	Waggon	四轮马车	Furniture	Common		Miscellaneous	A decorative object to beautify your home.	https://enshrouded.wiki.gg/wiki/Waggon
1946	Wall Banner	墙面旗帜	Furniture	Common		Banners	A decorative object to design and beautify your home.	https://enshrouded.wiki.gg/wiki/Wall_Banner
8716	Wall Drain	墙面排水口	Furniture	Common		Water Utilities	This drain will remove any water above it. Can be placed on the wall.	https://enshrouded.wiki.gg/wiki/Wall_Drain
10448	Wall Lantern I	壁灯 I	Materials	Common		Illumination	An illumination item that can be placed in your home.	https://enshrouded.wiki.gg/wiki/Wall_Lantern_I
10359	Wall Lantern II	壁灯 II	Construction Tools	Common		Illumination	An illumination item that can be placed in your home. Provides comfort, increasing the duration of the Rested Buff.	https://enshrouded.wiki.gg/wiki/Wall_Lantern_II
2086	Wall Mounted Candleholder	壁挂烛台	Comfort	Common		Illumination	An illumination item that can be placed in your home.	https://enshrouded.wiki.gg/wiki/Wall_Mounted_Candleholder
8769	Wall Sign	墙壁标牌	Furniture	Common		Writable Signs	A wall sign that you can write on.	https://enshrouded.wiki.gg/wiki/Wall_Sign
5604	Wall Tapestry (Left)	墙壁挂毯（左）	Materials	Rare		Wall Tapestry	A ripped piece of a wall tapestry. Find both missing pieces to reassemble the scenery!	https://enshrouded.wiki.gg/wiki/Wall_Tapestry_(Left)
5605	Wall Tapestry (Right)	墙壁挂毯（右）	Materials	Rare		Wall Tapestry	A ripped piece of a wall tapestry. Find both missing pieces to reassemble the scenery!	https://enshrouded.wiki.gg/wiki/Wall_Tapestry_(Right)
5555	Wall Tapestry I	墙壁挂毯 I	Comfort	Common		Paintings	A decorative object to design and beautify your home.	https://enshrouded.wiki.gg/wiki/Wall_Tapestry_I
5556	Wall Tapestry II	墙壁挂毯 II	Comfort	Common		Paintings	A decorative object to design and beautify your home.	https://enshrouded.wiki.gg/wiki/Wall_Tapestry_II
5557	Wall Tapestry III	墙壁挂毯 III	Comfort	Common		Paintings	A decorative object to design and beautify your home.	https://enshrouded.wiki.gg/wiki/Wall_Tapestry_III
8536	Wall Tapestry IV	墙壁挂毯 IV	Comfort	Common		Paintings	A decorative object to design and beautify your home.	https://enshrouded.wiki.gg/wiki/Wall_Tapestry_IV
5601	Wall Tapestry Showcase	墙壁挂毯展示	Furniture	Common		Collections	Reassemble a valuable wall tapestry using this showcase.	https://enshrouded.wiki.gg/wiki/Wall_Tapestry_Showcase
8537	Wall Tapestry V	墙壁挂毯 V	Comfort	Common		Paintings	A decorative object to design and beautify your home.	https://enshrouded.wiki.gg/wiki/Wall_Tapestry_V
8695	Wall Target	墙壁箭靶	Furniture	Common		Miscellaneous	A decorative object to beautify your home.	https://enshrouded.wiki.gg/wiki/Wall_Target
2072	Wall Torch	墙壁火把	Comfort	Common		Illumination	An illumination item that can be placed in your home.	https://enshrouded.wiki.gg/wiki/Wall_Torch
8591	Wand Wall Mount	魔杖墙壁挂架	Furniture	Common		Weapon Mounts	A display to showcase weapons or shields.	https://enshrouded.wiki.gg/wiki/Wand_Wall_Mount
8592	Wand Weapon Rack	魔杖武器架	Furniture	Common		Weapon Mounts	A display to showcase weapons or shields.	https://enshrouded.wiki.gg/wiki/Wand_Weapon_Rack
8483	Water Balloon	水气球	Throwable	Common	10	Water Utilities	A plump leather container that's been filled with water. Throw it to make others Wet and Soaked!	https://enshrouded.wiki.gg/wiki/Water_Balloon
8989	Water Barrel	水桶	Furniture	Common		Water Utilities	A barrel that will store rainwater.	https://enshrouded.wiki.gg/wiki/Water_Barrel
8480	Water Barrier Ground	水障地面	Construction Tools	Common		Water Utilities	A magical water barrier to keep water out.	https://enshrouded.wiki.gg/wiki/Water_Barrier_Ground
8481	Water Barrier Wall	水障墙壁	Construction Tools	Common		Water Utilities	A magical water barrier to keep water out.	https://enshrouded.wiki.gg/wiki/Water_Barrier_Wall
7789	Water Dispenser	给水器	Doors	Common		Water Utilities	This item will dispense water endlessly until it is submerged.	https://enshrouded.wiki.gg/wiki/Water_Dispenser
8832	Water Trough	水槽	Furniture	Common		Miscellaneous	A decorative object to beautify your home.	https://enshrouded.wiki.gg/wiki/Water_Trough
1419	Water Well	水井	Furniture	Rare		Production Places	A near unlimited source of water.	https://enshrouded.wiki.gg/wiki/Water_Well
7840	Watering Can	洒水壶	Tools	Common		Water Utilities	A useful item for watering thirsty flowers and plants.	https://enshrouded.wiki.gg/wiki/Watering_Can
8530	Waves Of Valor	英勇之波	Generic Item	Common		Dyes	A vivid palette of bright blue, blazing red, and pure white - crisp, bold, and full of energy, like a banner snapping in the wind  This color palette can be made with [[Veilwater Basin]] materials.	https://enshrouded.wiki.gg/wiki/Waves_Of_Valor
641	Wax Torch	蜡烛火把	Tools	Common		Torches	A very durable and long-lasting source of light made from wax. Equip this before starting your expeditions into the unknown!	https://enshrouded.wiki.gg/wiki/Wax_Torch
8834	Wheel Barrow	独轮手推车	Furniture	Common		Miscellaneous	A decorative object to beautify your home.	https://enshrouded.wiki.gg/wiki/Wheel_Barrow
8763	White Cymbidum Flower Pot	白色兰花花盆	Furniture	Common		Lunar New Year Flower Pots	A lovely pot of flowers to beautify your world.	https://enshrouded.wiki.gg/wiki/White_Cymbidum_Flower_Pot
4829	White Flower Pot (Square)	白色花盆（方形）	Furniture	Common			A lovely pot of flowers to beautify your world.	https://enshrouded.wiki.gg/wiki/White_Flower_Pot_(Square)
10341	Wide Carved Wooden Window Frame	宽雕花木窗框	Furniture	Common		Windows	A decorative object to design and beautify your home.	https://enshrouded.wiki.gg/wiki/Wide_Carved_Wooden_Window_Frame
6453	Windy Fields	风吹原野	Generic Item	Common		Dyes	Grayish green hues combined with a dusty rose color.  This color palette can be made with [[Springlands]] materials.	https://enshrouded.wiki.gg/wiki/Windy_Fields
7893	Wisteria	紫藤	Overgrowth Material	Common	40	Overgrowth Materials/Crafting Materials	Use the Overgrowth Tool to apply this to structures in your base.	https://enshrouded.wiki.gg/wiki/Wisteria
2535	Wolf's Choir	狼之合唱	Comfort	Common		Paintings	A decorative object to design and beautify your home.	https://enshrouded.wiki.gg/wiki/Wolf's_Choir
10282	Wolfsbane Plant Pot	狼毒乌头花盆	Furniture	Common		Medium Flower Pots	A lovely pot of flowers to beautify your world.	https://enshrouded.wiki.gg/wiki/Wolfsbane_Plant_Pot
8495	Wood Banister I	木栏杆 I	Furniture	Common		Building Scaffolds	A decorative object to design and beautify your home.	https://enshrouded.wiki.gg/wiki/Wood_Banister_I
8496	Wood Banister II	木栏杆 II	Furniture	Common		Building Scaffolds	A decorative object to design and beautify your home.	https://enshrouded.wiki.gg/wiki/Wood_Banister_II
8497	Wood Banister III	木栏杆 III	Furniture	Common		Building Scaffolds	A decorative object to design and beautify your home.	https://enshrouded.wiki.gg/wiki/Wood_Banister_III
8498	Wood Banister IV	木栏杆 IV	Furniture	Common		Building Scaffolds	A decorative object to design and beautify your home.	https://enshrouded.wiki.gg/wiki/Wood_Banister_IV
8499	Wood Wall I	木墙 I	Furniture	Common		Building Scaffolds	A decorative object to design and beautify your home.	https://enshrouded.wiki.gg/wiki/Wood_Wall_I
8500	Wood Wall II	木墙 II	Furniture	Common		Building Scaffolds	A decorative object to design and beautify your home.	https://enshrouded.wiki.gg/wiki/Wood_Wall_II
8501	Wood Wall III	木墙 III	Furniture	Common		Building Scaffolds	A decorative object to design and beautify your home.	https://enshrouded.wiki.gg/wiki/Wood_Wall_III
8502	Wood Wall IV	木墙 IV	Furniture	Common		Building Scaffolds	A decorative object to design and beautify your home.	https://enshrouded.wiki.gg/wiki/Wood_Wall_IV
2031	Wooden Banquet Table	木制宴会桌	Furniture	Common		Tables	A decorative item that can be placed in any building. Provides comfort, increasing the duration of the rested buff.	https://enshrouded.wiki.gg/wiki/Wooden_Banquet_Table
2061	Wooden Bathtub	木制浴缸	Furniture	Common		Bathroom	A decorative item that can be placed in any building. Provides comfort, increasing the duration of the rested buff.	https://enshrouded.wiki.gg/wiki/Wooden_Bathtub
2024	Wooden Bed	木床	Furniture	Common		Beds	A decorative item that can be placed in any building. Provides comfort, increasing the duration of the rested buff.	https://enshrouded.wiki.gg/wiki/Wooden_Bed
1995	Wooden Bowl	木碗	Furniture	Common		Tableware	A decorative object to design and beautify your home.	https://enshrouded.wiki.gg/wiki/Wooden_Bowl
1421	Wooden Bucket	木桶	Furniture	Common		Tools and Components	A decorative object to design and beautify your home	https://enshrouded.wiki.gg/wiki/Wooden_Bucket
2049	Wooden Chair	木椅	Furniture	Common		Chairs	A decorative item that can be placed in any building. Provides comfort, increasing the duration of the rested buff.	https://enshrouded.wiki.gg/wiki/Wooden_Chair
5276	Wooden Chest	木箱	Equipment	Common		Storage	This small chest offers increased storage space for items.	https://enshrouded.wiki.gg/wiki/Wooden_Chest
1967	Wooden Crate	木板箱	Furniture	Common		Miscellaneous	A decorative object to design and beautify your home.	https://enshrouded.wiki.gg/wiki/Wooden_Crate
1997	Wooden Cup	木杯	Furniture	Common		Tableware	A decorative object to design and beautify your home.	https://enshrouded.wiki.gg/wiki/Wooden_Cup
1867	Wooden Door	木门	Furniture	Common		Doors	A decorative object to design and beautify your home.	https://enshrouded.wiki.gg/wiki/Wooden_Door
1868	Wooden Double Door	木制双开门	Furniture	Common		Doors	A decorative object to design and beautify your home.	https://enshrouded.wiki.gg/wiki/Wooden_Double_Door
8835	Wooden Grate I	木格栅 I	Furniture	Common		Miscellaneous	A decorative object to beautify your home.	https://enshrouded.wiki.gg/wiki/Wooden_Grate_I
8836	Wooden Grate II	木格栅 II	Furniture	Common		Miscellaneous	A decorative object to beautify your home.	https://enshrouded.wiki.gg/wiki/Wooden_Grate_II
1993	Wooden Ladder	木梯	Furniture	Common		Ladders/Traversal	A decorative object to design and beautify your home.	https://enshrouded.wiki.gg/wiki/Wooden_Ladder
2062	Wooden Lavatory	木制马桶	Furniture	Common		Bathroom	A decorative item that can be placed in any building. Provides comfort, increasing the duration of the rested buff.	https://enshrouded.wiki.gg/wiki/Wooden_Lavatory
8448	Wooden Palisade I	木栅栏 I	Furniture	Common		Fences	A decorative object to design and beautify your home.	https://enshrouded.wiki.gg/wiki/Wooden_Palisade_I
3711	Wooden Palisade II	木栅栏 II	Furniture	Common		Fences	A decorative object to design and beautify your home.	https://enshrouded.wiki.gg/wiki/Wooden_Palisade_II
3710	Wooden Palisade III	木栅栏 III	Furniture	Common		Fences	A decorative object to design and beautify your home.	https://enshrouded.wiki.gg/wiki/Wooden_Palisade_III
3709	Wooden Palisade IV	木栅栏 IV	Furniture	Common		Fences	A decorative object to design and beautify your home.	https://enshrouded.wiki.gg/wiki/Wooden_Palisade_IV
8452	Wooden Palisade V	木栅栏 V	Furniture	Common		Fences	A decorative object to design and beautify your home.	https://enshrouded.wiki.gg/wiki/Wooden_Palisade_V
8453	Wooden Palisade VI	木栅栏 VI	Furniture	Common		Fences	A decorative object to design and beautify your home.	https://enshrouded.wiki.gg/wiki/Wooden_Palisade_VI
8454	Wooden Palisade VII	木栅栏 VII	Furniture	Common		Fences	A decorative object to design and beautify your home.	https://enshrouded.wiki.gg/wiki/Wooden_Palisade_VII
8455	Wooden Palisade VIII	木栅栏 VIII	Furniture	Common		Fences	A decorative object to design and beautify your home.	https://enshrouded.wiki.gg/wiki/Wooden_Palisade_VIII
2029	Wooden Side Table		Furniture	Common		Tables	A decorative item that can be placed in any building. Provides comfort, increasing the duration of the rested buff.	https://enshrouded.wiki.gg/wiki/Wooden_Side_Table
2063	Wooden Sink		Furniture	Common		Bathroom	A decorative item that can be placed in any building. Provides comfort, increasing the duration of the rested buff.	https://enshrouded.wiki.gg/wiki/Wooden_Sink
2030	Wooden Table		Furniture	Common		Tables	A decorative item that can be placed in any building. Provides comfort, increasing the duration of the rested buff.	https://enshrouded.wiki.gg/wiki/Wooden_Table
10583	Wooden Tavern Counter		Furniture			decorative	A decorative item that can be placed in any building. Provides comfort, increasing the duration of the rested buff.	https://enshrouded.wiki.gg/wiki/Wooden_Tavern_Counter
1935	Wooden Window Frame		Furniture	Common		Windows	A decorative object to design and beautify your home.	https://enshrouded.wiki.gg/wiki/Wooden_Window_Frame
132	Workbench		Level 1 Workbench	Rare		Production Places/Essentials	Craft blocks, new items and repair broken equipment.	https://enshrouded.wiki.gg/wiki/Workbench
4961	Yak Feeder		Materials	Common		Animal Furniture	A feeding device that holds Yak food.	https://enshrouded.wiki.gg/wiki/Yak_Feeder
9851	Yellow Confetti Mortar		Consumables	Common			These fireworks were brought to you by the wonders of alchemy!	https://enshrouded.wiki.gg/wiki/Yellow_Confetti_Mortar
8764	Yellow Cymbidum Flower Pot		Furniture	Common		Lunar New Year Flower Pots	A lovely pot of flowers to beautify your world.	https://enshrouded.wiki.gg/wiki/Yellow_Cymbidum_Flower_Pot
8848	Yellow Decorative Box	黄色装饰盒	Furniture	Common		Festive	A decoratively wrapped present box.	https://enshrouded.wiki.gg/wiki/Yellow_Decorative_Box
4827	Yellow Flower Pot (Square)	黄色花盆（方形）	Furniture	Common			A lovely pot of flowers to beautify your world.	https://enshrouded.wiki.gg/wiki/Yellow_Flower_Pot_(Square)
9846	Yellow Fountain	黄色喷泉	Consumables	Common			These fireworks were brought to you by the wonders of alchemy!	https://enshrouded.wiki.gg/wiki/Yellow_Fountain
8765	Yellow Lily Flower Pot	黄色百合花盆	Furniture	Common		Lunar New Year Flower Pots	A lovely pot of flowers to beautify your world.	https://enshrouded.wiki.gg/wiki/Yellow_Lily_Flower_Pot
2191	Adventurer Boots	冒险者长靴	Foot Armor	Common - Legendary	10 - 15	Melee Armor	These boots are perfect for any terrain. Easy to clean, robust, and light.	https://enshrouded.wiki.gg/wiki/Adventurer_Boots
2188	Adventurer Chest	冒险者胸甲	Upper Body Armor	Common - Legendary	10 - 15	Melee Armor	Warm, light, and agile. This piece of armor is a great fit for adventurers! The red scarf is especially daring.	https://enshrouded.wiki.gg/wiki/Adventurer_Chest
2189	Adventurer Gloves	冒险者手套	Arm Armor	Common - Legendary	10 - 15	Melee Armor	Sturdy gloves that protect the hands while exploring. The red markings on them represent bravery.	https://enshrouded.wiki.gg/wiki/Adventurer_Gloves
2187	Adventurer Helmet	冒险者头盔	Head Armor	Common - Legendary	10 - 15	Melee Armor	A simple but reliable helmet. You might still get a bump or two if you get hit, but that's part of the fun.	https://enshrouded.wiki.gg/wiki/Adventurer_Helmet
2190	Adventurer Trousers	冒险者长裤	Lower Body Armor	Common - Legendary	10 - 15	Melee Armor	No matter how they may wear and tear, these pants can always be patched up again! That makes them suitable for bold explorers.	https://enshrouded.wiki.gg/wiki/Adventurer_Trousers
2128	Alchemist Apprentice Boots	炼金术士学徒之靴	Foot Armor	Common - Legendary	5 - 10	Magic Armor	Simple leather boots — a perfect fit.	https://enshrouded.wiki.gg/wiki/Alchemist_Apprentice_Boots
2125	Alchemist Apprentice Chest	炼金术士学徒胸甲	Upper Body Armor	Common - Legendary	5 - 10	Magic Armor	A comfortable, traditional garb suiting an upcoming alchemist.	https://enshrouded.wiki.gg/wiki/Alchemist_Apprentice_Chest
2126	Alchemist Apprentice Gloves	炼金术士学徒手套	Arm Armor	Common - Legendary	5 - 10	Magic Armor	Starting out on the path of the alchemist apprentice, these gloves will make your life a little more comfortable.	https://enshrouded.wiki.gg/wiki/Alchemist_Apprentice_Gloves
2124	Alchemist Apprentice Hat	炼金术士学徒帽	Head Armor	Common - Legendary	5 - 10	Magic Armor	Providing general protection and shade, the alchemist's apprentice hat is perfect for wandering around the world.	https://enshrouded.wiki.gg/wiki/Alchemist_Apprentice_Hat
2127	Alchemist Apprentice Trousers	炼金术士学徒长裤	Lower Body Armor	Common - Legendary	5 - 10	Magic Armor	Comfortable trousers for long walks.	https://enshrouded.wiki.gg/wiki/Alchemist_Apprentice_Trousers
5084	Alpine Antler Boots	高山鹿角靴	Foot Armor	Common - Legendary	30 - 35	Ranged Armor	A light pair of boots that allow for swift movements when wading through snow and blizzards. You can scout the frozen fringes of the mountains for miles when wearing these shoes!	https://enshrouded.wiki.gg/wiki/Alpine_Antler_Boots
5073	Alpine Antler Chest	高山鹿角胸甲	Upper Body Armor	Common - Legendary	30 - 35	Ranged Armor	A blue overcoat with a fluffy, snow-white trim to keep warm. The pelts are lightweight and won't weigh you down when scaling the mountain tops to find vantage points.	https://enshrouded.wiki.gg/wiki/Alpine_Antler_Chest
5076	Alpine Antler Gloves	高山鹿角手套	Arm Armor	Common - Legendary	30 - 35	Ranged Armor	A pair of thick gloves, stuffed with warm, white fur. The area around the back of the wrist is shielded with a small metal plate.	https://enshrouded.wiki.gg/wiki/Alpine_Antler_Gloves
5072	Alpine Antler Hood	高山鹿角兜帽	Head Armor	Common - Legendary	30 - 35	Ranged Armor	A fur hood that protects the wearer's face from the strong, cutting mountain winds.	https://enshrouded.wiki.gg/wiki/Alpine_Antler_Hood
5079	Alpine Antler Trousers	高山鹿角长裤	Lower Body Armor	Common - Legendary	30 - 35	Ranged Armor	A simple pair of brown leather pants that connect well to the corresponding undergarments for the torso.	https://enshrouded.wiki.gg/wiki/Alpine_Antler_Trousers
2271	Archer Boots	弓箭手之靴	Foot Armor	Common - Legendary	10 - 15	Ranged Armor	Woodland boots made of carefully layered leather straps.	https://enshrouded.wiki.gg/wiki/Archer_Boots
2268	Archer Chest	弓箭手胸甲	Upper Body Armor	Common - Legendary	10 - 15	Ranged Armor	The leather on this nature-bound armor piece was layered to resemble the leaves of a blossoming forest.	https://enshrouded.wiki.gg/wiki/Archer_Chest
2269	Archer Gloves	弓箭手手套	Arm Armor	Common	13	Ranged Armor	These Archer Gloves have been refined to be snug and effective.	https://enshrouded.wiki.gg/wiki/Archer_Gloves
2267	Archer Helmet	弓箭手头盔	Head Armor	Common	13	Ranged Armor	An archer's hood. The leather trim provides additional protection and camouflages the wearer between the trees.	https://enshrouded.wiki.gg/wiki/Archer_Helmet
2270	Archer Trousers	弓箭手长裤	Lower Body Armor	Common	13	Ranged Armor	The coloring of these pants allows the wearer to seamlessly blend into the foliage.	https://enshrouded.wiki.gg/wiki/Archer_Trousers
2154	Archmage Boots	大法师之靴	Foot Armor	Common	23	Magic Armor	These boots were made by the most talented cobblers and are as expensive as they come.	https://enshrouded.wiki.gg/wiki/Archmage_Boots
2151	Archmage Chest	大法师胸甲	Upper Body Armor	Common	23	Magic Armor	A truly spirited garb for magicians and casters. The fabric was laboriously dyed with deep cobalt pigment derived from imported nightblooms.	https://enshrouded.wiki.gg/wiki/Archmage_Chest
2152	Archmage Gloves	大法师手套	Arm Armor	Common	23	Magic Armor	Gloves which were worn by the most talented, renowned and successful mages of the kingdom.	https://enshrouded.wiki.gg/wiki/Archmage_Gloves
2150	Archmage Hat	大法师帽	Head Armor	Common	23	Magic Armor	This magical hat was decorated with fine metal spines that reach out to the stars. It only graces the brightest minds in Embervale!	https://enshrouded.wiki.gg/wiki/Archmage_Hat
2153	Archmage Trousers	大法师长裤	Lower Body Armor	Common	23	Magic Armor	The pants are elegantly held together with cobalt stitching and thread. The color represents sophistication and the superiority of the mind.	https://enshrouded.wiki.gg/wiki/Archmage_Trousers
2296	Assassin Boots	刺客靴子	Foot Armor	Common	23	Ranged Armor	Your steps will be quick and quiet, and your strikes will be deadly.	https://enshrouded.wiki.gg/wiki/Assassin_Boots
2293	Assassin Chest	刺客胸甲	Upper Body Armor	Common	23	Ranged Armor	A refined chest piece that lets you fade into the dark and strike from the shadows.	https://enshrouded.wiki.gg/wiki/Assassin_Chest
2294	Assassin Gloves	刺客手套	Arm Armor	Common	23	Ranged Armor	Robust gloves that hide the wearer's palms and true intentions.	https://enshrouded.wiki.gg/wiki/Assassin_Gloves
2292	Assassin Hood	刺客兜帽	Head Armor	Common	23	Ranged Armor	A special piece of cloth was added to this assassin hood to hide the wearer's face and their most likely daunting smile.	https://enshrouded.wiki.gg/wiki/Assassin_Hood
2295	Assassin Trousers	刺客长裤	Lower Body Armor	Common	23	Ranged Armor	A plain pair of pants. Under different circumstances, they would allow the wearer to easily blend into any crowd.	https://enshrouded.wiki.gg/wiki/Assassin_Trousers
6345	Blackguard Boots	黑卫士靴	Foot Armor	Common	18	Melee Armor	A warrior's boots that used to brandish a golden sheen. They've dulled due to the fungal overgrowth.<br><br>Offers extended protection against the Shroud.	https://enshrouded.wiki.gg/wiki/Blackguard_Boots
6342	Blackguard Chest	黑卫士胸甲	Upper Body Armor	Common	18	Melee Armor	A metal cuirass with subtle embossing on it. The pattern is reminiscent of golden tangled vines, now sprouting with delicate mycelium.  Offers extended protection against the Shroud.	https://enshrouded.wiki.gg/wiki/Blackguard_Chest
6343	Blackguard Gloves	黑卫士手套	Arm Armor	Common	18	Melee Armor	Reinforced gloves with makeshift chitin plating.	https://enshrouded.wiki.gg/wiki/Blackguard_Gloves
6341	Blackguard Helmet	黑卫士头盔	Head Armor	Common	18	Melee Armor	A helmet made from petrified insectoid critter legs assembled to grasp at the wearer's face like claws.<br><br>Offers extended protection against the Shroud.	https://enshrouded.wiki.gg/wiki/Blackguard_Helmet
6344	Blackguard Trousers	黑卫兵长裤	Lower Body Armor	Common	18	Melee Armor	A pair of rotting pants, held together by stabilizing chitin shells.<br><br>Offers extended protection against the Shroud.	https://enshrouded.wiki.gg/wiki/Blackguard_Trousers
4567	Blacksmith Boots	铁匠靴子	Foot Cosmetic	Cosmetic		Cosmetic Armor	These boots will still keep their shape even if you drop a hammer on them. Or tongs. Or an entire anvil. How handy!	https://enshrouded.wiki.gg/wiki/Blacksmith_Boots
4565	Blacksmith Garb	铁匠长袍	Upper Body Cosmetic	Cosmetic		Cosmetic Armor	Just enough to protect the wearer from sparks.	https://enshrouded.wiki.gg/wiki/Blacksmith_Garb
4564	Blacksmith Hat	铁匠帽	Head Cosmetic	Cosmetic		Cosmetic Armor	A simple head-covering to soak up some of that pesky sweat. Keeps your precious ears away from hot swinging irons!	https://enshrouded.wiki.gg/wiki/Blacksmith_Hat
4566	Blacksmith Pants	铁匠长裤	Lower Body Cosmetic	Cosmetic		Cosmetic Armor	These pants are smeared with soot.	https://enshrouded.wiki.gg/wiki/Blacksmith_Pants
9410	Blood Rose Boots	血玫瑰长靴	Foot Cosmetic	Cosmetic		Cosmetic Armor	''Click-clack, click-clack'' - You hear the sound of her raised heel from a mile away, piercing the ground with unyielding staccato. As her steps quicken, so does your breath. Do not get caught in her path.	https://enshrouded.wiki.gg/wiki/Blood_Rose_Boots
9413	Blood Rose Chestplate	血玫瑰胸甲	Upper Body Cosmetic	Cosmetic		Cosmetic Armor	A laced-up metal bodice that births a crinoline-esque cage. You shan’t let these shackles fool you. ''No band, and no blood can manacle the wrath of the Blood Rose''	https://enshrouded.wiki.gg/wiki/Blood_Rose_Chestplate
9414	Blood Rose Mail Coif	血玫瑰锁甲头巾	Head Cosmetic	Cosmetic		Cosmetic Armor	A chainmail coif, crowned with a wreath of roses and thorns. Beauty and pain, pleasure and despair - they all coalesce in her halo.	https://enshrouded.wiki.gg/wiki/Blood_Rose_Mail_Coif
9411	Blood Rose Pants	血玫瑰长裤	Lower Body Cosmetic	Cosmetic		Cosmetic Armor	Full metal armor with flourishing lines, swinging around the leg like ensnaring vines. Their thorns may prick, tear, and break her, but ''a wounded beer leaps highest,'' so they say.	https://enshrouded.wiki.gg/wiki/Blood_Rose_Pants
7828	Bloodfeather Chest	血羽胸甲	Upper Body Armor	Common	43	Ranged Armor	With this chest piece, you can cut through the woods with ease, remaining undetected as you prepare your next strike.	https://enshrouded.wiki.gg/wiki/Bloodfeather_Chest
7829	Bloodfeather Gloves	血羽手套	Arm Armor	Common	43	Ranged Armor	Adorned with a crystal and gold trip, these gloves give you a firm grip on your daggers - ideal for strikes from behind.	https://enshrouded.wiki.gg/wiki/Bloodfeather_Gloves
7827	Bloodfeather Helmet	血羽头盔	Head Armor	Common	43	Ranged Armor	The head armor combines a mask, cloth, and horns. For most foes, it will be the last thing they see when you catch them by surprise.	https://enshrouded.wiki.gg/wiki/Bloodfeather_Helmet
7830	Bloodfeather Pants	血羽长裤	Lower Body Armor	Common	43	Ranged Armor	Designed for stealth, these natural pants make sneaking through the thicket effortless.	https://enshrouded.wiki.gg/wiki/Bloodfeather_Pants
7826	Bloodfeather Shoes	血羽鞋	Foot Armor	Common	43	Ranged Armor	With these shoes, maintain your stance and recover before launching your next attack.	https://enshrouded.wiki.gg/wiki/Bloodfeather_Shoes
4422	Brazen Bull Boots	铜牛长靴	Foot Armor	Rare	30-35	Melee Armor	No one will get through you whilst you stand your ground in these regal boots.	https://enshrouded.wiki.gg/wiki/Brazen_Bull_Boots
4419	Brazen Bull Chest	铜牛胸甲	Upper Body Armor	Rare	30-35	Melee Armor	If anyone dares to engage you in close combat, they'll get a taste of your wildly thrashing spiked shoulder pads. Your defense will be impenetrable, and the cuts you'll leave will be deep.	https://enshrouded.wiki.gg/wiki/Brazen_Bull_Chest
4420	Brazen Bull Gloves	铜牛手套	Arm Armor	Rare	30-35	Melee Armor	Catching a backhand from these spiked gloves will bring even the most vigilant attacker to their knees.	https://enshrouded.wiki.gg/wiki/Brazen_Bull_Gloves
4312	Brazen Bull Helmet	铜牛头盔	Head Armor	Rare	30-35	Melee Armor	A heavy helmet, adorned with the imposing horns of a bull and a tall, far-reaching crest. The faceplate only leaves room for the eyes, letting the wearer's red-hot anger radiate outwards.	https://enshrouded.wiki.gg/wiki/Brazen_Bull_Helmet
4421	Brazen Bull Trousers	铜牛长裤	Lower Body Armor	Rare	30-35	Melee Armor	These leg guards protect the wearer's sides from incoming strikes.	https://enshrouded.wiki.gg/wiki/Brazen_Bull_Trousers
7802	Captain's Coat	船长外套	Upper Body Cosmetic	Cosmetic		Cosmetic Armor	This impressive coat is regal, lived-in, and vaguely... salty. It make you feel as though you should be steering a ship to safety amidst a thundering storm!	https://enshrouded.wiki.gg/wiki/Captain's_Coat
7855	Circlet Of Lightning	闪电头环	Head Armor	Common	45	Magic Armor	A metal crown, coursing with electrifying energy. Wearing it makes the hair on your body stand up.	https://enshrouded.wiki.gg/wiki/Circlet_Of_Lightning
2291	Deadeye Boots	死眼之靴	Foot Armor	Common	23	Ranged Armor	These boots are perfect for keeping a stable stance while aiming, shooting, and killing.	https://enshrouded.wiki.gg/wiki/Deadeye_Boots
2289	Deadeye Gloves	死眼手套	Arm Armor	Common	23	Ranged Armor	Your shots will always find their mark with these gloves.	https://enshrouded.wiki.gg/wiki/Deadeye_Gloves
2287	Deadeye Hood	死眼兜帽	Head Armor	Common	23	Ranged Armor	This archery hood lets you watch over the peaks and valleys like a hawk. Nothing will escape your vigilant gaze !	https://enshrouded.wiki.gg/wiki/Deadeye_Hood
2290	Deadeye Trousers	死眼长裤	Lower Body Armor	Common	23	Ranged Armor	These pants are extremely light and therefore enable quick and flexible movements. Crouch, climb, and run to gain an advantage !	https://enshrouded.wiki.gg/wiki/Deadeye_Trousers
2288	Deadeye Vest	死眼背心	Upper Body Armor	Common	23	Ranged Armor	Duck, dodge, and roll out of harm's way with this lightweight vest.	https://enshrouded.wiki.gg/wiki/Deadeye_Vest
2301	Deerstalker Boots		Foot Armor	Common	23	Ranged Armor	Stalking prey in these boots makes barely any sound. None will hear you coming.	https://enshrouded.wiki.gg/wiki/Deerstalker_Boots
2298	Deerstalker Chest	猎鹿人胸甲	Upper Body Armor	Common	23	Ranged Armor	Every movement is softened and muted whilst clad in this upper body armor.	https://enshrouded.wiki.gg/wiki/Deerstalker_Chest
2299	Deerstalker Gloves	猎鹿人手套	Arm Armor	Common	23	Ranged Armor	Firing an arrow with these gloves is effortless, creating a silky smooth stream of movement for the wearer.	https://enshrouded.wiki.gg/wiki/Deerstalker_Gloves
2297	Deerstalker Hood	猎鹿人兜帽	Head Armor	Commo	23	Ranged Armor	The cloth straps attached to this mask glide softly in the breeze, helping to discern wind direction and speed.	https://enshrouded.wiki.gg/wiki/Deerstalker_Hood
2300	Deerstalker Trousers	猎鹿人长裤	Lower Body Armor	Common	23	Ranged Armor	Warm and padded hunting pants that will retain your body heat during cold, starless nights.	https://enshrouded.wiki.gg/wiki/Deerstalker_Trousers
7836	Diving Helmet	潜水头盔	Head Armor	Common	45	Miscellaneous Armor	A silver helmet that increases your maximum oxygen while diving.   Its delicate engraved lines imitate the flow of water, and the viewport is segmented like a clam's shell.	https://enshrouded.wiki.gg/wiki/Diving_Helmet
7982	Drakian Boots	德拉克靴子	Foot Armor	Common	45	Miscellaneous Armor	A pair of boots that has been reinforced with Drak paraphernalia, granting you the upper hand in combat.	https://enshrouded.wiki.gg/wiki/Drakian_Boots
2311	Eagle Eye Boots	鹰眼之靴	Foot Armor	Common	25	Ranged Armor	Wrapped in darkened leather and shrouded in mystery, these boots carry the wearer as if on clouds.	https://enshrouded.wiki.gg/wiki/Eagle_Eye_Boots
2308	Eagle Eye Chest	鹰眼胸甲	Upper Body Armor	Common	25	Ranged Armor	The bright adornment on this armor piece shines brightly and aims to honor the glorious Flame.	https://enshrouded.wiki.gg/wiki/Eagle_Eye_Chest
2309	Eagle Eye Gloves	鹰眼手套	Arm Armor	Common	25	Ranged Armor	Blessed by the Flame and bathed in the glorious light, these gloves will ensure that your every strike is guided by the Ancients themselves.	https://enshrouded.wiki.gg/wiki/Eagle_Eye_Gloves
2307	Eagle Eye Helmet	鹰眼头盔	Head Armor	Common	25	Ranged Armor	This hood further enhances your sight and lets your gaze burn hotter than a thousand suns.	https://enshrouded.wiki.gg/wiki/Eagle_Eye_Helmet
2310	Eagle Eye Trousers	鹰眼长裤	Lower Body Armor	Common	25	Ranged Armor	The faded cool hue of these pants provides stark contrast to the flaming accents on the rest of the armor set.	https://enshrouded.wiki.gg/wiki/Eagle_Eye_Trousers
10380	Efflorescent Hope Boots	绽放希望之靴	Foot Cosmetic	Cosmetic		Cosmetic Armor	Cloven, finely segmented boots. Their shape is reminiscent of Faedeer hooves.	https://enshrouded.wiki.gg/wiki/Efflorescent_Hope_Boots
10377	Efflorescent Hope Chest	绽放希望胸甲	Upper Body Cosmetic	Cosmetic		Cosmetic Armor	This royal chest piece frames a gleaming gem as its heart, reminding the wearer that hope will prevail. Taupe colored sleeves drape at the sides like a chrysalis being shed. The shoulders are accentuated by wing - or petal-like shapes, blossoming outwards.	https://enshrouded.wiki.gg/wiki/Efflorescent_Hope_Chest
10376	Efflorescent Hope Flower Crown	绽放希望花冠	Head Cosmetic	Cosmetic		Cosmetic Armor	A wearable floral wreath. Each sprig, bud, and leaf has been meticulously woven to create a blooming halo. <br> Whoever hand-crafted this did so with botanical knowledge and love.	https://enshrouded.wiki.gg/wiki/Efflorescent_Hope_Flower_Crown
10378	Efflorescent Hope Gloves	绽放希望手套	Arm Cosmetic	Cosmetic		Cosmetic Armor	Gold veins flow through these gloves like sun-kissed rivers emerging after an icy slumber. The color of the underlying cloth changes from blue to green, symbolizing an awakening- a reach toward the light above the water’s surface.	https://enshrouded.wiki.gg/wiki/Efflorescent_Hope_Gloves
10379	Efflorescent Hope Pants	绽放希望长裤	Lower Body Cosmetic	Cosmetic		Cosmetic Armor	Deep blue pants made from opaque material. With these, warmth will embrace you like a cocoon	https://enshrouded.wiki.gg/wiki/Efflorescent_Hope_Pants
2174	Elder Boots	长老之靴	Foot Armor	Common	25	Magic Armor	The design of these boots imitates the skin of wyverns. Their scales were rumored to have the exceptional ability to absorb magical energy from all around!	https://enshrouded.wiki.gg/wiki/Elder_Boots
2171	Elder Chest	长老胸甲	Upper Body Armor	Common	25	Magic Armor	This armor was conceived to restrain and control the wearer's smoldering magical energy within. If worn by a mere apprentice rather than an elder, it could make their heart stop!	https://enshrouded.wiki.gg/wiki/Elder_Chest
2172	Elder Gloves	长老手套	Arm Armor	Common	25	Magic Armor	All the forgotten knowledge of the world will be at your fingertips with these highly sought - after gloves.	https://enshrouded.wiki.gg/wiki/Elder_Gloves
2170	Elder Hat	长老之帽	Head Armor	Common	25	Magic Armor	The past, present, and future all unfold in front of your eyes like blooming aureolins when observed through this helmet.	https://enshrouded.wiki.gg/wiki/Elder_Hat
2173	Elder Trousers	长老长裤	Lower Body Armor	Common	25	Magic Armor	Magnificent pants, word by the most battle hardened and sagacious wizards.	https://enshrouded.wiki.gg/wiki/Elder_Trousers
3477	Elite Hollow Boots	精英空心靴	Foot Armor	Common	23	Melee Armor	These boots are enhanced with metal plates, providing more defense to the sensitive shins of the skeletons wearing them.	https://enshrouded.wiki.gg/wiki/Elite_Hollow_Boots
3474	Elite Hollow Chest Plate	精英空心胸甲	Upper Body Armor	Common	23	Melee Armor	A combination of rust-red fabric, metal plates, and gold accents. The latter usually matches the Hollow's gold teeth!	https://enshrouded.wiki.gg/wiki/Elite_Hollow_Chest_Plate
3475	Elite Hollow Gloves	精英空心手套	Arm Armor	Common	23	Melee Armor	Heavy gloves, usually carried by bony or rotting ice-cold fingers.	https://enshrouded.wiki.gg/wiki/Elite_Hollow_Gloves
3473	Elite Hollow Helmet	精英空心头盔	Head Armor	Common	23	Melee Armor	An extravagant helmet with red plumes, traditionally worn by high-ranking army commanders.	https://enshrouded.wiki.gg/wiki/Elite_Hollow_Helmet
3476	Elite Hollow Pants	精英空心长裤	Lower Body Armor	Common	23	Melee Armor	Cloth pants that are ripped and torn. A keen eye can spot sprinkles of died blood on them.	https://enshrouded.wiki.gg/wiki/Elite_Hollow_Pants
3466	Exclusive Hollow Boots	独家空心靴	Foot Cosmetic	Cosmetic		Cosmetic Armor	Sturdy boots that withstand any march for hundreds of miles.	https://enshrouded.wiki.gg/wiki/Exclusive_Hollow_Boots
3463	Exclusive Hollow Chestplate	独家空心胸甲	Upper Body Cosmetic	Cosmetic		Cosmetic Armor	This plate armor stands out with its golden glow metal trim and vibrant underlying colorway. The royal purple was achieved by harvesting and heating sea snail mucus in the past, and the extinction of aquatic wildlife only heightens its exclusivity.	https://enshrouded.wiki.gg/wiki/Exclusive_Hollow_Chestplate
3464	Exclusive Hollow Gloves	独家空心手套	Arm Cosmetic	Cosmetic		Cosmetic Armor	The golden adornments on these gloves create an aura of superiority and grace.	https://enshrouded.wiki.gg/wiki/Exclusive_Hollow_Gloves
3462	Exclusive Hollow Helmet	独家空心头盔	Head Cosmetic	Cosmetic		Cosmetic Armor	Vibrant amethyst-colored plumes adorn this helmet, indicating that the previous wearer might have been a royal commander.	https://enshrouded.wiki.gg/wiki/Exclusive_Hollow_Helmet
3465	Exclusive Hollow Pants	独家空心长裤	Lower Body Cosmetic	Cosmetic		Cosmetic Armor	Pants fit for a midnight march. The metal plating is polished enough to reflect the moonlight.	https://enshrouded.wiki.gg/wiki/Exclusive_Hollow_Pants
3434	Explorer Boots	探险者靴子	Foot Cosmetic	Cosmetic		Cosmetic Armor	The wilderness will bend to your will in no time when you face it wearing these sturdy, bite-proof boots.	https://enshrouded.wiki.gg/wiki/Explorer_Boots
3431	Explorer Coat	探险者外套	Upper Body Cosmetic	Cosmetic		Cosmetic Armor	The backpack provides ample space for storing unknown flora or newly discovered artifacts while adventuring!	https://enshrouded.wiki.gg/wiki/Explorer_Coat
3432	Explorer Gloves	探险者手套	Arm Cosmetic	Cosmetic		Cosmetic Armor	Fantastic Gloves for digging up secrets, uncovering treasures, or cartographing never-before-seen lands!	https://enshrouded.wiki.gg/wiki/Explorer_Gloves
3429	Explorer Helmet	探险者头盔	Head Cosmetic	Cosmetic		Cosmetic Armor	Dashing headgear with a set of goggles. They protect the wearer's eyes from vapors and water but were also used while gliding on wind currents back in the day.	https://enshrouded.wiki.gg/wiki/Explorer_Helmet
3433	Explorer Pants	探险者长裤	Lower Body Cosmetic	Cosmetic		Cosmetic Armor	Even after many weeks on the road, these pants will still be comfortable and in good shape.	https://enshrouded.wiki.gg/wiki/Explorer_Pants
4557	Farmer Boots	农夫靴	Foot Cosmetic	Cosmetic		Cosmetic Armor	Simple boots for hardworking folk.	https://enshrouded.wiki.gg/wiki/Farmer_Boots
4555	Farmer Garb	农夫长袍	Upper Body Cosmetic	Cosmetic		Cosmetic Armor	Faintly smells of grain, sweet summer days, and honey.	https://enshrouded.wiki.gg/wiki/Farmer_Garb
4554	Farmer Hat	农夫帽	Head Cosmetic	Cosmetic		Cosmetic Armor	It keeps the sun out of your tired eyes. That's all it has to do!	https://enshrouded.wiki.gg/wiki/Farmer_Hat
4556	Farmer Pants	农夫裤	Lower Body Cosmetic	Cosmetic		Cosmetic Armor	Sunbleached pants, carefully patched and sown with leftover thread. The cloth is wearing thin in some areas...	https://enshrouded.wiki.gg/wiki/Farmer_Pants
6032	Flame Pact Boots	火焰契约靴	Foot Cosmetic	Cosmetic		Cosmetic Armor	Brown boots equipped with belt buckles and shoe laces. Perfect for a stroll through your wonderful village, castle, or underground bunker.	https://enshrouded.wiki.gg/wiki/Flame_Pact_Boots
6030	Flame Pact Gloves	火焰契约手套	Arm Cosmetic	Cosmetic		Cosmetic Armor	Gloves adorned with glowing, green gems. No matter what you're rebuilding or tearing down - you'll always look fashionable with these!	https://enshrouded.wiki.gg/wiki/Flame_Pact_Gloves
6028	Flame Pact Hat	焰契帽	Head Cosmetic	Cosmetic		Cosmetic Armor	A floppy hat with red feathers.	https://enshrouded.wiki.gg/wiki/Flame_Pact_Hat
6031	Flame Pact Pants	焰契长裤	Lower Body Cosmetic	Cosmetic		Cosmetic Armor	Light brown pants. Comfortable and distinguished in their simplicity.	https://enshrouded.wiki.gg/wiki/Flame_Pact_Pants
6029	Flame Pact Vest	焰契背心	Upper Body Cosmetic	Cosmetic		Cosmetic Armor	The best way to elevate your outfit is by extensively adding belts and straps to an inflationary degree, or so they say. A golden sigil on the chest signals your dedication to the Flame.	https://enshrouded.wiki.gg/wiki/Flame_Pact_Vest
7856	Flaming Gauntlets	燃焰护手	Arm Armor	Common	45	Magic Armor	Gauntlets that burn with pure, magical fire. Use them to set your foes aflame!	https://enshrouded.wiki.gg/wiki/Flaming_Gauntlets
4576	Fluffy Boots	毛绒靴子	Foot Cosmetic	Cosmetic		Cosmetic Armor	These boots are stuffed with extra fluff, thus keeping your feet nice and warm in the snow.	https://enshrouded.wiki.gg/wiki/Fluffy_Boots
4580	Fluffy Hood	毛绒兜帽	Head Cosmetic	Cosmetic		Cosmetic Armor	A nice, cream-colored hood to keep you warm and snug. The droopy little ears are purely fashionable, but aren't they cute?	https://enshrouded.wiki.gg/wiki/Fluffy_Hood
4578	Fluffy Mittens	毛绒手套	Arm Cosmetic	Cosmetic		Cosmetic Armor	"These gloves were patched together with two different fabrics. They re-create the look of ""hooves""."	https://enshrouded.wiki.gg/wiki/Fluffy_Mittens
4577	Fluffy Pants	毛绒裤子	Lower Body Cosmetic	Cosmetic		Cosmetic Armor	These pants are nothing special on the outside, but inside, they're lined with a fur layer.	https://enshrouded.wiki.gg/wiki/Fluffy_Pants
4579	Fluffy Tunic	毛绒上衣	Upper Body Cosmetic	Cosmetic		Cosmetic Armor	A warm tunic, lined with white wool. The sleeves are long and wide, so it's fun to swing your arms around gleefully!	https://enshrouded.wiki.gg/wiki/Fluffy_Tunic
2286	Fowler Boots	猎禽者长靴	Foot Armor	Common	18	Ranged Armor	Wearing these boots makes each step feel like you're being carried on silver wings	https://enshrouded.wiki.gg/wiki/Fowler_Boots
2283	Fowler Chest	猎禽者胸甲	Upper Body Armor	Common	18	Ranged Armor	The details on this piece of upper body armor were greatly inspired by wing feathers.	https://enshrouded.wiki.gg/wiki/Fowler_Chest
2284	Fowler Gloves	猎禽者手套	Arm Armor	Common	18	Ranged Armor	These improved archery gloves make it easier to shoot birds out of the sky ! There are hardly any birds these days, though.	https://enshrouded.wiki.gg/wiki/Fowler_Gloves
2282	Fowler Helmet	猎禽者头盔	Head Armor	Common	18	Ranged Armor	Remain keen - eyed as a hawk with this eerie hood.	https://enshrouded.wiki.gg/wiki/Fowler_Helmet
2285	Fowler Trousers	猎禽者长裤	Lower Body Armor	Common	18	Ranged Armor	Green pants which allow the wearer to glide through tall grass swiftly and silently.	https://enshrouded.wiki.gg/wiki/Fowler_Trousers
5082	Frostbite Slasher Boots	冻伤斩击者之靴	Foot Armor	Common	33	Ranged Armor	Heavy boots with metal caps, perfect for kicking down doors or crushing skulls under your heel.	https://enshrouded.wiki.gg/wiki/Frostbite_Slasher_Boots
5075	Frostbite Slasher Chest	冻伤斩击者胸甲	Upper Body Armor	Common	33	Ranged Armor	A breezy west layered on top of a long shirt. The additional belt buckle strapped across the chest holds some spare blades.	https://enshrouded.wiki.gg/wiki/Frostbite_Slasher_Chest
5078	Frostbite Slasher Gloves	冻伤斩击者手套	Arm Armor	Common	33	Ranged Armor	Padded gloves made from thick white cloth and deep blue leather arm guards. A small buckle and cyan string hold them together. The fingertips are left bare, so you can still feel the pulse of the hunt.	https://enshrouded.wiki.gg/wiki/Frostbite_Slasher_Gloves
5070	Frostbite Slasher Hood	冻伤斩击者头巾	Head Armor	Common	33	Ranged Armor	The fearsome metal mask is only partially covered by the hood, leaving most of its sharp edges and lines visible to your prey.	https://enshrouded.wiki.gg/wiki/Frostbite_Slasher_Hood
5081	Frostbite Slasher Trousers	冻伤斩击者长裤	Lower Body Armor	Common	33	Ranged Armor	This pair of pants has ample space for carrying exposed blades and hidden toxins.	https://enshrouded.wiki.gg/wiki/Frostbite_Slasher_Trousers
8391	Frozen Gauntlets	冰冻护手	Arm Armor	Common	45	Magic Armor	A pair of gauntlets that are as cold as snow on a sunless eve. Use them to freeze the hearts of your enemies!	https://enshrouded.wiki.gg/wiki/Frozen_Gauntlets
2181	Fur Boots	毛皮靴	Foot Armor	Common	5	Miscellaneous Armor	Warmer and sturdier than simple cloth.	https://enshrouded.wiki.gg/wiki/Fur_Boots
2090	Fur Chest	毛皮胸甲	Upper Body Armor	Common	5	Miscellaneous Armor	Reinforced with Metal Scraps for better protection.	https://enshrouded.wiki.gg/wiki/Fur_Chest
2092	Fur Gloves	毛皮手套	Arm Armor	Common	5	Miscellaneous Armor	Simple but reliable protection for hands.	https://enshrouded.wiki.gg/wiki/Fur_Gloves
2089	Fur Hood	毛皮兜帽	Head Armor	Common	5	Miscellaneous Armor	Simplistic head protection. It won't guard against much, but it's better than nothing.	https://enshrouded.wiki.gg/wiki/Fur_Hood
2180	Fur Trousers	毛皮长裤	Lower Body Armor	Common	5	Miscellaneous Armor	A little archaic, but better than cloth.	https://enshrouded.wiki.gg/wiki/Fur_Trousers
2246	Gloom Monarch Boots	阴郁君主之靴	Foot Armor	Common	23	Melee Armor	These boots seemingly once belonged to a ruler who's name has been lost to time. It faded into oblivion, leaving only a title and lingering curse.	https://enshrouded.wiki.gg/wiki/Gloom_Monarch_Boots
2243	Gloom Monarch Chestplate	阴郁君主胸甲	Upper Body Armor	Common	23	Melee Armor	A fearsome chest piece. It's rumored to have belonged to a fallen warrior whose name is never spoken out loud.	https://enshrouded.wiki.gg/wiki/Gloom_Monarch_Chestplate
2244	Gloom Monarch Gloves	阴郁君主手套	Arm Armor	Common	23	Melee Armor	Legends say that these gloves once belonged to a dark ruler whose name has been wiped from the history books.	https://enshrouded.wiki.gg/wiki/Gloom_Monarch_Gloves
2242	Gloom Monarch Helmet	阴郁君主头盔	Head Armor	Common	23	Melee Armor	It's said that the original owner of this helmet wore it to hide his many facial scars. Whether this is true is uncertain.	https://enshrouded.wiki.gg/wiki/Gloom_Monarch_Helmet
2245	Gloom Monarch Trousers	阴郁君主长裤	Lower Body Armor	Common	23	Melee Armor	This forgotten piece of armor is covered in dried blood and shrouded in darkness. Maybe it should have stayed lost.	https://enshrouded.wiki.gg/wiki/Gloom_Monarch_Trousers
7814	Golden Bulwark Boots	金色壁垒长靴	Foot Armor	Common	43	Melee Armor	You've likely never work foot armor this light, but give it a shot - the chest plate's weight needs counterbalancing somewhere.	https://enshrouded.wiki.gg/wiki/Golden_Bulwark_Boots
7811	Golden Bulwark Chest Plate	金色壁垒胸甲	Upper Body Armor	Common	43	Melee Armor	A gold-plated chest plate, heavy and imposing - piercing it would be no easy task.	https://enshrouded.wiki.gg/wiki/Golden_Bulwark_Chest_Plate
7812	Golden Bulwark Gloves	金色壁垒手套	Arm Armor	Common	43	Melee Armor	Blocking feels effortless in these gloves, and the crystals catch the sun with every move.	https://enshrouded.wiki.gg/wiki/Golden_Bulwark_Gloves
7810	Golden Bulwark Helmet	金色壁垒头盔	Head Armor	Common	43	Melee Armor	Just one look into these eyes and your enemies will want to turn the other way. That was your first line of defense, and you didn't have to lift a finger.	https://enshrouded.wiki.gg/wiki/Golden_Bulwark_Helmet
7813	Golden Bulwark Pants	金色壁垒长裤	Lower Body Armor	Common	43	Melee Armor	The pants might not look like much, but they actually do their job of protecting your life in battle.	https://enshrouded.wiki.gg/wiki/Golden_Bulwark_Pants
4562	Gravedigger Boots	掘墓人长靴	Foot Cosmetic	Cosmetic		Cosmetic Armor	Perfect for wading through ash and moldy earth.	https://enshrouded.wiki.gg/wiki/Gravedigger_Boots
4560	Gravedigger Garb	掘墓人长袍	Upper Body Cosmetic	Cosmetic		Cosmetic Armor	These clothes smell of decay.	https://enshrouded.wiki.gg/wiki/Gravedigger_Garb
4559	Gravedigger Hat	掘墓人帽子	Head Cosmetic	Cosmetic		Cosmetic Armor	People don't make eye contact with gravediggers because it brings bad luck. Therefore, some graveyard keepers wear a cap that covers their eyes to avoid trouble.	https://enshrouded.wiki.gg/wiki/Gravedigger_Hat
4561	Gravedigger Pants	掘墓人长裤	Lower Body Cosmetic	Cosmetic		Cosmetic Armor	"There's some extra space in the pockets for storing crypt keys, ""borrowed"" rings, and lost fingerbones."	https://enshrouded.wiki.gg/wiki/Gravedigger_Pants
8392	Greatsword Gauntlets	巨剑护手	Arm Armor	Common	45	Melee Armor	Heavy gauntlets that aim to protect your hands in combat. You can swing your blade fearlessly with these.	https://enshrouded.wiki.gg/wiki/Greatsword_Gauntlets
2236	Guard of the North Boots	北境守卫之靴	Foot Armor	Common	13	Melee Armor	Sodden boots that strode through the knee-high snow of Cold Heights under foreboding northern lights. After marching through countless midnight hours, Lord Vorgoth finally reached the gates of Pikemead's Reach, weapon raised high.	https://enshrouded.wiki.gg/wiki/Guard_of_the_North_Boots
2233	Guard of the North Chestplate	北境守卫胸甲	Upper Body Armor	Common	13	Melee Armor	Untouched by the Flame, and veiled in a lingering cold. This armor used to belong to Lord Vorgroth, who was rumored to have a frozen heart that splinters and breaks with every tired beat.	https://enshrouded.wiki.gg/wiki/Guard_of_the_North_Chestplate
2234	Guard of the North Gloves	北境守卫手套	Arm Armor	Common	13	Melee Armor	Wearing these gloves, the Northern Lord carved his way through the enshrouded valleys of Embervale. The scars he cut into people and soil can be traced from Cold Heights's bleak mountains to today's ruins of Pikemead's Reach.	https://enshrouded.wiki.gg/wiki/Guard_of_the_North_Gloves
2232	Guard of the North Helmet	北境守卫头盔	Head Armor	Common	13	Melee Armor	Very few people witnessed the sharp, crystalline breath escaping Vorgoth from under the helmet firsthand. They saw his howl dance in the haze and felt it shiver down their skin, creep into their mind, and twist around their bones. Many did not live to tell the tale.	https://enshrouded.wiki.gg/wiki/Guard_of_the_North_Helmet
2235	Guard of the North Pants	北境守卫长裤	Lower Body Armor	Common	13	Melee Armor	Pants that were formerly worn by soldiers of Lord Vorgoth, oldest son to Queen Pikemead. Legends say he was consumed by the Shroud after the Ancients pushed him off Howling Pike's summit.	https://enshrouded.wiki.gg/wiki/Guard_of_the_North_Pants
2201	Guardian Boots	守卫者之靴	Foot Armor	Common	18	Melee Armor	Hefty boots. They will leave considerable footprints in the ground when you defend those in need.	https://enshrouded.wiki.gg/wiki/Guardian_Boots
2198	Guardian Chestplate	守卫者胸甲	Upper Body Armor	Common	18	Melee Armor	Prodigious tin armor. The glistening sheen inspires hope.	https://enshrouded.wiki.gg/wiki/Guardian_Chestplate
2199	Guardian Gloves	守卫者手套	Arm Armor	Common	18	Melee Armor	Big and bulky gloves, usually worn when wielding large weaponry and shields.	https://enshrouded.wiki.gg/wiki/Guardian_Gloves
2197	Guardian Helmet	守卫者头盔	Head Armor	Common	18	Melee Armor	Seeing this helmet makes others feel safe and secure.	https://enshrouded.wiki.gg/wiki/Guardian_Helmet
2200	Guardian Trousers	守卫者长裤	Lower Body Armor	Common	18	Melee Armor	Trousers that were made from a very stiff material.	https://enshrouded.wiki.gg/wiki/Guardian_Trousers
4987	Hailcaster Boots	冰雹施法者之靴	Foot Armor	Common	33	Magic Armor	These boots provide resistance and grip when stuck in a fierce snowstorm.	https://enshrouded.wiki.gg/wiki/Hailcaster_Boots
4980	Hailcaster Chest	冰雹施法者胸甲	Upper Body Armor	Common	33	Magic Armor	A carefully layered tunic, tied over the chest with gold string. The cloth is thick, but flowy. It will enable quick magical dashes while protecting you from the bitter cold.	https://enshrouded.wiki.gg/wiki/Hailcaster_Chest
4982	Hailcaster Gloves	冰雹施法者手套	Arm Armor	Common	33	Magic Armor	Simple layered gloves that allow for optimal versatility and swiftness when spellcasting.	https://enshrouded.wiki.gg/wiki/Hailcaster_Gloves
4978	Hailcaster Hat	冰雹施法者之帽	Head Armor	Common	33	Magic Armor	A sophisticated crown that frames the wearer's head with a golden halo and amethyst sparks. It represents the dawning sun, bathing the mountainsides in a long-awaited morning glow.	https://enshrouded.wiki.gg/wiki/Hailcaster_Hat
4984	Hailcaster Pants	冰雹施法者长裤	Lower Body Armor	Common	33	Magic Armor	Dark padded pants with golden seams. They're warm and comfortable.	https://enshrouded.wiki.gg/wiki/Hailcaster_Pants
2306	Hawk Boots	鹰之靴	Foot Armor	Common	23	Ranged Armor	Ride as swift as the bluejays with these sturdy leather boots.	https://enshrouded.wiki.gg/wiki/Hawk_Boots
2303	Hawk Chest	鹰之胸甲	Upper Body Armor	Common	23	Ranged Armor	A formidable chest piece, decorated with many elements resembling nature, vines and petals	https://enshrouded.wiki.gg/wiki/Hawk_Chest
2304	Hawk Gloves	鹰之手套	Arm Armor	Common	23	Ranged Armor	Reliable gloves which shield the wearer's arms from claws.	https://enshrouded.wiki.gg/wiki/Hawk_Gloves
2302	Hawk Helmet	鹰之头盔	Head Armor	Common	23	Ranged Armor	This hood includes an iron facemask which was greatly inspired by owls.	https://enshrouded.wiki.gg/wiki/Hawk_Helmet
2305	Hawk Trousers	鹰之长裤	Lower Body Armor	Common	23	Ranged Armor	Pants such as these were originally made fashionable by prominent falconers from ages long past.	https://enshrouded.wiki.gg/wiki/Hawk_Trousers
4574	Headscarf	头巾	Head Cosmetic	Cosmetic		Cosmetic Armor	A simple headscarf that will keep your scalp safe from the burning heat of the overhead sun.	https://enshrouded.wiki.gg/wiki/Headscarf
2138	Healer Boots	治疗者之靴	Foot Armor	Common	13	Magic Armor	No need to keep these boots clean and neat. They will get bloody. Your teammates will make sure of that.	https://enshrouded.wiki.gg/wiki/Healer_Boots
2136	Healer Gloves	治疗者手套	Arm Armor	Common	13	Magic Armor	These gloves allow nimble fingers to patch up wounds in a pinch.	https://enshrouded.wiki.gg/wiki/Healer_Gloves
2134	Healer Headwrap	治疗者头巾	Head Armor	Common	13	Magic Armor	A headwrap that protects your sensitive skull from traumatic injury. Enough to postpone the inevitable for a while.	https://enshrouded.wiki.gg/wiki/Healer_Headwrap
2137	Healer Pants		Lower Body Armor	Common	13	Magic Armor	Woven pants which keep the wearer from scraping their knees.	https://enshrouded.wiki.gg/wiki/Healer_Pants
2135	Healer Tunic	治疗师束腰外衣	Upper Body Armor	Common	13	Magic Armor	A breathable tunic with ample space for bandages, herbs, and tissues.	https://enshrouded.wiki.gg/wiki/Healer_Tunic
2149	Herbalist Boots	草药师长靴	Foot Armor	Common	18	Magic Armor	Quickly dash to the rescue in these comfortable and snug boots !	https://enshrouded.wiki.gg/wiki/Herbalist_Boots
2147	Herbalist Gloves	草药师手套	Arm Armor	Common	18	Magic Armor	These fingerless gloves allow the weaver to feel each leaf and root before picking, allowing a proper assessment.	https://enshrouded.wiki.gg/wiki/Herbalist_Gloves
2145	Herbalist Headwrap	药师头巾	Head Armor	Common	18	Magic Armor	Headgear for herbalists. Healing others is suprisingly hard when you can't actually see them.	https://enshrouded.wiki.gg/wiki/Herbalist_Headwrap
2148	Herbalist Pants	药师长裤	Lower Body Armor	Common	18	Magic Armor	Some plain herbalist pants. They smell like rosemary and thyme.	https://enshrouded.wiki.gg/wiki/Herbalist_Pants
2146	Herbalist Tunic	草药师上衣	Upper Body Armor	Common	18	Magic Armor	Classic herbalist garb with widened pockets for storing healing tinctures.	https://enshrouded.wiki.gg/wiki/Herbalist_Tunic
4582	Hollow's Eve Boots	鬼节靴子	Foot Cosmetic	Cosmetic		Cosmetic Armor	You'll make people shake in their boots when you approach in these spooky shoes!	https://enshrouded.wiki.gg/wiki/Hollow's_Eve_Boots
4585	Hollow's Eve Chest	鬼节箱子	Upper Body Cosmetic	Cosmetic		Cosmetic Armor	"A dark tunic held together by ""fake"" bones. They rattle like real ones do. How suspicious!"	https://enshrouded.wiki.gg/wiki/Hollow's_Eve_Chest
4584	Hollow's Eve Gloves	鬼节手套	Arm Cosmetic	Cosmetic		Cosmetic Armor	These dark gloves are ideal for going trick or treating!	https://enshrouded.wiki.gg/wiki/Hollow's_Eve_Gloves
4586	Hollow's Eve Hood	空洞前夜兜帽	Head Cosmetic	Cosmetic		Cosmetic Armor	A shadowy hood that hides a sinister skull mask underneath. Scary!	https://enshrouded.wiki.gg/wiki/Hollow's_Eve_Hood
4583	Hollow's Eve Pants	空洞前夜长裤	Lower Body Cosmetic	Cosmetic		Cosmetic Armor	Spooky pants for spooky fellows!	https://enshrouded.wiki.gg/wiki/Hollow's_Eve_Pants
2281	Hunter Boots	猎人靴子	Foot Armor	Common	18	Ranged Armor	These boots are ideal for stalking prey.	https://enshrouded.wiki.gg/wiki/Hunter_Boots
6027	Hunter Boots (Cosmetic)	猎人靴子（外观）	Head Cosmetic	Common		Cosmetic Armor	Makes your step silent and swift.	https://enshrouded.wiki.gg/wiki/Hunter_Boots_(Cosmetic)
6025	Hunter Garb	猎人长袍	Head Cosmetic	Common		Cosmetic Armor	This armor provides perfect protection when venturing out into the forest.	https://enshrouded.wiki.gg/wiki/Hunter_Garb
2279	Hunter Gloves	猎人手套	Arm Armor	Common	18	Ranged Armor	These leather gloves have been adorned with metal to protect the weaver's knuckles.	https://enshrouded.wiki.gg/wiki/Hunter_Gloves
6024	Hunter Headband	猎人头带	Head Cosmetic	Common		Cosmetic Armor	A yellow headband that keeps your hair out of your face when hunting or lumbering.	https://enshrouded.wiki.gg/wiki/Hunter_Headband
2277	Hunter Hood	猎人兜帽	Head Armor	Common	18	Ranged Armor	Remain unseen and strike from the shadows with this formidable archer's hood.	https://enshrouded.wiki.gg/wiki/Hunter_Hood
6026	Hunter Pants	猎人长裤	Head Cosmetic	Common		Cosmetic Armor	These belted pants will create a perfect fit no matter if you've had venison or porridge for dinner.	https://enshrouded.wiki.gg/wiki/Hunter_Pants
2280	Hunter Trousers	猎人裤子	Lower Body Armor	Common	18	Ranged Armor	Nothing is more suitable for a long prowl than this set of pants.	https://enshrouded.wiki.gg/wiki/Hunter_Trousers
2278	Hunter Vest	猎人背心	Upper Body Armor	Common	18	Ranged Armor	Taking down prey, and even other predators, is far easier with this finely made hunter's armor.	https://enshrouded.wiki.gg/wiki/Hunter_Vest
4594	Jester Hat	弄臣帽	Head Cosmetic	Cosmetic		Cosmetic Armor	A gleeful and jingly hat. The little bells make frolicking around more joyous.	https://enshrouded.wiki.gg/wiki/Jester_Hat
2241	Knight Boots	骑士靴	Foot Armor	Common	18	Melee Armor	A knight's boots. They've seen much peril and anguish.	https://enshrouded.wiki.gg/wiki/Knight_Boots
2238	Knight Chestplate	骑士胸甲	Upper Body Armor	Common	18	Melee Armor	A knight's chestplate. It has a fading heroic aura.	https://enshrouded.wiki.gg/wiki/Knight_Chestplate
2239	Knight Gloves	骑士手套	Arm Armor	Common	18	Melee Armor	Royal gloves, befitting a true knight of honor.	https://enshrouded.wiki.gg/wiki/Knight_Gloves
2237	Knight Helmet	骑士头盔	Head Armor	Common	18	Melee Armor	The helmet of a long - forgotten knight. With a bit of polish, it will be as good as new.	https://enshrouded.wiki.gg/wiki/Knight_Helmet
2240	Knight Trousers	骑士长裤	Lower Body Armor	Common	18	Melee Armor	Knightly pants. The cloth attached brandishes a glorious golden thread.	https://enshrouded.wiki.gg/wiki/Knight_Trousers
7147	Lumberer Boots	伐木者靴子	Foot Cosmetic	Cosmetic	45	Cosmetic Armor	Sturdy boots for gathering wood. They're lined with fur, ideal for the summers.	https://enshrouded.wiki.gg/wiki/Lumberer_Boots
7144	Lumberer Coat	伐木者外套	Upper Body Cosmetic	Cosmetic	45	Cosmetic Armor	A heavy tunic with fur lining	https://enshrouded.wiki.gg/wiki/Lumberer_Coat
7146	Lumberer Gloves	伐木者手套	Arm Cosmetic	Cosmetic	45	Cosmetic Armor	Worn-out gloves with sun spots and a fur trim.	https://enshrouded.wiki.gg/wiki/Lumberer_Gloves
7143	Lumberer Hat	伐木者帽子	Head Cosmetic	Cosmetic	45	Cosmetic Armor	A hat that is made both practical and fun with added fluffy fur.	https://enshrouded.wiki.gg/wiki/Lumberer_Hat
7145	Lumberer Pants	伐木者裤子	Lower Body Cosmetic	Cosmetic	45	Cosmetic Armor	Ordinary leather pants.	https://enshrouded.wiki.gg/wiki/Lumberer_Pants
2133	Mage Boots	法师之靴	Foot Armor	Common	13	Magic Armor	Light boots. They're slightly pointed at the toes.	https://enshrouded.wiki.gg/wiki/Mage_Boots
2130	Mage Chest	法师胸甲	Upper Body Armor	Common	13	Magic Armor	This garment is held together by oakwood buttons, a woven belt, and magic itself! The buttons are doing most of the work, though.	https://enshrouded.wiki.gg/wiki/Mage_Chest
2131	Mage Gloves	法师手套	Arm Armor	Common	13	Magic Armor	Artificial nails were added to these otherwise simple mage gloves to make them more imposing and fashionable.	https://enshrouded.wiki.gg/wiki/Mage_Gloves
2129	Mage Hat	法师帽	Head Armor	Common	13	Magic Armor	No mage armor set is complete without a large, brimmed hat.	https://enshrouded.wiki.gg/wiki/Mage_Hat
2132	Mage Trousers	法师长裤	Lower Body Armor	Common	13	Magic Armor	These comfortable and plain pants are perfect for apprentices who wish to gather some firsthand adventuring experience.	https://enshrouded.wiki.gg/wiki/Mage_Trousers
2144	Magician Boots	魔术师之靴	Foot Armor	Common	18	Magic Armor	Low - cut shoes. Exposing one's ankles is quite enchanting !	https://enshrouded.wiki.gg/wiki/Magician_Boots
2140	Magician Chest	魔术师胸甲	Upper Body Armor	Common	18	Magic Armor	An ordinary shirt, covered partially by a more sophisticated jacket.	https://enshrouded.wiki.gg/wiki/Magician_Chest
2141	Magician Gloves	魔术师手套	Arm Armor	Common	18	Magic Armor	A magician's gloves, bound by a magic - infused golden thread.	https://enshrouded.wiki.gg/wiki/Magician_Gloves
2139	Magician Hat	魔术师帽	Head Armor	Common	18	Magic Armor	This magician's headgear frames the wearer's face with a luscious golden trim.	https://enshrouded.wiki.gg/wiki/Magician_Hat
2143	Magician Trousers	魔术师长裤	Lower Body Armor	Common	18	Magic Armor	These pants were made from silky smooth cloth, gracing only the most esteemed magicians.	https://enshrouded.wiki.gg/wiki/Magician_Trousers
4570	Maid Garb	女仆装	Upper Body Cosmetic	Cosmetic		Cosmetic Armor	Soft and comfortable maid attire. It's easily cleaned if dirtied with washing water, milk, or wine.	https://enshrouded.wiki.gg/wiki/Maid_Garb
4569	Maid Hat	女仆帽	Head Cosmetic	Common		Cosmetic Armor	A headwrap that's white as snow.	https://enshrouded.wiki.gg/wiki/Maid_Hat
2261	Marksman Boots	神射手之靴	Foot Armor	Common	13	Ranged Armor	The Reinforced soles allow the wearer to skulk through mud undisturbed, and to reach vantage points quickly. Perfect for an ambush!	https://enshrouded.wiki.gg/wiki/Marksman_Boots
2259	Marksman Gloves	神射手手套	Arm Armor	Common	13	Ranged Armor	These gloves prevent the bowstring from digging into the skin while lining up shots.	https://enshrouded.wiki.gg/wiki/Marksman_Gloves
2257	Marksman Hood	神射手兜帽	Head Armor	Common	13	Ranged Armor	A darkened hood which lets you blend into the woodland scenery more easily. A piece of red cloth covers the mouth, making you feel like a bandit.	https://enshrouded.wiki.gg/wiki/Marksman_Hood
2260	Marksman Trousers	神射手长裤	Lower Body Armor	Common	13	Ranged Armor	The added leather grants superior protection from jagged rocks, unruly tree bark, and incoming arrows.	https://enshrouded.wiki.gg/wiki/Marksman_Trousers
2258	Marksman Vest	神射手背心	Upper Body Armor	Common	13	Ranged Armor	A warm, padded vest. Ideal for enduring cold nights while awaiting the time to strike.	https://enshrouded.wiki.gg/wiki/Marksman_Vest
2206	Mercenary Boots	佣兵靴	Foot Armor	Common	18	Melee Armor	Some scratched up Mercenary Boots. Kick your enemies when they're down !	https://enshrouded.wiki.gg/wiki/Mercenary_Boots
2203	Mercenary Chest	佣兵胸甲	Upper Body Armor	Common	18	Melee Armor	A heavy breastplate that has lost its shine, but not its notoriety.	https://enshrouded.wiki.gg/wiki/Mercenary_Chest
2204	Mercenary Gloves	佣兵手套	Arm Armor	Common	18	Melee Armor	Mercenary Gloves. They're worth their weight in gold.	https://enshrouded.wiki.gg/wiki/Mercenary_Gloves
2202	Mercenary Helmet	佣兵头盔	Head Armor	Common	18	Melee Armor	This sturdy Mercenary Helmet protects your eyes and hides your expression, making you appear fearless and intimidating.	https://enshrouded.wiki.gg/wiki/Mercenary_Helmet
2205	Mercenary Trousers	佣兵长裤	Lower Body Armor	Common	18	Melee Armor	A piece of leg armor that already looks like it has seen many years of use.	https://enshrouded.wiki.gg/wiki/Mercenary_Trousers
6023	Milkmaid Boots	挤奶女工长靴	Foot Cosmetic	Common		Cosmetic Armor	Simple shoes with flat heels that pair well with dark stockings.	https://enshrouded.wiki.gg/wiki/Milkmaid_Boots
6022	Milkmaid Garb	挤奶女工装束	Head Cosmetic	Common		Cosmetic Armor	A grassy green dress for housekeeping or working on the farm.	https://enshrouded.wiki.gg/wiki/Milkmaid_Garb
6021	Milkmaid Hat	挤奶女工帽	Head Cosmetic	Common		Cosmetic Armor	A milky white headwrap that keeps your hair out of your face while working.	https://enshrouded.wiki.gg/wiki/Milkmaid_Hat
7838	Miner Helmet	矿工头盔	Head Armor	Common	45	Miscellaneous Armor	A miner's helmet with an attached light.	https://enshrouded.wiki.gg/wiki/Miner_Helmet
4572	Minstrel Hat		Head Cosmetic	Cosmetic		Cosmetic Armor	A colorful and flashy hat, often worn by poets, minstrels, or traders of luxurious goods.	https://enshrouded.wiki.gg/wiki/Minstrel_Hat
4311	Mountain's Shadow Boots		Foot Armor	Common	33	Melee Armor	These boots repeat the same weaving technique from the Mountain's Shadow Gloves. They cover the knees and provide ideal protection when stumbling through dark, icy caves or forgotten fortresses.	https://enshrouded.wiki.gg/wiki/Mountain's_Shadow_Boots
4299	Mountain's Shadow Chest		Upper Body Armor	Common	33	Melee Armor	No matter where you turn, the celestial crags of the mountainside always crast a dark shadow over the valleys. With this piece of armor, you can blend into the dark and travel lightly like a freezing gust of wind to find your enemies.	https://enshrouded.wiki.gg/wiki/Mountain's_Shadow_Chest
4309	Mountain's Shadow Gloves		Arm Armor	Common	33	Melee Armor	Dark leather patterned arm guards wrapped in ashen grey strings. Wool padding peeks out from beneath them when wielding your weapon fiercly.	https://enshrouded.wiki.gg/wiki/Mountain's_Shadow_Gloves
4298	Mountain's Shadow Helmet		Head Armor	Common	33	Melee Armor	A gloomy helmet, hiding an even darker gaze. The crest around the brow casts a shadow over the wearer's eyes, hiding their intention.	https://enshrouded.wiki.gg/wiki/Mountain's_Shadow_Helmet
4310	Mountain's Shadow Trousers	山影长裤	Lower Body Armor	Common	33	Melee Armor	A pair of charcoal black, loosely fitted pants. The larger silhouette stems from the extensive wool padding inside.	https://enshrouded.wiki.gg/wiki/Mountain's_Shadow_Trousers
2179	Mystic Boots	神秘之靴	Foot Armor	Common	18	Magic Armor	Elegant boots with blue accents. They exude glamour and grace.	https://enshrouded.wiki.gg/wiki/Mystic_Boots
2176	Mystic Chest	神秘宝箱	Upper Body Armor	Common	18	Magic Armor	An exquisite mystical coat made of fine, dyed material. The metal clasps alone are highly valuable.	https://enshrouded.wiki.gg/wiki/Mystic_Chest
2177	Mystic Gloves	神秘手套	Arm Armor	Common	18	Magic Armor	Mystical gloves that have been adorned with glistening aquamarine stones.	https://enshrouded.wiki.gg/wiki/Mystic_Gloves
2175	Mystic Hat	神秘帽子	Head Armor	Common	18	Magic Armor	A Wizard Hat. Most commonly worn during lunar ceremonies and divinations.	https://enshrouded.wiki.gg/wiki/Mystic_Hat
2178	Mystic Pants	神秘长裤	Lower Body Armor	Common	18	Magic Armor	A pair of proper trousers. The metal delicate accents around the waist resembles the moon and the tide.	https://enshrouded.wiki.gg/wiki/Mystic_Pants
3461	Noble Boots	贵族靴子	Foot Cosmetic	Cosmetic		Cosmetic Armor	These boots must've previously been worn by a solemn noble quietly roaming through the church gardens.	https://enshrouded.wiki.gg/wiki/Noble_Boots
3457	Noble Diadem	贵族头冠	Head Cosmetic	Cosmetic		Cosmetic Armor	An elegantly twisted metal headband, adorned with an eye-catching stone.	https://enshrouded.wiki.gg/wiki/Noble_Diadem
3458	Noble Dress	贵族长袍	Upper Body Cosmetic	Cosmetic		Cosmetic Armor	A long, flowing garment. The lower seam effortlessly hovers around the ankles while you walk.	https://enshrouded.wiki.gg/wiki/Noble_Dress
3459	Noble Gloves	贵族手套	Arm Cosmetic	Cosmetic		Cosmetic Armor	These lightweight gloves are perfect for holding a quill and signing decrees.	https://enshrouded.wiki.gg/wiki/Noble_Gloves
3460	Noble Pants	贵族长裤	Lower Body Cosmetic	Cosmetic		Cosmetic Armor	These sleek trousers are usually worn underneath more lavish dresses or tunics.	https://enshrouded.wiki.gg/wiki/Noble_Pants
6355	Omen Boots		Foot Armor	Common	18	Magic Armor	Unknown footprints in the mud are always a bad omen, whether one is superstitious or not.<br><br>Offers extended protection against the Shroud.	https://enshrouded.wiki.gg/wiki/Omen_Boots
6352	Omen Chest		Upper Body Armor	Common	18	Magic Armor	An ordinary leather coat. A fungal growth overtook the flat grain texture.<br><br>Offers extended protection against the Shroud.	https://enshrouded.wiki.gg/wiki/Omen_Chest
6353	Omen Gloves		Arm Armor	Common	18	Magic Armor	Gloves made from rotting, undead matter. They claw at their wearer's upper arms as if to grow upwards.	https://enshrouded.wiki.gg/wiki/Omen_Gloves
6351	Omen Helmet		Head Armor	Common	18	Magic Armor	A living shell to encase the wearer's face like an iron maiden.<br><br>Offers extended protection against the Shroud.	https://enshrouded.wiki.gg/wiki/Omen_Helmet
6354	Omen Trousers		Lower Body Armor	Common	18	Magic Armor	Dark chestnut-colored pants. They're less frayed and battered than the remainder of the Omen's armor.  Offers extended protection against the Shroud.	https://enshrouded.wiki.gg/wiki/Omen_Trousers
7136	Party Hat (Blue)	派对帽（蓝色）	Head Cosmetic	Cosmetic		Cosmetic Armor	A fun little hat for fun little parties!	https://enshrouded.wiki.gg/wiki/Party_Hat_(Blue)
7137	Party Hat (Pink)	派对帽（粉色）	Head Cosmetic	Cosmetic		Cosmetic Armor	A fun little hat for fun little parties!	https://enshrouded.wiki.gg/wiki/Party_Hat_(Pink)
7134	Party Hat (Red)	派对帽（红色）	Head Cosmetic	Cosmetic		Cosmetic Armor	A fun little hat for fun little parties!	https://enshrouded.wiki.gg/wiki/Party_Hat_(Red)
7135	Party Hat (Yellow)	派对帽（黄色）	Head Cosmetic	Cosmetic		Cosmetic Armor	A fun little hat for fun little parties!	https://enshrouded.wiki.gg/wiki/Party_Hat_(Yellow)
4986	Pearlfrost Mentor Boots	珠霜导师之靴	Foot Armor	Common	33	Magic Armor	Tied dark leather boots with quilted fabric sections. They reach up to the wearer's knees, protecting the shins from deep snow.	https://enshrouded.wiki.gg/wiki/Pearlfrost_Mentor_Boots
4981	Pearlfrost Mentor Chest	珠霜导师胸甲	Upper Body Armor	Common	33	Magic Armor	It's an expertly layered blue coat with a white fur trim. The quilted cloth and leather provide better protection in close combat. The gold casing near the heart carries a faceted gem and resembles a cornflower blue eye, searching the battlefield for souls in need.	https://enshrouded.wiki.gg/wiki/Pearlfrost_Mentor_Chest
4983	Pearlfrost Mentor Gloves	珠霜导师手套	Arm Armor	Common	33	Magic Armor	With these padded gloves, you can easily scale any cliff to reach snowed-in souls in need	https://enshrouded.wiki.gg/wiki/Pearlfrost_Mentor_Gloves
4979	Pearlfrost Mentor Hat	珠霜导师帽	Head Armor	Common	33	Magic Armor	When wounded warriors see this hat peak up from the horizon, they know salvation is near. Then they notice that the hat is a little bit cone-shaped. They usually don't say anything about it, though.	https://enshrouded.wiki.gg/wiki/Pearlfrost_Mentor_Hat
4985	Pearlfrost Mentor Pants	珠霜导师长裤	Lower Body Armor	Common	33	Magic Armor	A pair of warm pants, tinged in a deep blue. It provides ample protection from the elements.	https://enshrouded.wiki.gg/wiki/Pearlfrost_Mentor_Pants
6350	Plaguebringer Boots	瘟疫使者靴子	Foot Armor	Common	18	Ranged Armor	These boots are always damp, even on the inside. Walking in them feels like wading through a bog.<br><br>Offers extended protection against the Shroud.	https://enshrouded.wiki.gg/wiki/Plaguebringer_Boots
6347	Plaguebringer Chest	瘟疫使者胸甲	Upper Body Armor	Common	18	Ranged Armor	Countless cankerous growths sprout from this leather armour, thus forging it in a new image.<br><br>Offers extended protection against the Shroud.	https://enshrouded.wiki.gg/wiki/Plaguebringer_Chest
6348	Plaguebringer Gloves	瘟疫使者手套	Arm Armor	Common	18	Ranged Armor	These traditional archer gloves were made asymmetrical through multiple monstrous tusks and bone shards jutting outwards.	https://enshrouded.wiki.gg/wiki/Plaguebringer_Gloves
6346	Plaguebringer Hood	瘟疫使者头巾	Head Armor	Common	18	Ranged Armor	Putrescence laps the side of this brown hood, like a wave of pestilence crashing to shore.<br><br>Offers extended protection against the Shroud.	https://enshrouded.wiki.gg/wiki/Plaguebringer_Hood
6349	Plaguebringer Trousers	瘟疫使者长裤	Lower Body Armor	Common	18	Ranged Armor	Leather pants with noticeable grain that morphs into fine fungal tendrils.<br><br>Offers extended protection against the Shroud.	https://enshrouded.wiki.gg/wiki/Plaguebringer_Trousers
8508	Quetzal Hunter Chest	绿咬鹃猎手胸甲	Upper Body Armor	Common	43	Ranged Armor	As Quetzals no longer roam Embervale, dyed palm laves are used in place of their feathers to recreate the look.	https://enshrouded.wiki.gg/wiki/Quetzal_Hunter_Chest
8509	Quetzal Hunter Gloves	绿咬鹃猎手手套	Arm Armor	Common	43	Ranged Armor	These gauntlets shield your arms as you chase through the undergrowth, striking foes from afar.	https://enshrouded.wiki.gg/wiki/Quetzal_Hunter_Gloves
8507	Quetzal Hunter Helmet	绿咬鹃猎手头盔	Head Armor	Common	43	Ranged Armor	Inspired by the Quetzal, a magnificent bird that once graced the skies of Embervale, this beautiful armor set lets you feel the freedom and precision of flight when you wear it.	https://enshrouded.wiki.gg/wiki/Quetzal_Hunter_Helmet
8510	Quetzal Hunter Pants	绿咬鹃猎手长裤	Lower Body Armor	Common	43	Ranged Armor	They let you sprint through the thicket with the swiftness of wings.	https://enshrouded.wiki.gg/wiki/Quetzal_Hunter_Pants
8512	Quetzal Hunter Shoes	绿咬鹃猎手鞋	Foot Armor	Common	43	Ranged Armor	In these shoes, you glide through the thicket effortlessly, barely breaking a sweat.	https://enshrouded.wiki.gg/wiki/Quetzal_Hunter_Shoes
2251	Radiant Paladin Boots	光辉圣骑士靴子	Foot Armor	Common-Legendary	30+	Melee Armor	Expertly crafted boots. They've been embellished with flame-spouting shields, a roaring inferno only kept at bay through vigilance.	https://enshrouded.wiki.gg/wiki/Radiant_Paladin_Boots
2248	Radiant Paladin Chestplate	光辉圣骑士胸甲	Upper Body Armor	Common-Legendary	35-40	Melee Armor	Showcase your beaming soul of flames and cast out all evil once and for all! The light thunders and roars with every heartbeat.	https://enshrouded.wiki.gg/wiki/Radiant_Paladin_Chestplate
2249	Radiant Paladin Gloves	光辉圣骑士手套	Arm Armor	Common	25	Melee Armor	These gloves radiate warmth and safety as if they were forged in pure liquid light.	https://enshrouded.wiki.gg/wiki/Radiant_Paladin_Gloves
2247	Radiant Paladin Helmet	光辉圣骑士头盔	Head Armor	Common-Legendary	25+	Melee Armor	A brightly burning visage graces this helmet, setting both the battlefield and hearts alike ablaze.	https://enshrouded.wiki.gg/wiki/Radiant_Paladin_Helmet
2250	Radiant Paladin Trousers	光辉圣骑士长裤	Lower Body Armor	Common	25	Melee Armor	This pair of trousers looks plain at first glance, but the craftsmanship allows the wearer to produce and retain more warmth from within.	https://enshrouded.wiki.gg/wiki/Radiant_Paladin_Trousers
2319	Ragged Boots	破旧靴子	Foot Armor	Common	3	Miscellaneous Armor	They can barely be called boots.	https://enshrouded.wiki.gg/wiki/Ragged_Boots
2318	Ragged Pants	破旧长裤	Lower Body Armor	Common	3	Miscellaneous Armor	Enough to brace for the worst of it, until better armor crosses your path.	https://enshrouded.wiki.gg/wiki/Ragged_Pants
2317	Ragged Shirt		Upper Body Armor	Common	3	Miscellaneous Armor	Can this even be called a shirt?	https://enshrouded.wiki.gg/wiki/Ragged_Shirt
2266	Ranger Boots		Foot Armor	Common	13	Ranged Armor	These boots were made for those wishing to lurk quietly through the thicket.	https://enshrouded.wiki.gg/wiki/Ranger_Boots
2264	Ranger Gloves		Arm Armor	Common	13	Ranged Armor	Simple gloves made from ethically sourced organic leather.	https://enshrouded.wiki.gg/wiki/Ranger_Gloves
2262	Ranger Hood		Head Armor	Common	13	Ranged Armor	A hood that provides additional protection from the sun, allowing you to focus your gaze undisturbed.	https://enshrouded.wiki.gg/wiki/Ranger_Hood
2265	Ranger Trousers		Lower Body Armor	Common	13	Ranged Armor	Pants which shield the legs from brambles and thorns while hunting down prey.	https://enshrouded.wiki.gg/wiki/Ranger_Trousers
2263	Ranger Vest		Upper Body Armor	Common	13	Ranged Armor	This piece of armor only offers minor protection against incoming arrows, but that hardly matters. The best preventative measure is to aim for the eyes.	https://enshrouded.wiki.gg/wiki/Ranger_Vest
2186	Rising Fighter Boots	崛起战士之靴	Foot Armor	Common	8	Melee Armor	Footwork is the most important skill of swordsmanship. These boots should make learning the first steps easier.	https://enshrouded.wiki.gg/wiki/Rising_Fighter_Boots
2183	Rising Fighter Chest	崛起战士胸甲	Upper Body Armor	Common	8	Melee Armor	Light, polstered and ready to take a few hits - the perfect chest armor for begginer.	https://enshrouded.wiki.gg/wiki/Rising_Fighter_Chest
2184	Rising Fighter Gloves	崛起战士手套	Arm Armor	Common	8	Melee Armor	Gloves made for beginner fighters. Robust, but agile. They will mainly protect you from blisters when swinging your sword.	https://enshrouded.wiki.gg/wiki/Rising_Fighter_Gloves
2182	Rising Fighter Helmet	崛起战士头盔	Head Armor	Common-Legendary	5-10	Melee Armor	A head piece to keep your skull safe when diving into battle.	https://enshrouded.wiki.gg/wiki/Rising_Fighter_Helmet
2185	Rising Fighter Trousers	崛起战士长裤	Lower Body Armor	Common	8	Melee Armor	Polstered trousers to dampen your fall in fighting practice.	https://enshrouded.wiki.gg/wiki/Rising_Fighter_Trousers
2211	Rogue Boots	盗贼靴子	Foot Armor	Common	23	Melee Armor	Adventures who wear these fearsome boots should not be messed with.	https://enshrouded.wiki.gg/wiki/Rogue_Boots
2208	Rogue Chestplate	盗贼胸甲	Upper Body Armor	Common	23	Melee Armor	A well - balanced chest piece that lets the wearer regenerate their energy faster.	https://enshrouded.wiki.gg/wiki/Rogue_Chestplate
2209	Rogue Gloves	盗贼手套	Arm Armor	Common	23	Melee Armor	Protects the fingers from traps and cuts. A rogue's best friend !	https://enshrouded.wiki.gg/wiki/Rogue_Gloves
2207	Rogue Helmet	盗贼头盔	Head Armor	Common	23	Melee Armor	A sturdy helmet that protects the wearer from slashes, cuts and scars.	https://enshrouded.wiki.gg/wiki/Rogue_Helmet
2210	Rogue Trousers	盗贼裤子	Lower Body Armor	Common	23	Melee Armor	The metal plates provide added protection against jagged or poisoned arrows.	https://enshrouded.wiki.gg/wiki/Rogue_Trousers
3456	Royal Boots	皇家长靴	Foot Cosmetic	Cosmetic		Cosmetic Armor	Stomp out anti-feudalist uprisings in style with these fashionable and finely crafted shoes!	https://enshrouded.wiki.gg/wiki/Royal_Boots
3452	Royal Crown	皇家王冠	Head Cosmetic	Cosmetic		Cosmetic Armor	Uneasy lies the head that wears a crown.	https://enshrouded.wiki.gg/wiki/Royal_Crown
3453	Royal Doublet	皇家紧身上衣	Upper Body Cosmetic	Cosmetic		Cosmetic Armor	A comfortable and noble doublet with a little cape attached to it. Every design element was carefully chosen to create an honorable look.	https://enshrouded.wiki.gg/wiki/Royal_Doublet
3454	Royal Gloves	皇家手套	Arm Cosmetic	Cosmetic		Cosmetic Armor	These gloves are a bit stiff and barely functional. The most important thing is that they look impressive to peasents. You won't need to do manual labor, anyway.	https://enshrouded.wiki.gg/wiki/Royal_Gloves
3455	Royal Pants	皇家长裤	Lower Body Cosmetic	Cosmetic		Cosmetic Armor	Billowy pants that were made from the finest silks. They create an interesting and lavish silhouette.	https://enshrouded.wiki.gg/wiki/Royal_Pants
2159	Sage Boots	贤者之靴	Foot Armor	Common	23	Magic Armor	Comfortable and modest shoes for lounging in library.	https://enshrouded.wiki.gg/wiki/Sage_Boots
2157	Sage Gloves	鼠尾草手套	Arm Armor	Common	23	Magic Armor	In old times these gloves were worn by the wisest scholars of the kingdom, often hiding wrinkled and gray flesh underneath.	https://enshrouded.wiki.gg/wiki/Sage_Gloves
2155	Sage Headwrap	鼠尾草头巾	Head Armor	Common	23	Magic Armor	You can't read sacred scrolls if you can't see, but true understanding comes from within, anyway.	https://enshrouded.wiki.gg/wiki/Sage_Headwrap
2158	Sage Pants	鼠尾草裤子	Lower Body Armor	Common	23	Magic Armor	Remarkable pants. What makes them remarkable? The weaver, mostly.	https://enshrouded.wiki.gg/wiki/Sage_Pants
2156	Sage Tunic	贤者束腰外衣	Upper Body Armor	Common	23	Magic Armor	An illustrious garb that almost shines brighter than the wearer's spirit.	https://enshrouded.wiki.gg/wiki/Sage_Tunic
6493	Scholar Of The Empyrean Boots	苍穹学者之靴	Foot Cosmetic	Cosmetic		Cosmetic Armor	"With these boots the ""Scholars of the Empyrean"" were able to pass the trapped corridors of the Night Sanctums. Their soles, often worn thin, were replaced countless times. Hopefully, they'll carry you just as far on your own journey."	https://enshrouded.wiki.gg/wiki/Scholar_Of_The_Empyrean_Boots
6490	Scholar Of The Empyrean Cloak	苍穹学者斗篷	Upper Body Cosmetic	Cosmetic		Cosmetic Armor	"This ceremonial robe belonged to an honorable ""Scholar of the Empyrean"", worn during sacred offerings in the Night Sanctums. Wear this piece with the same pride the previous owner did."	https://enshrouded.wiki.gg/wiki/Scholar_Of_The_Empyrean_Cloak
6491	Scholar Of The Empyrean Gloves	苍穹学者手套	Arm Cosmetic	Cosmetic		Cosmetic Armor	These black and gold gloves once carried the knowledge and secrets of the humans. Don't be intimidated by the power they literally once held.	https://enshrouded.wiki.gg/wiki/Scholar_Of_The_Empyrean_Gloves
6489	Scholar Of The Empyrean Helmet	苍穹学者头盔	Head Cosmetic	Cosmetic		Cosmetic Armor	The radiant golden glow of this helmet recalls the bright spirit of the previous owner. In Embervale, this helmet was reserved for only the brightest thinkers, whose intellect lit the way.	https://enshrouded.wiki.gg/wiki/Scholar_Of_The_Empyrean_Helmet
6492	Scholar Of The Empyrean Pants	苍穹学者长裤	Lower Body Cosmetic	Cosmetic		Cosmetic Armor	"Simple black pants with delicate golden details. Inconspicuous on its own, but in perfect harmony with other parts of this set. The hems have been rethreaded many times, worn thin by long journeys through Embervale. A quiet statement to the distance walked by the ""Scholars of the Empyrean""."	https://enshrouded.wiki.gg/wiki/Scholar_Of_The_Empyrean_Pants
6500	Scholar Of The Young Flame Boots	新焰学者之靴	Foot Cosmetic	Cosmetic		Cosmetic Armor	"These golden boots carried the ""Scholars of the Young Flame"" across the open roads of Embervale. The soles still carry dust from places you have yet to discover."	https://enshrouded.wiki.gg/wiki/Scholar_Of_The_Young_Flame_Boots
6497	Scholar Of The Young Flame Cloak	新焰学者斗篷	Upper Body Cosmetic	Cosmetic		Cosmetic Armor	"A resplendent white-and-gold interwoven with iridescent threads. Worn by the ""Scholars of the Young Flame"", it sybolizes the burning desire to illuminate the unknown."	https://enshrouded.wiki.gg/wiki/Scholar_Of_The_Young_Flame_Cloak
6498	Scholar Of The Young Flame Gloves	新焰学者手套	Arm Cosmetic	Cosmetic		Cosmetic Armor	Gleaming golden gloves were the mark of a Scholar in motion, swift of thought and radiant of heart.	https://enshrouded.wiki.gg/wiki/Scholar_Of_The_Young_Flame_Gloves
6496	Scholar Of The Young Flame Helmet	新焰学者头盔	Head Cosmetic	Cosmetic		Cosmetic Armor	A radiant headpiece that can be spotted from afar. Not only when the burning sun reflects off it.	https://enshrouded.wiki.gg/wiki/Scholar_Of_The_Young_Flame_Helmet
6499	Scholar Of The Young Flame Pants	新焰学者长裤	Lower Body Cosmetic	Cosmetic		Cosmetic Armor	Delicate fabric with intricate details, ever-shifting with the angle of the sun. Worn by the Scholars who chased knowledge across these lands.	https://enshrouded.wiki.gg/wiki/Scholar_Of_The_Young_Flame_Pants
2256	Scout Boots	侦察兵靴子	Foot Armor	Common	8	Ranged Armor	The path of the scout is a little easier on quiet soles.	https://enshrouded.wiki.gg/wiki/Scout_Boots
2253	Scout Chest	侦察兵胸甲	Upper Body Armor	Common	8	Ranged Armor	A simple, light chest piece to complement the rest of the armor.	https://enshrouded.wiki.gg/wiki/Scout_Chest
2254	Scout Gloves	侦察兵手套	Arm Armor	Common	8	Ranged Armor	Excellent tools to scout with - especially due to their grip and padding.	https://enshrouded.wiki.gg/wiki/Scout_Gloves
2252	Scout Hood	侦察兵兜帽	Head Armor	Common	8	Ranged Armor	The perfect disguise - even in broad daylight.	https://enshrouded.wiki.gg/wiki/Scout_Hood
2255	Scout Pants	侦察兵长裤	Lower Body Armor	Common	8	Ranged Armor	Silent pants to tread quietly.	https://enshrouded.wiki.gg/wiki/Scout_Pants
6037	Serpent Warrior Boots	蛇战士靴子	Foot Cosmetic	Cosmetic		Cosmetic Armor	These boots have an intricate scale pattern on their green plating.	https://enshrouded.wiki.gg/wiki/Serpent_Warrior_Boots
6034	Serpent Warrior Chest	蛇战士胸甲	Upper Body Cosmetic	Cosmetic		Cosmetic Armor	The ruby-red cloth, emerald-colored scales, and golden trim create a warm and regal cosmetic armor piece when combined.	https://enshrouded.wiki.gg/wiki/Serpent_Warrior_Chest
6035	Serpent Warrior Gloves	蛇战士手套	Arm Cosmetic	Cosmetic		Cosmetic Armor	The sharp edges of these gloves that stretch towards the wearer's fingertips jot out like viper fangs.	https://enshrouded.wiki.gg/wiki/Serpent_Warrior_Gloves
6033	Serpent Warrior Helmet	蛇战士头盔	Head Cosmetic	Cosmetic		Cosmetic Armor	This helmet lets you portray a particularly patient and calculating gaze.	https://enshrouded.wiki.gg/wiki/Serpent_Warrior_Helmet
6036	Serpent Warrior Pants	蛇战士长裤	Lower Body Cosmetic	Cosmetic		Cosmetic Armor	A pair of grey trousers. They layer well under the more elaborate cloth of the upper body armor.	https://enshrouded.wiki.gg/wiki/Serpent_Warrior_Pants
2276	Sharpshooter Boots	神射手之靴	Foot Armor	Common	18	Ranged Armor	With these weighted soles, even shaky or uneven ground will not disturb your aim.	https://enshrouded.wiki.gg/wiki/Sharpshooter_Boots
2274	Sharpshooter Gloves	神射手手套	Arm Armor	Common	18	Ranged Armor	Wearing these gloves makes the pulse slow down mysteriously before going in for the kill, thus steadying the hands.	https://enshrouded.wiki.gg/wiki/Sharpshooter_Gloves
2272	Sharpshooter Hood	神射手头巾	Head Armor	Common	18	Ranged Armor	The metal adorment on this hood faintly resembles the beak of a hawk.	https://enshrouded.wiki.gg/wiki/Sharpshooter_Hood
2275	Sharpshooter Trousers	神射手长裤	Lower Body Armor	Common	18	Ranged Armor	The pants were made from varied materials and protect all the most important areas adequately.	https://enshrouded.wiki.gg/wiki/Sharpshooter_Trousers
2273	Sharpshooter Vest	神射手背心	Upper Body Armor	Common	18	Ranged Armor	The shoulder pads on this Sharpshooter Vest are exceptionally sharp and pointed like the tip of an arrow.	https://enshrouded.wiki.gg/wiki/Sharpshooter_Vest
8620	Siren Seeker Boots	塞壬追寻者长靴	Foot Cosmetic	Cosmetic		Cosmetic Armor	A pair of strappy sandals that make it easy to feel the sand and the sea.	https://enshrouded.wiki.gg/wiki/Siren_Seeker_Boots
8617	Siren Seeker Chest	塞壬追寻者胸甲	Upper Body Cosmetic	Cosmetic		Cosmetic Armor	Old fishing nets span across fabric, still carrying their spoils: Starfish, seashells, and strings of pearls are displayed proudly as accessories. Were they gifts from the mermaids and their folk, or simply lucky finds? It's hard to tell.	https://enshrouded.wiki.gg/wiki/Siren_Seeker_Chest
8618	Siren Seeker Gloves	塞壬追寻者手套	Arm Cosmetic	Cosmetic		Cosmetic Armor	Small wonders hide amidst the seagrass of the shores, begging to be freed by nimble hands. What will you find betwixt the reeds today? A sharp edge made dull, a fallen star in the sand, a bottled siren's wish? The waves have a way of changing everything they claim, so be careful on your search!	https://enshrouded.wiki.gg/wiki/Siren_Seeker_Gloves
8616	Siren Seeker Headband	塞壬追寻者头带	Head Cosmetic	Cosmetic		Cosmetic Armor	Fashioned from a piece of fishing net and seaborn trinkets. It keeps the hair out of your face while you dive.	https://enshrouded.wiki.gg/wiki/Siren_Seeker_Headband
8619	Siren Seeker Pants	塞壬追寻者长裤	Lower Body Cosmetic	Cosmetic		Cosmetic Armor	The cloth of these billowy pants falls in ripples like waves in the cerulean sea.	https://enshrouded.wiki.gg/wiki/Siren_Seeker_Pants
7832	Skull Stalker Chest	骷髅潜行者胸甲	Upper Body Armor	Common	43	Ranged Armor	You feel calm and guarded in this upper body armor - consider your next move carefully.	https://enshrouded.wiki.gg/wiki/Skull_Stalker_Chest
7833	Skull Stalker Gloves	骷髅潜行者手套	Arm Armor	Common	43	Ranged Armor	These gloves lock your hold on the bow - target the head with steady aim.	https://enshrouded.wiki.gg/wiki/Skull_Stalker_Gloves
7831	Skull Stalker Helmet	骷髅潜行者头盔	Head Armor	Common	43	Ranged Armor	Pierce your foes through the heart - using your horns isn't necessary.	https://enshrouded.wiki.gg/wiki/Skull_Stalker_Helmet
7834	Skull Stalker Pants	骷髅潜行者长裤	Lower Body Armor	Common	43	Ranged Armor	These pants move with you through the underbrush, boosting your stamina as you stalk your prey.	https://enshrouded.wiki.gg/wiki/Skull_Stalker_Pants
7835	Skull Stalker Shoes	骷髅潜行者鞋	Foot Armor	Common	43	Ranged Armor	Seamlessly matching the rest of your outfit, these shoes let nothing stand between you and your goal.	https://enshrouded.wiki.gg/wiki/Skull_Stalker_Shoes
2221	Soldier Boots	士兵靴子	Foot Armor	Common	23	Melee Armor	A pair of boots which is covered in silvery scales. Your ankles will be safe and sound with these.	https://enshrouded.wiki.gg/wiki/Soldier_Boots
2218	Soldier Chestplate	士兵胸甲	Upper Body Armor	Common	23	Melee Armor	This regal soldier's armor symbolizes chivalry, glory, and valor.	https://enshrouded.wiki.gg/wiki/Soldier_Chestplate
2219	Soldier Gloves	士兵手套	Arm Armor	Common	23	Melee Armor	Few enemies can withstand even an unarmed blow dealt with these gloves.	https://enshrouded.wiki.gg/wiki/Soldier_Gloves
1875	Soldier Helmet	士兵头盔	Head Armor	Common	23	Melee Armor	A finely crafted helmet, usually worn by the kingdom's most feared warriors and generals.	https://enshrouded.wiki.gg/wiki/Soldier_Helmet
2220	Soldier Trousers	士兵长裤	Lower Body Armor	Common	23	Melee Armor	Thick and reliable pants. Not very breathable, unfortunately.	https://enshrouded.wiki.gg/wiki/Soldier_Trousers
2169	Spellbreaker Boots	破法者靴子	Foot Armor	Common	23	Magic Armor	Ground yourself, and feel the earth beneath your feet. Connect to the magical core of the world with these graceful boots.	https://enshrouded.wiki.gg/wiki/Spellbreaker_Boots
2166	Spellbreaker Chest	破法者胸甲	Upper Body Armor	Common	23	Magic Armor	The inner lining of this coat follow the direction of the body's veins, allowing for easier magic channeling.	https://enshrouded.wiki.gg/wiki/Spellbreaker_Chest
2167	Spellbreaker Gloves	破法者手套	Arm Armor	Common	23	Magic Armor	With these gloves, all the magic of the world can easily flow through you and into the tips of your fingers.	https://enshrouded.wiki.gg/wiki/Spellbreaker_Gloves
2165	Spellbreaker Hat	破法者帽子	Head Armor	Common	23	Magic Armor	This magical spellbinder's hat has been adorned with an azure gem. It attracts lingering or scattered fragments of the Flame and stores them for improved spellcasting.	https://enshrouded.wiki.gg/wiki/Spellbreaker_Hat
2168	Spellbreaker Pants	破法者裤子	Lower Body Armor	Common	23	Magic Armor	A pair of pants. They're breezier than they look, allowing you to feel the wind.	https://enshrouded.wiki.gg/wiki/Spellbreaker_Pants
8608	Summer Games Bangles	夏日运动会手环	Arm Cosmetic	Cosmetic		Cosmetic Armor	Asymmetrical bangles that aid viewers in visually differentiating your arm movements as you dash past them towards the finish line.	https://enshrouded.wiki.gg/wiki/Summer_Games_Bangles
8610	Summer Games Boots	夏日运动会靴子	Foot Cosmetic	Cosmetic		Cosmetic Armor	A bandage wrap that lets your takeoff foot achieve maximum jump power. These light coverings make it easier to protect your soles from harm as you prepare to propel yourself through the air!	https://enshrouded.wiki.gg/wiki/Summer_Games_Boots
8607	Summer Games Cropped Top	夏日运动会短上衣	Upper Body Cosmetic	Cosmetic		Cosmetic Armor	An athletic-looking top made from vibrant fabric, held together by leather straps. The cropped cut lets you show off your physique!	https://enshrouded.wiki.gg/wiki/Summer_Games_Cropped_Top
8606	Summer Games Headband	夏日运动会头带	Head Cosmetic	Cosmetic		Cosmetic Armor	A sporty headband with gold accents. It matches the set's belt and makes you feel like the ruler of the Summer Games!	https://enshrouded.wiki.gg/wiki/Summer_Games_Headband
8609	Summer Games Pants	夏日运动会长裤	Lower Body Cosmetic	Cosmetic		Cosmetic Armor	The brown trousers possess a reinforced and padded knee area, visible through the applied scale pattern.	https://enshrouded.wiki.gg/wiki/Summer_Games_Pants
7009	Sunny Loungewear Boots	晴日家居靴	Foot Cosmetic	Cosmetic}}	18	Cosmetic Armor	These simple, comfortable boots are perfect for taking a stroll on a warm summer's day.	https://enshrouded.wiki.gg/wiki/Sunny_Loungewear_Boots
7015	Sunny Loungewear Garb	阳光家居服上衣	Upper Body Cosmetic	Cosmetic}}	18	Cosmetic Armor	A breezy tunic that's perfect for a day by the shore.	https://enshrouded.wiki.gg/wiki/Sunny_Loungewear_Garb
7010	Sunny Loungewear Pants	阳光家居裤	Lower Body Cosmetic	Cosmetic}}	18	Cosmetic Armor	A pair of lightweight pants. They're simple and easily replaced, so it's not too bad if they become bleached by the sun or drenched with water.	https://enshrouded.wiki.gg/wiki/Sunny_Loungewear_Pants
7817	Sunpiercer Chestplate	穿日者胸甲	Upper Body Armor	Common	43	Melee Armor	The gleaming gold and vibrant green crystals adorning the chestplate make it a shield and a statement of enduring strength. Watch out for the spiked shoulder pads!	https://enshrouded.wiki.gg/wiki/Sunpiercer_Chestplate
7818	Sunpiercer Gloves	穿日者手套	Arm Armor	Common	43	Melee Armor	These gloves offer you sufficient protection when you engage in melee combat.	https://enshrouded.wiki.gg/wiki/Sunpiercer_Gloves
7816	Sunpiercer Helmet	穿日者头盔	Head Armor	Common	43	Melee Armor	Embody golden grandeur with this ornate helm - and a gaze as unyielding as stone itself.	https://enshrouded.wiki.gg/wiki/Sunpiercer_Helmet
7819	Sunpiercer Pants	穿日者长裤	Lower Body Armor	Common	43	Melee Armor	These pants are just as short as a foe's lifespan in your presence.	https://enshrouded.wiki.gg/wiki/Sunpiercer_Pants
7820	Sunpiercer Shoes	穿日者鞋	Foot Armor	Common	43	Melee Armor	Thanks to their wrapping technique, these shoes provide good support while allowing you to remain agile.	https://enshrouded.wiki.gg/wiki/Sunpiercer_Shoes
7837	Swimfins	脚蹼	Foot Armor	Common	45	Miscellaneous Armor	Allows for faster swim sprints while submerged in water.	https://enshrouded.wiki.gg/wiki/Swimfins
2196	Tank Boots	坦克靴	Foot Armor	Common	13	Melee Armor	A shiny pair of boots. They're so heavy that you'll practically be immovable when wearing them.	https://enshrouded.wiki.gg/wiki/Tank_Boots
2193	Tank Chestplate	坦克胸甲	Upper Body Armor	Common	13	Melee Armor	The improved copper coating of this Tank Chestplate can withstand many more blows at the frontlines of battle.	https://enshrouded.wiki.gg/wiki/Tank_Chestplate
2194	Tank Gloves	坦克手套	Arm Armor	Common	13	Melee Armor	Copper - plated gloves that protect the wearer's tender hands during a brawl.	https://enshrouded.wiki.gg/wiki/Tank_Gloves
2192	Tank Helmet	坦克头盔	Head Armor	Common	13	Melee Armor	A copper helmet that keeps your skull from harm while you protect your allies.	https://enshrouded.wiki.gg/wiki/Tank_Helmet
2195	Tank Trousers	坦克长裤	Lower Body Armor	Common	13	Melee Armor	These padded trousers have been hastily stitched at the seams. Despite that, they hold up well.	https://enshrouded.wiki.gg/wiki/Tank_Trousers
4977	Thaumaturge Boots	奇术师长靴	Foot Armor	Common	33	Magic Armor	A well-fitted pair of boots to round off the Thaumaturge armor set. The purple accents create a balanced overall look.	https://enshrouded.wiki.gg/wiki/Thaumaturge_Boots
4753	Thaumaturge Chest	奇术师胸甲	Upper Body Armor	Common	33	Magic Armor	This chest piece includes a silky white undergarment for warmth and a flowy cerulean cape for further insulation, and dramatic effect.	https://enshrouded.wiki.gg/wiki/Thaumaturge_Chest
4975	Thaumaturge Gloves	奇术师手套	Arm Armor	Common	33	Magic Armor	Elaborate armguards that shield the wearer from snow, rime, and grime. An amethyst has been inserted into the gem slot, enabling a better mana flow when spellcasting.	https://enshrouded.wiki.gg/wiki/Thaumaturge_Gloves
4974	Thaumaturge Hat	奇术师帽子	Head Armor	Common	33	Magic Armor	An extravagantly exaggerated tricorn hat that shields the caster's head from snowfall. The imposing antlers are a wearable trophy representing the wearer's spirit animal.	https://enshrouded.wiki.gg/wiki/Thaumaturge_Hat
4976	Thaumaturge Pants	奇术师长裤	Lower Body Armor	Common	33	Magic Armor	This pair of pants has significant padding on the inside, allowing you to travel for longer periods in frost-ridden lands. Traditionally, hides from the wearer's spirit animal are used to create the padding, but wool will do in a pinch.	https://enshrouded.wiki.gg/wiki/Thaumaturge_Pants
2142	Threadbare Pants	破旧长裤	Lower Body Armor	Common	1	Miscellaneous Armor	A very basic set of garments.	https://enshrouded.wiki.gg/wiki/Threadbare_Pants
8900	Tidecaller Gloves	唤潮者手套	Arm Armor	Common	43	Magic Armor	They don't offer much protection, but enhance your magical abilities. The minimalist design also prevents you from getting sweaty hands.	https://enshrouded.wiki.gg/wiki/Tidecaller_Gloves
8898	Tidecaller Headpiece	唤潮者头饰	Head Armor	Common	43	Magic Armor	A striking, extravagant headpiece, just as broad as your magical abilities -- but you might get stuck in the doorway.	https://enshrouded.wiki.gg/wiki/Tidecaller_Headpiece
8901	Tidecaller Pants	唤潮者长裤	Lower Body Armor	Common	43	Magic Armor	Those pants go perfectly with the tunic, creating a fluent transition. They allow enough air circulation to prevent overheating during battle.	https://enshrouded.wiki.gg/wiki/Tidecaller_Pants
8902	Tidecaller Shoes	唤潮者鞋	Foot Armor	Common	43	Magic Armor	Stride forth in these shoes, as swiftly as your mana regenerates.	https://enshrouded.wiki.gg/wiki/Tidecaller_Shoes
8899	Tidecaller Tunic	唤潮者束腰外衣	Upper Body Armor	Common	43	Magic Armor	A light tunic, as majestic in appearance as the powers it bestows when you spread your arms wide.	https://enshrouded.wiki.gg/wiki/Tidecaller_Tunic
4573	Trader Hat	商人帽	Head Cosmetic	Cosmetic		Cosmetic Armor	A merchant's hat that will draw attention in the market square when paired with A LOUD ENOUGH VOICE and good deals!	https://enshrouded.wiki.gg/wiki/Trader_Hat
5083	Trailblazer Boots	开拓者靴子	Foot Armor	Common	33	Ranged Armor	These heavy boots provide excellent resistance and enable a stronger stance when facing various behemoths.	https://enshrouded.wiki.gg/wiki/Trailblazer_Boots
5074	Trailblazer Chest	开拓者胸甲	Upper Body Armor	Common	33	Ranged Armor	This armor piece was made from a combination of soft materials and hard, scale-like plating to ensure the ultimate flow of movement and protection. It has small hunting trophies attached to various spaces.	https://enshrouded.wiki.gg/wiki/Trailblazer_Chest
5077	Trailblazer Gloves	开拓者手套	Arm Armor	Common	33	Ranged Armor	Sturdy gloves, dark as the midnight sky. They've been adorned with animal horns that were gathered during the hunt.	https://enshrouded.wiki.gg/wiki/Trailblazer_Gloves
5071	Trailblazer Hood	开拓者兜帽	Head Armor	Common	33	Ranged Armor	The metal rim around this hood forms an elegant crown, jagging out from the wearer's skull. The shape of the tips is reminiscent of wings.	https://enshrouded.wiki.gg/wiki/Trailblazer_Hood
5080	Trailblazer Trousers	开拓者长裤	Lower Body Armor	Common	33	Ranged Armor	Pants made from deep blue cloth and patched leather. The layers on the inside provide good insulation against the bitter cold.	https://enshrouded.wiki.gg/wiki/Trailblazer_Trousers
4575	Tricorn	三角帽	Head Cosmetic	Cosmetic		Cosmetic Armor	A distinguished hat with a folded-up brim. The front has been embellished with a small metal detail.	https://enshrouded.wiki.gg/wiki/Tricorn
2320	Wanderer's Boots	流浪者之靴	Foot Armor	Uncommon	9	Miscellaneous Armor	A wanderer's boots, worn but still sturdy enough to carry your burdens on your journey.	https://enshrouded.wiki.gg/wiki/Wanderer's_Boots
2217	Warden Boots	守卫者之靴	Foot Armor	Common	23	Melee Armor	No one can tread past you when you're wearing these steadfast boots.	https://enshrouded.wiki.gg/wiki/Warden_Boots
2214	Warden Chestplate	守卫者胸甲	Upper Body Armor	Common	23	Melee Armor	An incredibly sturdy chest piece, often worn by generals or select members of the royal guard. It inspired fear as much as respect.	https://enshrouded.wiki.gg/wiki/Warden_Chestplate
2215	Warden Gloves	守卫者手套	Arm Armor	Common	23	Melee Armor	Heavy gloves that can swing any weapon with added might.	https://enshrouded.wiki.gg/wiki/Warden_Gloves
2213	Warden Helmet	守卫者头盔	Head Armor	Common	23	Melee Armor	Command respect with this Warden Helmet.	https://enshrouded.wiki.gg/wiki/Warden_Helmet
2216	Warden Trousers	守卫者长裤	Lower Body Armor	Common	23	Melee Armor	Gray pants which have been refined with expertly crafted metal parts.	https://enshrouded.wiki.gg/wiki/Warden_Trousers
2164	Warlock Boots	术士之靴	Foot Armor	Common	23	Magic Armor	Traditional warlock boots which protect the feet and allow the wearer to stampede over enemy remains.	https://enshrouded.wiki.gg/wiki/Warlock_Boots
2162	Warlock Gloves	术士手套	Arm Armor	Common	23	Magic Armor	Both spells and smiting blows are easily dealt with these marvelous warlock gloves.	https://enshrouded.wiki.gg/wiki/Warlock_Gloves
2160	Warlock Helmet	术士头盔	Head Armor	Common	23	Magic Armor	A helmet which protects your sensitive cranial bone from harm while riding into battle.	https://enshrouded.wiki.gg/wiki/Warlock_Helmet
2163	Warlock Pants	术士长裤	Lower Body Armor	Common	23	Magic Armor	Historic pants, formerly the centerpiece of ceremonial warlock clothing.	https://enshrouded.wiki.gg/wiki/Warlock_Pants
2161	Warlock Shirt	术士衬衫	Upper Body Armor	Common	23	Magic Armor	A traditional garment which was historically worn by esteemed battle mages. Now, their ritualistic nature is a faint memory at best.	https://enshrouded.wiki.gg/wiki/Warlock_Shirt
2224	Warrior Arms	战士臂甲	Arm Armor	Common	13	Melee Armor	The metal parts on these reinforced gloves are bent from one too many reckless swings	https://enshrouded.wiki.gg/wiki/Warrior_Arms
2227	Warrior Boots	战士之靴	Foot Armor	Common	13	Melee Armor	These boots were designed to allow for reckless charges and dashes. The metal tips at the front prevent you from stubbing your toes.	https://enshrouded.wiki.gg/wiki/Warrior_Boots
2223	Warrior Chest	战士胸甲	Upper Body Armor	Common	13	Melee Armor	Risky but agile upper body armor. At least your shoulders will be safe from harm with these impressive spaulders!	https://enshrouded.wiki.gg/wiki/Warrior_Chest
2222	Warrior Helmet	战士头盔	Head Armor	Common	13	Melee Armor	Dive headfirst into battle with this Warrior Helmet!	https://enshrouded.wiki.gg/wiki/Warrior_Helmet
2225	Warrior Trousers	战士长裤	Lower Body Armor	Common	13	Melee Armor	The pieces that cover the sides of these pants have been carefully forged to defend against flanking attacks.	https://enshrouded.wiki.gg/wiki/Warrior_Trousers
8903	Waveborne Ritualist Boots	御浪祭司之靴	Foot Armor	Common	43	Magic Armor	With this footwear, the healing power of the earth flows straight through you -- can you feel it?	https://enshrouded.wiki.gg/wiki/Waveborne_Ritualist_Boots
8905	Waveborne Ritualist Gloves	御浪祭司手套	Arm Armor	Common	43	Magic Armor	Golden adornments define this set -- and naturally, the gloves are no exception.	https://enshrouded.wiki.gg/wiki/Waveborne_Ritualist_Gloves
8907	Waveborne Ritualist Helmet	御浪祭司头盔	Head Armor	Common	43	Magic Armor	The mask veils the face, but not the intent. You are here to keep one safe.	https://enshrouded.wiki.gg/wiki/Waveborne_Ritualist_Helmet
8904	Waveborne Ritualist Pants	御波祭司长裤	Lower Body Armor	Common	43	Magic Armor	With their simplicity, these pants bring balance to the outfit and allow the wearer's presence to shine.	https://enshrouded.wiki.gg/wiki/Waveborne_Ritualist_Pants
8906	Waveborne Ritualist Tunic	御波祭司束腰外衣	Upper Body Armor	Common	43	Magic Armor	A magnificent aquamarine gleams upon this garment, said to amplify the wearer's healing abilities.	https://enshrouded.wiki.gg/wiki/Waveborne_Ritualist_Tunic
4592	Winterly Boots	冬季靴子	Foot Cosmetic	Cosmetic		Cosmetic Armor	A pair of comfortable boots perfect for snow days.	https://enshrouded.wiki.gg/wiki/Winterly_Boots
4589	Winterly Chest	冬季上衣	Upper Body Cosmetic	Cosmetic		Cosmetic Armor	A long furry coat, often worn by the citizens of the Albaneve Summits. It's very cozy.	https://enshrouded.wiki.gg/wiki/Winterly_Chest
4590	Winterly Gloves	冬季手套	Arm Cosmetic	Cosmetic		Cosmetic Armor	A classic pair of gloves. Don't they make you want to throw a snowball?	https://enshrouded.wiki.gg/wiki/Winterly_Gloves
4588	Winterly Hat	冬季帽子	Head Cosmetic	Cosmetic		Cosmetic Armor	A hat that looks like it protects your precious ears from the cold. It's just cosmetic, though.	https://enshrouded.wiki.gg/wiki/Winterly_Hat
4591	Winterly Pants	冬季裤子	Lower Body Cosmetic	Cosmetic		Cosmetic Armor	A pair of pants with fleece on the inside.	https://enshrouded.wiki.gg/wiki/Winterly_Pants
2316	Wizard Boots	法师之靴	Foot Armor	Common	13	Magic Armor	Remain steadfast when smiting your foes from afar with these formidable wizard boots	https://enshrouded.wiki.gg/wiki/Wizard_Boots
2313	Wizard Chest	法师胸甲	Upper Body Armor	Common	13	Magic Armor	Protects the wearer from stray sparks, sudden cold flashes, and unplanned fiery explosions.	https://enshrouded.wiki.gg/wiki/Wizard_Chest
2314	Wizard Gloves	法师手套	Arm Armor	Common	13	Magic Armor	A dark and dreary set of gloves. They make spellcasting feel ominous!	https://enshrouded.wiki.gg/wiki/Wizard_Gloves
2312	Wizard Hat	法师帽	Head Armor	Common	13	Magic Armor	Some farmers believe that wizards store their magical energy in their brimmed hats. These rumors were widespread but false. Mostly.	https://enshrouded.wiki.gg/wiki/Wizard_Hat
2315	Wizard Pants	法师长裤	Lower Body Armor	Common	13	Magic Armor	Dark pants for dark magic wielders.	https://enshrouded.wiki.gg/wiki/Wizard_Pants
4932	Wolf's Fang Boots	狼牙之靴	Foot Armor	Common	33	Melee Armor	These spiked boots can cause a lot of damage when used to pierce arteries in one, swift swinging kick.	https://enshrouded.wiki.gg/wiki/Wolf's_Fang_Boots
4929	Wolf's Fang Chest	狼牙胸甲	Upper Body Armor	Common	33	Melee Armor	A robust chest piece, adorned with the fur of a white wolf. The colors blend in well with snowed-in, grey mountains.	https://enshrouded.wiki.gg/wiki/Wolf's_Fang_Chest
4930	Wolf's Fang Gloves	狼牙手套	Arm Armor	Common	33	Melee Armor	Silver-framed metal gloves with elaborate finger plates. The fingertip covers sharpen at the end into claw-like points.	https://enshrouded.wiki.gg/wiki/Wolf's_Fang_Gloves
4928	Wolf's Fang Hood	狼牙头巾	Head Armor	Common	33	Melee Armor	A hood fashioned from the scalp of a white wolf. The fangs at the front are still attached.	https://enshrouded.wiki.gg/wiki/Wolf's_Fang_Hood
4931	Wolf's Fang Trousers	狼牙长裤	Lower Body Armor	Common	33	Melee Armor	A pair of pants with leather greaves. They don't rustle while moving and muffle every little sound while sneaking around.	https://enshrouded.wiki.gg/wiki/Wolf's_Fang_Trousers
6234	Acidic Mycelium	酸性菌丝	Materials	Common	18	Crafting Materials	Acidic Mycelium mined in the Nomad Highlands.	https://enshrouded.wiki.gg/wiki/Acidic_Mycelium
6218	Active Mycelium	活性菌丝	Materials	Common	5	Crafting Materials	The active mycelium of mushrooms absorbs the Shroud's magical properties. Could this be used for alchemical purposes?	https://enshrouded.wiki.gg/wiki/Active_Mycelium
6246	Aerated Banshee Gel	充气女妖凝胶	Materials	Uncommon	5	Crafting Materials	A lightweight, protective gel. Has properties of Fell magic.	https://enshrouded.wiki.gg/wiki/Aerated_Banshee_Gel
6527	Albaneve Summits Dirt	阿尔巴内夫峰泥土	Terrain Materials	Common		Terrain Materials	A mix of soil, rock, and sediment.	https://enshrouded.wiki.gg/wiki/Albaneve_Summits_Dirt
140	Alchemical Base	炼金基底	Material	Common	16	Crafting Materials	A clear liquid with a sharp smell. Used to enhance alchemical reactions.	https://enshrouded.wiki.gg/wiki/Alchemical_Base
1553	Aloe	芦荟	Material	Common	25	Crafting Materials	This desert plant contains a slimy liquid, which is know to have medical applications. Used in alchemy.	https://enshrouded.wiki.gg/wiki/Aloe
242	Amber	琥珀	Materials	Common	13	Crafting Materials	Created through years of petrification, it has become a beautiful material used for production.	https://enshrouded.wiki.gg/wiki/Amber
4278	Amethyst	紫水晶	Materials	Common	33	Crafting Materials	A beautiful mineral, usually found beneath the Shroud. Its color can range from a deep and saturated royal purple to a light, lavender hue.	https://enshrouded.wiki.gg/wiki/Amethyst
141	Ammonia Gland	氨腺	Materials	Common	16	Crafting Materials	This gland contains a concentrated substance which can be used to tan furs.	https://enshrouded.wiki.gg/wiki/Ammonia_Gland
3538	Ammonite Imprint	菊石化石印痕	Medium Fossils	Collectible		Fossils	A stone with multiple large ammonite imprints. There's a bewitching spiral shape on every side of it.	https://enshrouded.wiki.gg/wiki/Ammonite_Imprint
67	Animal Fur	动物毛皮	Materials	Common	5	Crafting Materials	Warm and comfortable during yearfall. A versatile resource that is very common and can be used for many things.	https://enshrouded.wiki.gg/wiki/Animal_Fur
236	Antiseptic	抗菌剂	Consumables	Uncommon	16	Crafting Materials	A medical solution to prevent wound infections. Among other things, it can be used to disinfect bandages.	https://enshrouded.wiki.gg/wiki/Antiseptic
7680	Aquamarine	海蓝宝石	Materials	Common	40	Crafting Materials	This aquamarine is as clear as a crystalline lake under bright blue skies.	https://enshrouded.wiki.gg/wiki/Aquamarine
7671	Aquamarine Dust	海蓝宝石粉末	Materials	Common	40	Crafting Materials	Finely ground Aquamarine crystals that sparkle beautifully.	https://enshrouded.wiki.gg/wiki/Aquamarine_Dust
6254	Archaic Essence (13)	远古精华 (13)	Materials	Common	13	Crafting Materials	A radiant whirl of energy that is needed to insert gems into weaponry.  While initially used by the Ancients, it was claimed by the Fell to fuel their brood until you freed it from its newly organic prison.	https://enshrouded.wiki.gg/wiki/Archaic_Essence_(13)
6255	Archaic Essence (18)	远古精华 (18)	Materials	Common	18	Crafting Materials	A radiant whirl of energy that is needed to insert gems into weaponry.  While initially used by the Ancients, it was claimed by the Fell to fuel their brood until you freed it from its newly organic prison.	https://enshrouded.wiki.gg/wiki/Archaic_Essence_(18)
6256	Archaic Essence (25)	远古精华 (25)	Materials	Common	25	Crafting Materials	A radiant whirl of energy that is needed to insert gems into weaponry.  While initially used by the Ancients, it was claimed by the Fell to fuel their brood until you freed it from its newly organic prison.	https://enshrouded.wiki.gg/wiki/Archaic_Essence_(25)
6257	Archaic Essence (33)	远古精华 (33)	Materials	Common	33	Crafting Materials	A radiant whirl of energy that is needed to insert gems into weaponry.  While initially used by the Ancients, it was claimed by the Fell to fuel their brood until you freed it from its newly organic prison.	https://enshrouded.wiki.gg/wiki/Archaic_Essence_(33)
7798	Archaic Essence (40)	远古精华 (40)	Materials	Common	40	Crafting Materials	A radiant whirl of energy that is needed to insert gems into weaponry.  While initially used by the Ancients, it was claimed by the Fell to fuel their brood until you freed it from its newly organic prison.	https://enshrouded.wiki.gg/wiki/Archaic_Essence_(40)
6253	Archaic Essence (5)	远古精华 (5)	Materials	Common	5	Crafting Materials	A radiant whirl of energy that is needed to insert gems into weaponry.  While initially used by the Ancients, it was claimed by the Fell to fuel their brood until you freed it from its newly organic prison.	https://enshrouded.wiki.gg/wiki/Archaic_Essence_(5)
7648	Bamboo Logs		Materials	Common	40	Crafting Materials	Sturdy, bendy, and regenerative: Bamboo is an ideal material for any Flameborn looking to build a tropical home.	https://enshrouded.wiki.gg/wiki/Bamboo_Logs
8802	Bamboo Wood Block	竹木块	Building Materials	Common		Blocks	This building block is made from sustainable materials, specifically bamboo. It has a beachy feel to it.	https://enshrouded.wiki.gg/wiki/Bamboo_Wood_Block
3540	Big Ammonite	大菊石化石	Medium Fossils	Collectible		Fossils	An impressively big ammonite fossil. The remains of this marine cephalopod once housed a large, tentacled, sea-bound creature. In Embervale superstition, every identifiable rim extending from the spiral's core is said to bestow a day of good luck.	https://enshrouded.wiki.gg/wiki/Big_Ammonite
4953	Bird Food	鸟食	Materials	Common		Animal Resources	Nutritious bird food for tame animals on your farm. It can be fed to both Flightless Redtails and Round-Billed Sailers.  It must be placed inside the appropriate feeder.	https://enshrouded.wiki.gg/wiki/Bird_Food
4946	Bird Food Bait	鸟食诱饵	Resources	Uncommon		Animal Resources	Food for attracting and taming a Flightless Redtail or a Round-Billed Sailer.	https://enshrouded.wiki.gg/wiki/Bird_Food_Bait
926	Black Powder	黑火药	Materials	Common	25	Crafting Materials	A dangerous alchemical substance used to produce explosives. Better watch out!	https://enshrouded.wiki.gg/wiki/Black_Powder
3528	Blackmire Bark	黑沼树皮	Terrain Materials	Common		Terrain Materials	Bark from the giant trees in the Blackmire. It feels rough but could look quite cozy.	https://enshrouded.wiki.gg/wiki/Blackmire_Bark
10382	Blackmire Dirt	黑沼泥土	Terrain Materials	Common		Crafting Materials/Terrain Materials	A mix of soil, rock, and sediment.	https://enshrouded.wiki.gg/wiki/Blackmire_Dirt
3530	Blackmire Heartwood	黑沼心木	Terrain Materials	Common		Crafting Materials/Terrain Materials	This century-old wood is found beyond the bark of the giant Blackmire trees.	https://enshrouded.wiki.gg/wiki/Blackmire_Heartwood
10337	Blackmire Rubble	黑沼碎石	Terrain Materials	Common		Terrain Materials	A mix of different biome-specific materials, mainly stone and dirt.	https://enshrouded.wiki.gg/wiki/Blackmire_Rubble
10381	Blackmire Stone	黑沼石	Terrain Materials	Common		Terrain Materials	The best stories start small. For example with a stone.	https://enshrouded.wiki.gg/wiki/Blackmire_Stone
1511	Blue Fabric	蓝色布料	Materials	Common	25	Crafting Materials	Blue dyed fabric used for clothing.	https://enshrouded.wiki.gg/wiki/Blue_Fabric
2402	Blue Luminescent Block	蓝色发光方块	Building Materials	Common		Blocks	A block crafted from Luminous Growth material that glows in the dark.	https://enshrouded.wiki.gg/wiki/Blue_Luminescent_Block
2386	Bone Block	骨块	Building Materials	Epic		Blocks	A block made from pale ribs and cranial bone. Its ivory guise decorates tombs and temples alike	https://enshrouded.wiki.gg/wiki/Bone_Block
471	Bonemeal	骨粉	Materials	Common	5	Crafting Materials	Useful for alchemical and magical purposes.	https://enshrouded.wiki.gg/wiki/Bonemeal
470	Bones	骨头	Materials	Common	5	Crafting Materials	Possessing magical properties, bones of the dead are often used in alchemy.	https://enshrouded.wiki.gg/wiki/Bones
3412	Brick-Timbered Block	砖木砌块	Building Materials	Common		Blocks	A new type of timber block for building. The brick accents warm up any space.	https://enshrouded.wiki.gg/wiki/Brick-Timbered_Block
6227	Brittle Shroud Flakes	易碎瘴气薄片	Materials	Common	25	Crafting Materials	If these brittle flakes are not handled carefully, they can fall apart and stick to everything, especially clothes.	https://enshrouded.wiki.gg/wiki/Brittle_Shroud_Flakes
6236	Brittle Shroud Petals	易碎瘴气花瓣	Materials	Uncommon	13	Crafting Materials	Delicate petals tainted by the Shroud. Their surface is coated in a faint, toxic residue. Though fragile on their own, they are surprisingly resilient when woven into armor.	https://enshrouded.wiki.gg/wiki/Brittle_Shroud_Petals
478	Bronze Bars	青铜条	Materials	Common	18	Crafting Materials	A beautiful material known for its warm and bright color. Artisans around the world have turned towards it for centuries, due to its workable characteristics.	https://enshrouded.wiki.gg/wiki/Bronze_Bars
2388	Bronze Block	青铜块	Building Materials	Common		Blocks	A Bronze Block commonly utilized in art and science. It inspires greatness when used as a building material.	https://enshrouded.wiki.gg/wiki/Bronze_Block
472	Bug Dust	虫粉	Materials	Common	13	Crafting Materials	A protein rich ingredient created from crushed critter shells.	https://enshrouded.wiki.gg/wiki/Bug_Dust
7649	Bursting Fell Heart	迸裂荒野之心	Materials	Uncommon	40	Crafting Materials	It's oozing, unnaturally enlarged, and still beating whenever you dare to look away. This heart's potent essence is a key ingredient in crafting resilient armor.	https://enshrouded.wiki.gg/wiki/Bursting_Fell_Heart
6219	Calla Luna	月光马蹄莲	Materials	Uncommon	18	Crafting Materials	"A white plant with healing properties called ""Calla Luna"". To some, they represent purity and faithfulness while they're a symbol of sensuality to others. However, everybody can agree on their beauty and that their nightly green glow sets them apart from other blossoms in the Nomad Highlands."	https://enshrouded.wiki.gg/wiki/Calla_Luna
7650	Capybara Bristles	水豚鬃毛	Materials	Common	40	Crafting Materials	These capybara bristles can be woven into your clothing to help you glide through the water more easily and prevent you from cooling down too quickly.	https://enshrouded.wiki.gg/wiki/Capybara_Bristles
9268	Capybara Food	水豚饲料	Materials	Common		Animal Resources	Nutritious Capybara food for tame animals on your farm.	https://enshrouded.wiki.gg/wiki/Capybara_Food
9266	Capybara Food Bait	水豚饲料诱饵	Resources	Uncommon		Animal Resources	Food for attracting and taming a Capybara.	https://enshrouded.wiki.gg/wiki/Capybara_Food_Bait
8784	Castle Block	城堡方块	Building Materials	Common		Blocks	Only a prestigious castle can be built from such sturdy stone.	https://enshrouded.wiki.gg/wiki/Castle_Block
2389	Castle Wall Stone Block	城堡墙壁石块	Building Materials	Common		Blocks	A washed version of the Rough Stone Block. Exposed to the weather, the stones have lost their rough feature over time.	https://enshrouded.wiki.gg/wiki/Castle_Wall_Stone_Block
4727	Cat Food	猫粮	Resources	Common		Animal Resources	Nutritious Cat food for tame pets.	https://enshrouded.wiki.gg/wiki/Cat_Food
4726	Cat Food Bait	猫粮诱饵	Resources	Uncommon		Animal Resources	Food for attracting and taming a Cat.	https://enshrouded.wiki.gg/wiki/Cat_Food_Bait
1549	Chamomile	洋甘菊	Materials	Common	13	Crafting Materials	A wondrous flower known for many potential applications, but used mostly for healing purposes.	https://enshrouded.wiki.gg/wiki/Chamomile
76	Charcoal	木炭	Materials	Common	5	Crafting Materials	Created in a kiln under high temperatures. Burned wood mixed with oxygen creates a flammable material, highly convenient and needed to dive into the world of craftsmanship.	https://enshrouded.wiki.gg/wiki/Charcoal
6244	Chitin Powder	甲壳粉	Materials	Uncommon	33	Crafting Materials	Fine powder made from grinding critter carapaces.	https://enshrouded.wiki.gg/wiki/Chitin_Powder
2391	Citywall Block	城墙方块	Building Materials	Epic		Blocks	A neglected building material which is often used to building high and sturdy walls. This block protected the denizens of many cities before the fall	https://enshrouded.wiki.gg/wiki/Citywall_Block
4275	Coal	煤炭	Materials	Common	33	Crafting Materials	A hard lump of coal. It makes for great fuel!	https://enshrouded.wiki.gg/wiki/Coal
139	Coal Powder	煤粉	Materials	Common	5	Crafting Materials	Ground up coals, creating a highly flammable powder.	https://enshrouded.wiki.gg/wiki/Coal_Powder
7651	Coconut	椰子	Consumables	Common		Crafting Materials	A fresh coconut, plucked directly from a palm tree. The water inside can be drunk as is or processed into milk.	https://enshrouded.wiki.gg/wiki/Coconut
7943	Coffee Beans	咖啡豆	Materials	Common	40	Crafting Materials	These raw coffee beans must be roasted and ground before unfolding the depths of their flavor.	https://enshrouded.wiki.gg/wiki/Coffee_Beans
7778	Common Fishing Bait	普通鱼饵	Fishing Baits	Common	5	Crafting Materials	Bait that increases the chance of catching common fish.	https://enshrouded.wiki.gg/wiki/Common_Fishing_Bait
4300	Conifer Logs	针叶原木	Materials	Common	33	Crafting Materials	The raw and untreated wood of conifer trees. They fill the air with a fresh smell of pine needles and sweet resin.	https://enshrouded.wiki.gg/wiki/Conifer_Logs
4301	Conifer Wood Block	针叶木块	Building Materials	Common		Blocks	A cozy, darker wood block made from conifer logs. It makes you want to hunt in the mountains or to drink hot tea by the fire.	https://enshrouded.wiki.gg/wiki/Conifer_Wood_Block
448	Copper Bars		Materials	Common	13	Crafting Materials	A rare and valuable metal thanks to its thermal conductivity. It's often used to create things that require a lot of heat.	https://enshrouded.wiki.gg/wiki/Copper_Bars
2392	Copper Block		Building Materials	Common		Blocks	Copper adds a certain industrial warmth to your home with its characteristic color and shine.	https://enshrouded.wiki.gg/wiki/Copper_Block
499	Copper Ore	铜矿石	Materials	Common	13	Crafting Materials	A common ore needed to create Copper Bar	https://enshrouded.wiki.gg/wiki/Copper_Ore
6241	Corrosive Blood	腐蚀之血	Materials	Uncommon	18	Crafting Materials	A volatile, acidic fluid harvested from weak Fell Foes. Its corrosive properties make it a valuable ingredient in crafting repair kits, where its unique chemistry is harnessed to restore the durability of worn-out items.	https://enshrouded.wiki.gg/wiki/Corrosive_Blood
6240	Corrupted Boar Tusk	腐化野猪獠牙	Materials	Uncommon	13	Crafting Materials	A jagged tusk that's been tainted by the Shroud. Pulsing with faint traces of toxic energy.	https://enshrouded.wiki.gg/wiki/Corrupted_Boar_Tusk
3576	Crab Fossil	螃蟹化石	Small Fossils	Collectible		Fossils	Nowadays it's rare to find crustaceans, petrified or alive. When crabs were still plentiful, they were caught for meat and later thrown back into the ocean as empty shells to appease the tides. This tradition didn't protect the waters from being corrupted by the Shroud, so it soon lost cultural relevance.	https://enshrouded.wiki.gg/wiki/Crab_Fossil
6228	Critter Carapace	小动物甲壳	Materials	Common	33	Crafting Materials	A carapace that protects the soft flesh underneath.	https://enshrouded.wiki.gg/wiki/Critter_Carapace
6223	Critter Glands	小动物腺体	Materials	Common	18	Crafting Materials	A pair of slippery Glands.	https://enshrouded.wiki.gg/wiki/Critter_Glands
146	Critter Parts	小动物部件	Materials	Common	5	Crafting Materials	Remains of the pests that dwell below the Shroud.	https://enshrouded.wiki.gg/wiki/Critter_Parts
7824	Cursed Shroud Sack	被诅咒的迷雾囊	Materials	Common	13	Crafting Materials	A dangerous, rotting substance, made half-liquid by its state of decay.	https://enshrouded.wiki.gg/wiki/Cursed_Shroud_Sack
5010	Cyclops Head	独眼巨人头颅	Materials	Epic		Crafting Materials	The severed head of a fearsome cyclops. It looks down on you with disdain.	https://enshrouded.wiki.gg/wiki/Cyclops_Head
7971	Daylily	萱草	Materials	Common	40	Crafting Materials	A orange daylily flower. The petals are vibrant enough to be used for dyes.	https://enshrouded.wiki.gg/wiki/Daylily
2393	Desert City Wall	沙漠城墙	Building Materials	Common		Blocks	Modeled after Kindlewastes city walls. This block is an accurate replica.	https://enshrouded.wiki.gg/wiki/Desert_City_Wall
2394	Desert Temple Block	沙漠神庙块	Building Materials	Common		Blocks	A block of an ancient style, representing the architectural elements of the desert temples.	https://enshrouded.wiki.gg/wiki/Desert_Temple_Block
1562	Dirt Road Block	泥土路块	Terrain Materials	Common		Terrain Materials	A simple dirt road material that allows you to decorate your base with natural-looking paths.	https://enshrouded.wiki.gg/wiki/Dirt_Road_Block
4955	Dog Food	狗粮	Resources	Common		Animal Resources	Nutritious Dog food for tame pets.	https://enshrouded.wiki.gg/wiki/Dog_Food
4896	Dog Food Bait	狗粮诱饵	Resources	Uncommon		Animal Resources	Food for attracting and taming a Dog.	https://enshrouded.wiki.gg/wiki/Dog_Food_Bait
8524	Drak Blood	德拉克之血	Materials	Common	40	Crafting Materials	Violet blood. It runs cold, and the consistency is somewhat syrupy.	https://enshrouded.wiki.gg/wiki/Drak_Blood
8523	Drak Claws	德拉克之爪	Materials	Common	40	Crafting Materials	Meant to hold and rip prey, these claws are still sharp as ever.	https://enshrouded.wiki.gg/wiki/Drak_Claws
8520	Drak Scales	德拉克鳞片	Materials	Common	40	Crafting Materials	Fresh and glistening Drak scales, shimmering and shifting in the golden glow of the sun.	https://enshrouded.wiki.gg/wiki/Drak_Scales
8521	Drak Teeth	德拉克牙齿	Materials	Common	40	Crafting Materials	A collection of conical teeth. The Drak lose them aplenty throughout their lives and fill the more permanent holes with gold implants or rage.	https://enshrouded.wiki.gg/wiki/Drak_Teeth
8783	Drak Temple Block	德拉克神庙方块	Building Materials	Common		Blocks	A building block that's commonly used by the Drak, specifically the Drak'Dal.	https://enshrouded.wiki.gg/wiki/Drak_Temple_Block
434	Dried Fur	干燥毛皮	Materials	Common	5	Crafting Materials	After drying the Animal Fur on the Drying Rack, it becomes sturdier and more durable for a longer period of time.	https://enshrouded.wiki.gg/wiki/Dried_Fur
3562	Dull Shark Tooth	钝鲨鱼牙	Small Fossils	Collectible		Fossils	A fossilized tooth that has dulled through the ages. While these fossils used to be plentiful, many are now forever buried underneath a dense layer of Shroud-infested water.	https://enshrouded.wiki.gg/wiki/Dull_Shark_Tooth
5316	Dune Armadillo Food		Materials	Common		Animal Resources	Nutritious Dune Armadillo food for tame animals on your farm.	https://enshrouded.wiki.gg/wiki/Dune_Armadillo_Food
5315	Dune Armadillo Food Bait	沙丘犰狳食物诱饵	Resources	Uncommon		Animal Resources	Food for attracting and taming a Dune Armadillo.  To tame an animal, approach it carefully while sneaking. Throw the bait food near the animal to attract its attention. Pet the animal while it's feeding and repeat the process until it is docile. Once tame, the animal can be picked up.	https://enshrouded.wiki.gg/wiki/Dune_Armadillo_Food_Bait
3053	Ectoplasm	灵质	Materials	Uncommon	13	Crafting Materials	A strange material extracted from ectoplasm fragments. It was filtered through cloth and coal but still smells odd.	https://enshrouded.wiki.gg/wiki/Ectoplasm
3067	Ectoplasm Block	灵质块	Building Materials	common		Blocks	An ominous, green glowing building block made from ectoplasm. The construction is reminiscent of stained glass windows.	https://enshrouded.wiki.gg/wiki/Ectoplasm_Block
6278	Ectoplasm Cluster	灵质簇	Materials	Common	33	Crafting Materials	A cluster of ectoplasm crystals. It holds immense magical powers inside.	https://enshrouded.wiki.gg/wiki/Ectoplasm_Cluster
3052	Ectoplasm Crystal	灵质水晶	Materials	Common	25	Crafting Materials	A sizeable ectoplasm crystal. Its properties allow it to store life force for eons.	https://enshrouded.wiki.gg/wiki/Ectoplasm_Crystal
3050	Ectoplasm Fragment	灵质碎片	Materials	Common	8	Crafting Materials	A small crystallized ectoplasm. It contains a tiny bit of life energy	https://enshrouded.wiki.gg/wiki/Ectoplasm_Fragment
3093	Ectoplasm Gem	灵质宝石	Materials	Common	5	Crafting Materials	A facetted gemstone made from refined frozen ectoplasm.	https://enshrouded.wiki.gg/wiki/Ectoplasm_Gem
3051	Ectoplasm Shard	灵质碎片	Materials	Common	18	Crafting Materials	A good amount of crystallized ectoplasm. Inside slumbers the essence of vitality.	https://enshrouded.wiki.gg/wiki/Ectoplasm_Shard
7738	Electric Nerve	电击神经	Materials	Common	40	Crafting Materials	An electrified strand of nerves. It's a sought-after magical ingredient needed in some spell recipes.	https://enshrouded.wiki.gg/wiki/Electric_Nerve
3542	Elevated Sea Urchin	高地海胆	Small Fossils	Collectible		Fossils	This sea urchin sits atop a small platform and is too delicate to attempt removal.	https://enshrouded.wiki.gg/wiki/Elevated_Sea_Urchin
6252	Enshrouded Cyclops Eye	雾锁独眼巨人之眼	Materials	Epic	33	Crafting Materials	A massive, unblinking eye brimming with Shroud power. Its overwhelming energy is a critical element in crafting exotic high-level armor.	https://enshrouded.wiki.gg/wiki/Enshrouded_Cyclops_Eye
6232	Enshrouded Ice	雾锁之冰	Materials	Common	33	Crafting Materials	Frozen, enshrouded liquid that's cool to the touch.  It's unusable by itself, but can be processed into different materials in crafting.	https://enshrouded.wiki.gg/wiki/Enshrouded_Ice
138	Enshrouded Oil	雾锁之油	Materials	Common	25	Crafting Materials	Its uses are unknown even to the creator itself, but it definitely didn't help the skin of the Fell!	https://enshrouded.wiki.gg/wiki/Enshrouded_Oil
6249	Enshrouded Vulture Talon	雾锁秃鹫之爪	Materials	Rare	25	Crafting Materials	A massive, razor-sharp talon.	https://enshrouded.wiki.gg/wiki/Enshrouded_Vulture_Talon
7781	Epic Fishing Bait	史诗鱼饵	Fishing Baits	Common	40	Crafting Materials	Bait that increases the chance of catching epic fish.	https://enshrouded.wiki.gg/wiki/Epic_Fishing_Bait
3081	Excellent Ectoplasm	优质灵质	Materials	Uncommon	25	Crafting Materials	"A slimy broth made from crushed ectoplasm crystals. It's ""safe to consume""."	https://enshrouded.wiki.gg/wiki/Excellent_Ectoplasm
433	Fabric		Materials	Common	25	Crafting Materials	A sturdy material that was woven out of linen. It revolutionized the clothing industry due to its flexibility and durability. It looks better as well.	https://enshrouded.wiki.gg/wiki/Fabric
4885	Fae Deer Food		Materials	Common		Animal Resources	Nutritious Fae Deer food for tame animals on your farm.	https://enshrouded.wiki.gg/wiki/Fae_Deer_Food
4886	Fae Deer Food Bait		Materials	Uncommon		Animal Resources	Food for attracting and taming a Fae Deer.	https://enshrouded.wiki.gg/wiki/Fae_Deer_Food_Bait
2396	Fancy Stone Block	精制石块	Building Materials	Common		Blocks	A stone block often used for building sturdy soundproof walls.	https://enshrouded.wiki.gg/wiki/Fancy_Stone_Block
1545	Farm Soil	农田土壤	Terrain Materials	Common		Terrain Materials/Crafting Materials/Soil	Healthy soil that will increase the growing speed of most plants.	https://enshrouded.wiki.gg/wiki/Farm_Soil
582	Feather	羽毛	Materials	Common	18	Crafting Materials	A feather of a bird or creatures of some kind. Weighing next to nothing, it has to be useful for something.	https://enshrouded.wiki.gg/wiki/Feather
4497	Fell Cyclops Head	堕落独眼巨人之首	Materials	Epic		Crafting Materials	The head of a Shroud infested Cyclops. It has pretty bad breath, even now.	https://enshrouded.wiki.gg/wiki/Fell_Cyclops_Head
4402	Fell Dragon Youngling Head	堕落幼龙之首	Materials	Epic		Crafting Materials	Its head alone weighs a monstrous amount. the shimmering scales are ice-cold.	https://enshrouded.wiki.gg/wiki/Fell_Dragon_Youngling_Head
6237	Fell Heart	堕落之心	Materials	Uncommon	25	Crafting Materials	The faded heart of a Fell Foe. Its potent essence is key in crafting resilient armor and powerful healing spells.	https://enshrouded.wiki.gg/wiki/Fell_Heart
2551	Fell Monstrosity Head	堕落怪物之首	Materials	Epic		Crafting Materials	Despair, hatred, loneliness... It grasps at anything to fill the void and leaves nothing but dust.	https://enshrouded.wiki.gg/wiki/Fell_Monstrosity_Head
1606	Fell Sicklescythe Head	堕落镰刀魔的头颅	Materials	Epic		Crafting Materials	There's still a faint glow behind its eyes. Hopefully, they won't follow your every move.	https://enshrouded.wiki.gg/wiki/Fell_Sicklescythe_Head
2541	Fell Thunderbrute Head	堕落雷霆蛮兽的头颅	Materials	Rare		Crafting Materials	Its brain has been replaced by fungi and slush, but it's still tremendously heavy. The face is permanently petrified with a bitter expression.	https://enshrouded.wiki.gg/wiki/Fell_Thunderbrute_Head
1605	Fell Wispwyvern Head	堕落鬼火飞龙的头颅	Materials	Epic		Crafting Materials	When its luminous brood skipped over the waves near Pikemead's Reach, it was seen as a good omen. Unfortunately, no being, no matter how small, escapes the corrupting grasp of the Shroud.	https://enshrouded.wiki.gg/wiki/Fell_Wispwyvern_Head
10383	Fertile Blackmire Dirt	肥沃的黑沼泽泥土	Terrain Materials	Common		Terrain Materials	A mix of soil, rock and sediment.	https://enshrouded.wiki.gg/wiki/Fertile_Blackmire_Dirt
6531	Fertile Kindlewastes Sand	肥沃的燃火荒漠沙	Terrain Materials	Common		Terrain Materials	A mix of soil, rock and sediment.	https://enshrouded.wiki.gg/wiki/Fertile_Kindlewastes_Sand
6528	Fertile Nomad Highlands Dirt	肥沃的游牧高地泥土	Terrain Materials	Common		Terrain Materials	A mix of soil, rock and sediment.	https://enshrouded.wiki.gg/wiki/Fertile_Nomad_Highlands_Dirt
6529	Fertile Revelwood Dirt	肥沃的欢愉林泥土	Terrain Materials	Common		Terrain Materials	A mix of soil, rock and sediment.	https://enshrouded.wiki.gg/wiki/Fertile_Revelwood_Dirt
6530	Fertile Springlands Dirt	肥沃的春之原野泥土	Terrain Materials	Common		Terrain Materials	A mix of soil, rock and sediment.	https://enshrouded.wiki.gg/wiki/Fertile_Springlands_Dirt
7884	Fertile Veilwater Basin Dirt	肥沃的面纱水盆地泥土	Terrain Materials	Common		Terrain Materials	A mix of soil, rock and sediment.	https://enshrouded.wiki.gg/wiki/Fertile_Veilwater_Basin_Dirt
929	Fertilised Farm Soil	施肥农田土壤	Terrain Materials	Common		Crafting Materials/Terrain Materials/Soil	Healthy, fertilized soil that greatly increases the growing speed of plants.	https://enshrouded.wiki.gg/wiki/Fertilised_Farm_Soil
5322	Field Stones	田野石	Terrain Materials	Common		Terrain Materials	An assortment of differently sized stones commonly found on fields.	https://enshrouded.wiki.gg/wiki/Field_Stones
7885	Fine Sand	细沙	Terrain Materials	Common		Crafting Materials/Terrain Materials	A mix of soil, rock and sediment.	https://enshrouded.wiki.gg/wiki/Fine_Sand
1434	Fire Fly	萤火虫	Fishing Baits	Common	5	Crafting Materials	An animal, also blessed by the Flame, that spreads light in the dark.	https://enshrouded.wiki.gg/wiki/Fire_Fly
1539	Fired Brick	烧制砖	Materials	Common	13	Crafting Materials	A shiny red brick that is crafted by hardening Lump of Clay under a heat even a Flameborn has issues with.	https://enshrouded.wiki.gg/wiki/Fired_Brick
2397	Fired Bricks Block	烧制砖块	Building Materials	Common		Blocks	A block made of Fired Brick. It has a dull red color.	https://enshrouded.wiki.gg/wiki/Fired_Bricks_Block
7734	Fish Bones	鱼骨	Materials	Common	40	Crafting Materials	Small fish bones that can be used in crafting. They feel brittle in your hands, but they'd be a terrible pain if stuck in your throat.	https://enshrouded.wiki.gg/wiki/Fish_Bones
3577	Fish Fossil	鱼类化石	Medium Fossils	Collectible		Fossils	The fossilized remains of a lobe-finned fish. Descendents of this nocturnal drift-hunter were considered a delicacy and used to populate brooks and springs. However, consumption became impossible during the reign of the Shroud, as some fish developed new rows of rotting teeth and bit back.	https://enshrouded.wiki.gg/wiki/Fish_Fossil
7733	Fish Teeth	鱼牙	Materials	Common	40	Crafting Materials	The threatening teeth of a fish that is no threat anymore.	https://enshrouded.wiki.gg/wiki/Fish_Teeth
4279	Flammable Goo	易燃黏液	Materials	Common	33	Crafting Materials	A sticky and highly flammable substance. Handle with care!	https://enshrouded.wiki.gg/wiki/Flammable_Goo
1514	Flax	亚麻	Materials	Common	13	Crafting Materials	A popular plant due to its strong fibers. It can be used to make linen.	https://enshrouded.wiki.gg/wiki/Flax
1541	Flintstone	燧石	Materials	Common	5	Crafting Materials	A soft small rock that became famous for its ability to release sparks. It has been associated with the Flame ever since	https://enshrouded.wiki.gg/wiki/Flintstone
1547	Flour	面粉	Materials	Common	18	Crafting Materials	Flour that can be created by grinding Wheat Grains to dust.	https://enshrouded.wiki.gg/wiki/Flour
3330	Flower Soil	花土	Terrain Materials	Common		Terrain Materials/Crafting Materials/Soil	The perfect soil for growing beautiful flowers.	https://enshrouded.wiki.gg/wiki/Flower_Soil
3532	Foliage	树叶	Terrain Materials	Common		Terrain Materials	A leafy green plant material naturally occuring in the Blackmire. It can be used for creating hedge mazes or garden artistry.	https://enshrouded.wiki.gg/wiki/Foliage
1555	Forest Beet	森林甜菜	Consumables	Common		Crafting Materials/Consumables	The edible root of a forest plant. Not all that sustaining on its own. Maybe good as an ingredient?	https://enshrouded.wiki.gg/wiki/Forest_Beet
99	Fossilized Bone	化石骨	Materials	Common	18	Crafting Materials	Over the years, untouched by anyone, the bones of all kind of magical creatures have hardened and turned to stone. A rare material due to its limited availability and high magical capacity.	https://enshrouded.wiki.gg/wiki/Fossilized_Bone
585	Fossilized Bone Dust	化石骨粉末	Materials	Common	18	Crafting Materials	Grinding the Fossilized Bone into dust frees its inherent magical attributes and makes it more handy for further production steps.	https://enshrouded.wiki.gg/wiki/Fossilized_Bone_Dust
6235	Fresh Shroud Spore	新鲜迷雾孢子	Materials	Uncommon	5	Crafting Materials	Fresh Shroud spores, used to craft medicines that can cure the Shroud curse.	https://enshrouded.wiki.gg/wiki/Fresh_Shroud_Spore
7777	Frog	青蛙	Fishing Baits	Common	40	Crafting Materials	A tiny frog. He could be your best friend if you didn't need to use him as fishbait.  Found in the Veilwater Basin and especially helpful to catch epic fish.	https://enshrouded.wiki.gg/wiki/Frog
1565	Fur Patch	毛皮补丁	Materials	Common	5	Crafting Materials	A small shred of animal fur	https://enshrouded.wiki.gg/wiki/Fur_Patch
3548	Gastropods	腹足类	Small Fossils	Collectible		Fossils	These two petrified gastropod shells have survived eons together. One can hope that their inhabitants kept each other company, but a solitary fate is more likely.	https://enshrouded.wiki.gg/wiki/Gastropods
4342	Gentian	龙胆	Consumables	Common		Crafting Materials/Consumables	A star-shaped blossom that blooms in the high-up mountains. It grants more spirit when consumed.	https://enshrouded.wiki.gg/wiki/Gentian
3087	Giant Bones	巨型骨头	Materials	Uncommon	13	Crafting Materials	These bones are far larger than normal and are exceptionally sturdy.	https://enshrouded.wiki.gg/wiki/Giant_Bones
6239	Giant Critter Scales	巨型生物鳞片	Materials	Uncommon	13	Crafting Materials	Massive, hardened scales. Lightweight yet incredibly tough, they are prime materials for crafting durable and flexible armor.	https://enshrouded.wiki.gg/wiki/Giant_Critter_Scales
651	Glass	玻璃	Materials	Common	25	Crafting Materials	A wondrous material. It is transparent and offers many potential applications, especially in building and crafting!	https://enshrouded.wiki.gg/wiki/Glass
1585	Glass Shards	玻璃碎片	Materials	Common	25	Crafting Materials	Glass broken into pieces offers many sharp edges used to enhance weapons.	https://enshrouded.wiki.gg/wiki/Glass_Shards
7682	Gleam Root	微光根	Materials	Common	40	Crafting Materials	An underwater plant that only grows where the moonlight coats the seafloor. It has an enticing glow that spells demise for any diver willing to forget themselves in their pursuit of the light in the deep.	https://enshrouded.wiki.gg/wiki/Gleam_Root
7673	Gleam Root Dust	微光根粉尘	Materials	Common	40	Crafting Materials	This powder was derived from the Gleam Root plant, which only grows at night in the Veilwater Basin.	https://enshrouded.wiki.gg/wiki/Gleam_Root_Dust
6221	Glimmer Gentian	微光龙胆	Materials	Uncommon		Crafting Materials	"""Glimmer Gentian"" is a variant of the gentian plant that can only be found in the Albaneve Summits at night.  It emits a bright pink glow and can be used to create vibrant color palettes."	https://enshrouded.wiki.gg/wiki/Glimmer_Gentian
1433	Glow Dust	发光粉尘	Materials	Common	13	Crafting Materials	A magical dust that can glow in the dark, consisting of the crushed remains of a Fire Fly.	https://enshrouded.wiki.gg/wiki/Glow_Dust
4952	Goat Food	山羊饲料	Materials	Common		Animal Resources	Nutritious Goat food for tame animals on your farm.	https://enshrouded.wiki.gg/wiki/Goat_Food
4948	Goat Food Bait	山羊饲料诱饵	Resources	Uncommon		Animal Resources	Food for attracting and taming a Goat.	https://enshrouded.wiki.gg/wiki/Goat_Food_Bait
7677	Gold Bars	金条	Materials	Common	40	Crafting Materials	Solid gold bars that serve as both a crafting material and a status symbol.	https://enshrouded.wiki.gg/wiki/Gold_Bars
7865	Gold Coins	金币	Terrain Materials	Common		Crafting Materials/Terrain Materials	Gold coins, ideal for bedazzling, boasting, and bribing.	https://enshrouded.wiki.gg/wiki/Gold_Coins
7670	Gold Dust	金粉	Materials	Common	40	Crafting Materials	Gold ground to powder. It sparkles even more beautifully than before.	https://enshrouded.wiki.gg/wiki/Gold_Dust
7681	Gold Ore	金矿石	Materials	Common	40	Crafting Materials	The most tantalizing gold ore is often hidden beneath the water's surface, but be careful when spotting a glint of golden light at the bottom of a stream. The gold rush may swallow you if the wave's don't	https://enshrouded.wiki.gg/wiki/Gold_Ore
400	Goo	黏浆	{{Get	{{Get	{{Get	Crafting Materials/Automated	{{Get|description}}	https://enshrouded.wiki.gg/wiki/Goo
4290	Granite	花岗岩	Terrain Materials	Common		Crafting Materials/Terrain Materials	A magmatic deep rock mostly consisting of feldspar, quartz, and mica.	https://enshrouded.wiki.gg/wiki/Granite
4270	Granite Block	花岗岩块	Building Materials	Common		Blocks	| Type= Building Materials	https://enshrouded.wiki.gg/wiki/Granite_Block
4306	Granite Rubble Road Block	花岗岩碎石路块	Terrain Materials	Common		Terrain Materials	A road material for building rocky mountain roads.	https://enshrouded.wiki.gg/wiki/Granite_Rubble_Road_Block
7774	Grasshopper	蚱蜢	Fishing Baits	Common	40	Crafting Materials	A resilient grasshopper that's adapted to the warm colors of the Nomad Highlands. It can be used as fishing bait, most likely to catch uncommon fish.	https://enshrouded.wiki.gg/wiki/Grasshopper
3080	Greater Ectoplasm	强效灵质	Materials	Uncommon	18	Crafting Materials	This liquid was created by crushing ectoplasm shards and gathering the resulting goo. It's been filtered an is technically sterile.	https://enshrouded.wiki.gg/wiki/Greater_Ectoplasm
1513	Green Fabric	绿色布料	Materials	Common	25	Crafting Materials	The color of life - a wonderful color for clothes.	https://enshrouded.wiki.gg/wiki/Green_Fabric
3104	Green Luminescent Block	绿色发光方块	Building Materials	Common		Blocks	A building block crafted from purified slime. It illuminates the room with a ghostly green glow.	https://enshrouded.wiki.gg/wiki/Green_Luminescent_Block
7688	Green Vitriol Dust	绿矾粉尘	Materials	Common	40	Crafting Materials	The end product of chemical experiments, the crystals sparkle like shimmering sea foam.	https://enshrouded.wiki.gg/wiki/Green_Vitriol_Dust
7736	Ground Coffee Beans		Materials	Common	40	Crafting Materials	Ground coffee beans, ready to be brewed into an energizing cup of coffee!	https://enshrouded.wiki.gg/wiki/Ground_Coffee_Beans
2398	Half-Timbered Block	半木结构方块	Building Materials	Epic		Blocks	Timbering is an ancient building technique that was very popular for its decorative effect.	https://enshrouded.wiki.gg/wiki/Half-Timbered_Block
8803	Half-timbered Shell Limestone Block	半木结构贝壳石灰岩方块	Building Materials	Common		Blocks	The exposed wooden beams create a beautiful contrast to the rough surface, creating a feeling of warmth.	https://enshrouded.wiki.gg/wiki/Half-timbered_Shell_Limestone_Block
4284	Hardened Leather	硬化皮革	Materials	Common	33	Crafting Materials	This patch of leather has been made more sturdy and enduring.	https://enshrouded.wiki.gg/wiki/Hardened_Leather
1559	Hardwood	硬木	Materials	Common	13	Crafting Materials	This especially tough wood could cause much damage if it hits your head while you fell trees.	https://enshrouded.wiki.gg/wiki/Hardwood
2399	Highly Polished Stone Block	高度抛光石块	Building Materials	Common		Blocks	A stone block refined with the highest level of craftsmanship, rarely seen even in ancient times.	https://enshrouded.wiki.gg/wiki/Highly_Polished_Stone_Block
3061	Hollow Cyclops Head	空洞独眼巨人头颅	Materials	Epic		Crafting Materials	Its only eye still aimlessly rolled around in its socket before the beheading. Eventually, though, it spilled out.	https://enshrouded.wiki.gg/wiki/Hollow_Cyclops_Head
3060	Hollow Halls Block	空洞大厅方块	Building Materials	Common		Blocks	The characteristic building material used inside the Hollow Halls. The originators of this architectural style are unknown and forgotten.	https://enshrouded.wiki.gg/wiki/Hollow_Halls_Block
646	Honey	蜂蜜	Consumables	Common		Crafting Materials/Consumables	The following sugar rush recharges stamina!	https://enshrouded.wiki.gg/wiki/Honey
4951	Hophare Food	跳兔饲料	Materials	Common		Animal Resources	Nutritious Hophare food for tame animals on your farm.	https://enshrouded.wiki.gg/wiki/Hophare_Food
4947	Hophare Food Bait	跳兔饲料诱饵	Resources	Uncommon		Animal Resources	Food for attracting and taming a Hophare.	https://enshrouded.wiki.gg/wiki/Hophare_Food_Bait
7972	Hydrak'Dal Head	海德拉达尔之首	Materials	Epic		Crafting Materials	The head of a Drak'Dal tribe leader. You've severed it from its neck, but in its place, two new ones will form — figuratively speaking.	https://enshrouded.wiki.gg/wiki/Hydrak'Dal_Head
4292	Ice	冰	Terrain Materials	Common		Crafting Materials/Terrain Materials	Crystalline, ice-cold, and slippery.	https://enshrouded.wiki.gg/wiki/Ice
1389	Indigo Plant	靛蓝植物	Materials	Common	13	Crafting Materials	A plant known for its flowers and deep blue organic pigment that can be won by processing it.	https://enshrouded.wiki.gg/wiki/Indigo_Plant
479	Iron Bars	铁栅栏	Materials	Common	25	Crafting Materials	A glistening silver metal that has a wide range of applications.	https://enshrouded.wiki.gg/wiki/Iron_Bars
2400	Iron Block	铁块	Building Materials	Common		Blocks	Iron Blocks are incredibly reliable and add decorative edge to any building.	https://enshrouded.wiki.gg/wiki/Iron_Block
7669	Iron Dust	铁尘	Materials	Common	40	Crafting Materials	Fine iron dust, used for different crafting purposes.	https://enshrouded.wiki.gg/wiki/Iron_Dust
1558	Iron Ore		Materials	Common	25	Crafting Materials	The natural resource needed to create Iron Bars, an important material for every adventurer on the way to the top.	https://enshrouded.wiki.gg/wiki/Iron_Ore
1564	Kindlewastes Flower	燃烬荒原之花	Materials	Common	25	Crafting Materials	An ingredient used in crafting recipes.	https://enshrouded.wiki.gg/wiki/Kindlewastes_Flower
6526	Kindlewastes Rubble	燃烬荒原碎石	Terrain Materials	Common		Terrain Materials	A mix of different biome-specific materials, mainly stone and dirt.	https://enshrouded.wiki.gg/wiki/Kindlewastes_Rubble
475	Lapislazuli	青金石	Materials	Common	25	Crafting Materials	A rare gem famous for its magical properties as a catalyst. It's great for channeling and shielding!	https://enshrouded.wiki.gg/wiki/Lapislazuli
3564	Larger Sea Lily Fossil		Medium Fossils	Collectible		Fossils	A large and slender sea lily, reaching up towards the surface and sky. If it had any sense of perception, it'd be able to judge the rise and fall of the sea, as well as the looming change in the waters.	https://enshrouded.wiki.gg/wiki/Larger_Sea_Lily_Fossil
122	Leather		Materials	Common	18	Crafting Materials	A versatile and durable material, that is smooth to the touch. It has also the advantage of being waterproof.	https://enshrouded.wiki.gg/wiki/Leather
6258	Legendary Runes		Materials	Legendary	13	Crafting Materials	Legendary runes are imbued with an immense amount of magical energy. These rare and powerful artifacts are used to ```enhance``` legendary weapons, unlocking their full potential.	https://enshrouded.wiki.gg/wiki/Legendary_Runes
1560	Limestone	石灰石	Terrain Materials	Common		Crafting Materials/Terrain Materials	The best stories start small, for example with this stone.	https://enshrouded.wiki.gg/wiki/Limestone
2401	Limestone Block	石灰石块	Building Materials	Epic		Blocks	An aged stone that outlasted all else for centuries. Leaves one wondering what kind of things it might have seen.	https://enshrouded.wiki.gg/wiki/Limestone_Block
6521	Limestone Road Block	石灰石路障	Terrain Materials	Common		Terrain Materials/Missing Requirements	A road material made from limestone. It is much lighter and warmer-toned than similar road materials.	https://enshrouded.wiki.gg/wiki/Limestone_Road_Block
125	Linen	亚麻布	Materials	Common	13	Crafting Materials	The natural fiber won from the processing of Flax.	https://enshrouded.wiki.gg/wiki/Linen
1563	Luminous Growth	发光生长物	Terrain Materials	Common		Crafting Materials/Terrain Materials	It glows in the dark. A moody light source often found in or around caves.	https://enshrouded.wiki.gg/wiki/Luminous_Growth
1516	Lump of Clay	黏土块	Materials	Common	13	Crafting Materials	A malleable material that is especially useful for construction purposes.	https://enshrouded.wiki.gg/wiki/Lump_of_Clay
6285	Mae's Map Piece	梅的地图碎片	Collectible	Collectible		Crafting Materials/Dragons' Map	The fragment of a torn treasure map, found on a dragon skeleton in the Albaneve Summits. Perhaps you could reconstruct the map if you found all the pieces?	https://enshrouded.wiki.gg/wiki/Mae's_Map_Piece
4281	Mauveine	苯胺紫染料	Materials	Common	33	Crafting Materials	Useful for flesh wounds.	https://enshrouded.wiki.gg/wiki/Mauveine
2403	Metal Block	金属块	Building Materials	Common		Blocks	A simple Metal Block. Despite the sleek design, it's quite uncommon as building material.	https://enshrouded.wiki.gg/wiki/Metal_Block
104	Metal Scraps	金属碎料	Materials	Common	5	Crafting Materials	Remains of metal, which was present to witness humanity's downfall. They might turn out to be useful.	https://enshrouded.wiki.gg/wiki/Metal_Scraps
1173	Metal Sheets	金属板	Material	Common	5	Crafting Materials	Sheets melted out of Metal Scraps to make them more workable and open up options for further processing.	https://enshrouded.wiki.gg/wiki/Metal_Sheets
6311	Midnight Tomb Block	午夜墓碑块	Building Materials	Common		Blocks	A building block made from polished marble. It's as dark as the night sky.	https://enshrouded.wiki.gg/wiki/Midnight_Tomb_Block
6247	Mist of a Fell Sicklescythe		Materials	Rare	25	Crafting Materials	A dense, swirling vapor extracted from Fell Sicklescythe. It is imbued with ethereal Shroud magic, making it invaluable for crafting magical armor and powering devastating spells.	https://enshrouded.wiki.gg/wiki/Mist_of_a_Fell_Sicklescythe
3418	Mixed Sandstone Block		Building Materials	Common		Blocks	| Type= Building Materials	https://enshrouded.wiki.gg/wiki/Mixed_Sandstone_Block
6250	Monstrous Ribs		Materials	Epic	18	Crafting Materials	Large ribs of the most vile Fell Monster.	https://enshrouded.wiki.gg/wiki/Monstrous_Ribs
4291	Moss		Terrain Materials	Common		Crafting Materials/Terrain Materials	A lovely patch of green moss. It can be used for highly effective bandages.	https://enshrouded.wiki.gg/wiki/Moss
6220	Moth		Fishing Baits	Common	13	Crafting Materials	An inconspicuous moth ripped from its natural ecosystem to be used as an alchemic ingredient.  Can only be found at night in the fields of the Revelwood.	https://enshrouded.wiki.gg/wiki/Moth
7674	Mother-Of-Pearl		Materials	Common	40	Crafting Materials	The natural iridescent material that pearls are made of, it can be found lining the inside of certain shells and valued for its luminous shimmer.	https://enshrouded.wiki.gg/wiki/Mother-Of-Pearl
3534	Mushroom Flesh	蘑菇肉	Terrain Materials	Common		Terrain Materials	The flesh of giant mushrooms that grow in the Blackmire. It's a bit spongy, but otherwise solid enough for building.	https://enshrouded.wiki.gg/wiki/Mushroom_Flesh
469	Mycelium (Material)	菌丝体（材料）	Materials	Common	5	Crafting Materials	Mycelium of mushrooms that have been absorbing the magical properties of the Shroud. Could this be used for alchemical purposes?	https://enshrouded.wiki.gg/wiki/Mycelium_(Material)
2404	Mycelium Overgrown Block	菌丝覆盖方块	Building Materials	Common		Blocks	A block of stone infested by Shroud spores.	https://enshrouded.wiki.gg/wiki/Mycelium_Overgrown_Block
234	Nails	钉子	Materials	Common	5	Crafting Materials	Nails made from Metal Scraps. Sharp objects that can be used as a tool or to improve a weapon.	https://enshrouded.wiki.gg/wiki/Nails
927	Nitrate	硝石	Materials	Common	25	Crafting Materials	A dangerous alchemical substance used to produce explosives. Better watch out!	https://enshrouded.wiki.gg/wiki/Nitrate
6518	Nomad Highlands Dirt	游牧高地泥土	Terrain Materials	Common		Crafting Materials/Terrain Materials	A mix of soil, rock and sediment.	https://enshrouded.wiki.gg/wiki/Nomad_Highlands_Dirt
6525	Nomad Highlands Rubble	游牧高地碎石	Terrain Materials	Common		Terrain Materials	A mix of different biome-specific materials, mainly stone and dirt.	https://enshrouded.wiki.gg/wiki/Nomad_Highlands_Rubble
4426	Obsidian Block		Building Materials	Common		Blocks	A pitch-black block of solid obsidian. Building with this will add a mystical aura to your home!	https://enshrouded.wiki.gg/wiki/Obsidian_Block
4276	Obsidian Dust		Materials	Common	33	Crafting Materials	Finely ground obsidian powder. It can more easily be alchemized in this form.	https://enshrouded.wiki.gg/wiki/Obsidian_Dust
9282	Old Books		Materials	Common	5	Crafting Materials	A stack of old parchments, worn and torn by the ravages of time. A wise man could salvage something from the remnants	https://enshrouded.wiki.gg/wiki/Old_Books
6288	Ony's Map Piece		Collectible	Collectible		Crafting Materials/Dragons' Map	The fragment of a torn treasure map, found on a dragon skeleton in the Albaneve Summits. Perhaps you could reconstruct the map if you found all the pieces?	https://enshrouded.wiki.gg/wiki/Ony's_Map_Piece
8527	Orange Fabric		Materials	Common	40	Crafting Materials	Orange dyed fabric used for clothing.	https://enshrouded.wiki.gg/wiki/Orange_Fabric
6287	Orpheus' Map Piece	俄耳甫斯的地图碎片	Collectible	Collectible		Crafting Materials/Dragons' Map	The fragment of a torn treasure map, found on a dragon skeleton in the Albaneve Summits. Perhaps you could reconstruct the map if you found all the pieces?	https://enshrouded.wiki.gg/wiki/Orpheus'_Map_Piece
1174	Padding	衬垫	Materials	Common	25	Crafting Materials	A basic ingredient for all advanced armor. The padding added below the hard shell can create comfort and soften impacts. A Loom is needed to craft both padding and advanced armor.	https://enshrouded.wiki.gg/wiki/Padding
7823	Palm Leaves	棕榈叶	Materials	Common	40	Crafting Materials	Vibrant palm leaves that offer ample shade in the blazing sun. They can be used as a crafting ingredient.	https://enshrouded.wiki.gg/wiki/Palm_Leaves
2405	Palm Wood Block	棕榈木块	Building Materials	Common		Blocks	Perfect to build a provisional house in hot areas. Palm wood is a great alternative to conventional wood, mimicking its charm and durability.	https://enshrouded.wiki.gg/wiki/Palm_Wood_Block
1551	Palm Wood Logs	棕榈木原木	Materials	Common	25	Crafting Materials	Logs of a freshly cut palm, ready to be processed into an item of choosing.	https://enshrouded.wiki.gg/wiki/Palm_Wood_Logs
474	Paper	纸	Materials	Common	25	Crafting Materials	A traditional but mighty tool of communication. Used for the preservation of knowledge.	https://enshrouded.wiki.gg/wiki/Paper
7860	Paper Reed	纸莎草	Materials	Common	1	Crafting Materials	These paper reed fibers can be used in many crafting recipes just like other plant fibers.	https://enshrouded.wiki.gg/wiki/Paper_Reed
7739	Passionflower	西番莲	Materials	Common	40	Crafting Materials	Take a moment to appreciate this fascinating flower and its beautiful pink color.	https://enshrouded.wiki.gg/wiki/Passionflower
7735	Pearl	珍珠	Materials	Common	40	Crafting Materials	A gorgeous pearl. The magnetic pull of its lustrious shine is only enhanced by its rarity.	https://enshrouded.wiki.gg/wiki/Pearl
6245	Petrified Shroud Stalker Shell	石化瘴气潜行者壳	Materials	Uncommon	18	Crafting Materials	A dense, stone-like carapace torn from the Stalker, a ruthless assassin of the Shroud. Its near-unbreakable structure makes it a crucial material for forging tough and resilient armor.	https://enshrouded.wiki.gg/wiki/Petrified_Shroud_Stalker_Shell
7776	Pillbug	球虫	Fishing Baits	Common	40	Crafting Materials	A little pillbug, also called a roly-poly. It can be found in the Albaneve Summits and used as fishing bait, especially popular among rare fish.	https://enshrouded.wiki.gg/wiki/Pillbug
7685	Pink Mushroom Meat	粉色蘑菇肉	Materials	Common	40	Crafting Materials	A rose-colored piece of fresh mushroom meat. It has various applications	https://enshrouded.wiki.gg/wiki/Pink_Mushroom_Meat
7676	Piscine Ivory Dust	鱼类象牙粉尘	Materials	Common	40	Crafting Materials	Piscine Ivory, often called the ivory of the sea, ground into a bright powder. Renowned for its strength and resilience, it can even serve as a component in metal alloys, lending them exceptional robustness.	https://enshrouded.wiki.gg/wiki/Piscine_Ivory_Dust
3422	Plaited Block	编织方块	Building Materials	Common		Blocks	A building block made from tightly woven twigs. It's used inside Vukah buildings.	https://enshrouded.wiki.gg/wiki/Plaited_Block
74	Plant Fiber	植物纤维	Materials	Common	1	Crafting Materials	Maybe they can be used as strings? They seem to be pretty robust.	https://enshrouded.wiki.gg/wiki/Plant_Fiber
6286	Polaris' Map Piece	波拉里斯的地图碎片	Collectible	Collectible		Crafting Materials/Dragons' Map	The fragment of a torn treasure map, found on a dragon skeleton in the Albaneve Summits. Perhaps you could reconstruct the map if you found all the pieces?	https://enshrouded.wiki.gg/wiki/Polaris'_Map_Piece
4392	Polished Granite Block	抛光花岗岩块	Building Materials	Common		Blocks	A highly polished version of the granite wall block. Possible imperfections were largely removed, creating a more seamless finish.	https://enshrouded.wiki.gg/wiki/Polished_Granite_Block
3578	Prawn Fossil	对虾化石	Small Fossils	Collectible		Fossils	The fossilized remains of a stranded prawn. Most of its tiny legs are not visible anymore, which is mournful for researchers but enjoyable for squeamish Flameborn.	https://enshrouded.wiki.gg/wiki/Prawn_Fossil
3078	Purified Slime	净化黏液	Materials	Common	5	Crafting Materials	A green glowing material that's been cleansed to rid it of its toxic characteristics.	https://enshrouded.wiki.gg/wiki/Purified_Slime
7780	Rare Fishing Bait		Fishing Baits	Common	40	Crafting Materials	Bait that increases the chance of catching rare fish.	https://enshrouded.wiki.gg/wiki/Rare_Fishing_Bait
10209	Raw Meat and Corncob Skewer	生肉玉米串	Materials	Common	5	Crafting Materials	A hearty feast that fortifies your body.  Grilled over a fire, this skewer will increase your '''melee damage, boost your maximum health, and accelerate your health regeneration.'''	https://enshrouded.wiki.gg/wiki/Raw_Meat_and_Corncob_Skewer
10206	Raw Meat and Mushroom Skewer	生肉蘑菇串	Materials	Common	5	Crafting Materials	This mushroom skewer will strengthen not only your flesh but also your mind.  Grilled over a fire, it will raise your '''maximum health, increase your magic damage, and accelerate your mana regeneration.'''	https://enshrouded.wiki.gg/wiki/Raw_Meat_and_Mushroom_Skewer
10208	Raw Meat and Tomato Skewer	生肉番茄串	Materials	Common	5	Crafting Materials	A hunter's favorite ration, crafted for precision.  After you've grilled it over a fire, it will grant you '''more maximum health, increase your ranged and dagger damage, and expand your maximum stamina.'''	https://enshrouded.wiki.gg/wiki/Raw_Meat_and_Tomato_Skewer
7912	Raw Rice	生大米	Materials	Common	40	Crafting Materials	Grains of raw rice. They'll be very filling once cooked.	https://enshrouded.wiki.gg/wiki/Raw_Rice
4287	Raw Wool	生羊毛	Materials	Common	33	Crafting Materials	Raw wool. It's fluffy, easily knotted, and smells vaguely earthy. It needs to be processed further to be used for garments and armor.	https://enshrouded.wiki.gg/wiki/Raw_Wool
7919	Red Carpet Block	红地毯方块	Building Materials	Common		Blocks	Roll out the red carpet whenever you wish, and make your entrance in style.	https://enshrouded.wiki.gg/wiki/Red_Carpet_Block
1510	Red Fabric		Materials	Common	25	Crafting Materials	Red - the color of the Flame fitting for a Flameborn!	https://enshrouded.wiki.gg/wiki/Red_Fabric
3062	Red Marble Block	红色大理石块	Building Materials	common		Blocks	This block made from polished red marble fragments has a mysterious, yet graceful look.	https://enshrouded.wiki.gg/wiki/Red_Marble_Block
3097	Red Marble Fragment	红色大理石碎片	Materials	Common	5	Crafting Materials	The simple fragment can be processed into a stunning Red Marble Block.	https://enshrouded.wiki.gg/wiki/Red_Marble_Fragment
2406	Refined Sandstone Block	精制砂岩块	Building Materials	Common		Blocks	A building material made from Sandstone, fitting the colors of the desert. It was created for architectural monuments.	https://enshrouded.wiki.gg/wiki/Refined_Sandstone_Block
2407	Refined Stone Block	精制石块	Building Materials	Common		Blocks	A Refined Stone Block, that plastered countless aristocratic buildings back in the day.	https://enshrouded.wiki.gg/wiki/Refined_Stone_Block
2408	Refined Wood Block	精制木块	Building Materials	Common		Blocks	Wood of extremely high quality that was manufactured with an eye for detail.	https://enshrouded.wiki.gg/wiki/Refined_Wood_Block
2409	Regular Sandstone Block	普通砂岩块	Building Materials	Common		Blocks	A Regular Sandstone Block. It's very cost - efficient.	https://enshrouded.wiki.gg/wiki/Regular_Sandstone_Block
2410	Regular Stone Block	普通石块	Building Materials	Common		Blocks	A Regular Stone Block used for everyday construction.	https://enshrouded.wiki.gg/wiki/Regular_Stone_Block
6305	Repair Kit	修理工具包	Materials	Rare	18	Crafting Materials	Repair your equipment on the go. Gradually restores a small amount of durability over time.	https://enshrouded.wiki.gg/wiki/Repair_Kit
3500	Reptile Hide	爬行动物皮	Materials	Common	13	Crafting Materials	The tough and scaly skin of a reptile.	https://enshrouded.wiki.gg/wiki/Reptile_Hide
3502	Reptile Leather	爬行动物皮革	Materials	Common	13	Crafting Materials	A sturdy material used in extravagant tailoring.	https://enshrouded.wiki.gg/wiki/Reptile_Leather
63	Resin	树脂	Materials	Common	5	Crafting Materials	This protective juice of trees has many functions. First and foremost, serving the cause of the trees!	https://enshrouded.wiki.gg/wiki/Resin
6517	Revelwood Dirt	启示林泥土	Terrain Materials	Common		Crafting Materials/Terrain Materials	A mix of soil, rock and sediment.	https://enshrouded.wiki.gg/wiki/Revelwood_Dirt
6524	Revelwood Rubble	启示林碎石	Terrain Materials	Common		Terrain Materials	A mix of different biome-specific materials, mainly stone and dirt.	https://enshrouded.wiki.gg/wiki/Revelwood_Rubble
7100	Revelwood Stone	启示林石块	Terrain Materials	Common		Terrain Materials	The best stories start small. For example with a stone.	https://enshrouded.wiki.gg/wiki/Revelwood_Stone
7737	Roasted Coffee Beans		Materials	Common	40	Crafting Materials	A handful of roasted coffee beans. They smell chocolaty and rich, with a light note of floral sweetness. They must be ground up before brewing.	https://enshrouded.wiki.gg/wiki/Roasted_Coffee_Beans
3406	Rocky Stone Road Block		Terrain Materials	Common		Terrain Materials	A rugged-looking stone road material made from jagged rocks. Be careful where you step!	https://enshrouded.wiki.gg/wiki/Rocky_Stone_Road_Block
1552	Rooibos	路易波士茶	Materials	Common	18	Crafting Materials	An interesting plant, stimulating every persons taste buds. The use in tea has established itself as a custom.	https://enshrouded.wiki.gg/wiki/Rooibos
2411	Rough Flintstone Block	粗制燧石块	Building Materials	Common		Blocks	These rough stones shimmer slightly and have a very rustic style.	https://enshrouded.wiki.gg/wiki/Rough_Flintstone_Block
2412	Rough Sandstone Block	粗制砂岩块	Building Materials	Common		Blocks	A rougher version of the Refined Sandstone Block, mainly produced for quantity. Due to its outer appearance it was mainly used for foundations.	https://enshrouded.wiki.gg/wiki/Rough_Sandstone_Block
2413	Rough Stone Block	粗制石块	Building Materials	Common		Blocks	A Rough Stone Block built in the most basic manner of craftsmanship.	https://enshrouded.wiki.gg/wiki/Rough_Stone_Block
2414	Rough Wood Block	粗制木块	Building Materials	Common		Blocks	A basic construction material. Not very pretty, but it gets the job done.	https://enshrouded.wiki.gg/wiki/Rough_Wood_Block
2415	Roughly Cut Stone Block	粗切石块	Building Materials	Epic		Blocks	A block made out of rocks extracted from the grounds. Roughly cut to the right size to stack them. Great for building a foundation!	https://enshrouded.wiki.gg/wiki/Roughly_Cut_Stone_Block
3544	Round Sea Urchin	圆海胆	Small Fossils	Collectible		Fossils	Globular and small, this sea urchin looks unassuming. A keen eye, however, will notice the fivefold symmetry.	https://enshrouded.wiki.gg/wiki/Round_Sea_Urchin
451	Rubble	碎石	Materials	Common		Terrain Materials/Crafting Materials	The dusty remains of building materials.	https://enshrouded.wiki.gg/wiki/Rubble
207	Runes	符文	Materials	Rare	5	Crafting Materials	Runes attract and store magical energy from all around them. Used to enhance weapons.	https://enshrouded.wiki.gg/wiki/Runes
1418	Saffron	藏红花	Materials	Common	25	Crafting Materials	A rare herbal plant that can be found in hot areas of the world.	https://enshrouded.wiki.gg/wiki/Saffron
1372	Salt	盐	Materials	Common	5	Crafting Materials	Crystalline powder which can be found in enshrouded valleys. The taste of food can be improved drastically when sprinkled with salt.	https://enshrouded.wiki.gg/wiki/Salt
932	Sand	沙子	Terrain Materials	Common		Crafting Materials/Terrain Materials	Sand, glittering like gold on a hot summers day, is shifty even in the best of hours.	https://enshrouded.wiki.gg/wiki/Sand
1561	Sandstone	砂岩	Terrain Materials	Common		Terrain Materials/Crafting Materials	Sandstone are stones that consist mainly out of big sand particles - a beautiful natural material and another wonder of nature to admire.	https://enshrouded.wiki.gg/wiki/Sandstone
584	Scales	鳞片	Materials	Common	25	Crafting Materials	Hardened scales of wild animals. Some say they are as hard as stone.	https://enshrouded.wiki.gg/wiki/Scales
7775	Scarab	圣甲虫	Fishing Baits	Common	40	Crafting Materials	A golden jewel scarab beetle. It can be found in the Kindlewastes, and is used as fishing bait, especially useful to catch rare fish.	https://enshrouded.wiki.gg/wiki/Scarab
1378	Scavenger Matron Helmet	拾荒者主母头盔	Materials	Epic		Crafting Materials	She is less fearsome when headless. The acidic scent lingers, however.	https://enshrouded.wiki.gg/wiki/Scavenger_Matron_Helmet
3546	Sea Urchin Cluster	海胆簇	Small Fossils	Collectible		Fossils	A strange cluster of sea urchins with varying sizes and shapes. Most of these were harmless ocean dwellers but some carried fatal venom, so it's best to avoid being stung.	https://enshrouded.wiki.gg/wiki/Sea_Urchin_Cluster
6229	Shadowbloom	暗影花	Materials	Uncommon	25	Crafting Materials	The shadowbloom is one of the few plants resistant to the Kindlewastes heat. Their bright orange petals are only visible at night and are used to make vibrant colors.	https://enshrouded.wiki.gg/wiki/Shadowbloom
3566	Sharp Shark Tooth	锋利鲨鱼牙	Small Fossils	Collectible		Fossils	A sharp tooth from a large aquatic being, possibly a megalodon variant. It's preserved incredibly well and, surprisingly, might be comparatively recent. The owner must've had quite an appetite to need such gigantic teeth...	https://enshrouded.wiki.gg/wiki/Sharp_Shark_Tooth
7886	Shell Limestone	贝壳石灰岩	Terrain Materials	Common		Crafting Materials/Terrain Materials	A type of limestone derived from seashells	https://enshrouded.wiki.gg/wiki/Shell_Limestone
8933	Shell Limestone Block	贝壳石灰岩块	Building Materials	Common		Blocks	This stone block is commonly used in Veilwater Basin.	https://enshrouded.wiki.gg/wiki/Shell_Limestone_Block
7887	Shell Limestone Road Block	贝壳石灰岩路块	Terrain Materials	Common		Terrain Materials	This is a road material made from shell limestone, wich is commonly found in Vailwater Basin.	https://enshrouded.wiki.gg/wiki/Shell_Limestone_Road_Block
6243	Shroud Adhesive	迷雾粘合剂	Materials	Uncommon	18	Crafting Materials	A thick, viscius substance harvested from Shroud Flayers. Its tenacious bonding properties make it essential for crafting armor and securely sticking materials together in various crafting recipes.	https://enshrouded.wiki.gg/wiki/Shroud_Adhesive
115	Shroud Core	雾瘴核心	Materials	Rare	5	Crafting Materials	A stable form of energy. Burning it at the Flame Altar may protect against the Shroud.	https://enshrouded.wiki.gg/wiki/Shroud_Core
6238	Shroud Gelatin	雾瘴凝胶	Materials	Uncommon	18	Crafting Materials	A translucent, gelatinous substance extracted from Shroud Depthdwellers. It shimmers with an eerie glow and possesses restorative and protective properties. Essential for crafting healing spells and magical wards.	https://enshrouded.wiki.gg/wiki/Shroud_Gelatin
6310	Shroud Infused Farm Soil	雾瘴灌注农田土壤	Terrain Materials	Common		Crafting Materials/Terrain Materials/Soil	Shroud infused soil seems dangerous at first glance. However, when used in a controlled environment, it can create a potent bioactive environment that encourages rapid growth.	https://enshrouded.wiki.gg/wiki/Shroud_Infused_Farm_Soil
57	Shroud Liquid	雾瘴液体	Materials	Common	5	Crafting Materials	The liquified essence of the Shroud, harvested from enshrouded growths. The brown fluid emits a violet vapour and is used for many powerful alchemical purposes.	https://enshrouded.wiki.gg/wiki/Shroud_Liquid
6222	Shroud Mushroom	雾瘴蘑菇	Materials	Common	13	Crafting Materials	A mushroom that is commonly found in the Shroud of the Revelwood biome.  It's inedible but can be processed into different materials in crafting.	https://enshrouded.wiki.gg/wiki/Shroud_Mushroom
6251	Shroud Nexus	雾瘴枢纽	Materials	Epic	18	Crafting Materials	Highly concentrated Shroud energy, bundled in a pulsating core.	https://enshrouded.wiki.gg/wiki/Shroud_Nexus
6242	Shroud Particles	雾瘴粒子	Materials	Uncommon	18	Crafting Materials	Contains a higher Shroud concentration compared to spores.	https://enshrouded.wiki.gg/wiki/Shroud_Particles
7686	Shroud Radiance	雾瘴光辉	Materials	Epic	40	Crafting Materials	The Highest concentration of shroud energy, even higher than shroud nexus	https://enshrouded.wiki.gg/wiki/Shroud_Radiance
7687	Shroud Relic	雾霭遗物	Materials	Uncommon	40	Crafting Materials	Contains a higher Shroud concentration compared to Shroud Particles.	https://enshrouded.wiki.gg/wiki/Shroud_Relic
59	Shroud Sack	雾霭囊	Materials	Common	13	Crafting Materials	An organic bag containing highly concentrated Shroud spores.	https://enshrouded.wiki.gg/wiki/Shroud_Sack
6233	Shroud Sand	雾霭沙	Materials	Common	25	Crafting Materials	Fine sand that's been infused with Shroud spores.	https://enshrouded.wiki.gg/wiki/Shroud_Sand
7684	Shroud Slime	雾霭黏液	Materials	Common	25	Crafting Materials	Vibrant and deeply disturbing if you allow it to invade your mind.	https://enshrouded.wiki.gg/wiki/Shroud_Slime
7683	Shroud Sludge	雾霭污泥	Materials	Common	40	Crafting Materials	Excessive experimentation proved that mixing slime and jelly creates sludge. All of these substances are entirely different and deserving of their own characterization due to their varied visconsity.	https://enshrouded.wiki.gg/wiki/Shroud_Sludge
338	Shroud Spores	雾霭孢子	Materials	Common	5	Crafting Materials	Shroud Spores are particles of energy that create and give the shroud its corrupting power.	https://enshrouded.wiki.gg/wiki/Shroud_Spores
6248	Shroud Vapor	雾霭蒸汽	Materials	Rare	33	Crafting Materials	A potent base for crafting potions of various kinds.	https://enshrouded.wiki.gg/wiki/Shroud_Vapor
64	Shroud Wood	雾霭木	Materials	Common	5	Crafting Materials	The wood of Shroud infested trees. Its structure and properties are changed forever.	https://enshrouded.wiki.gg/wiki/Shroud_Wood
2416	Shroud Wood Block	雾霭木块	Building Materials	Common		Blocks	A wood block made from trees that died a long time ago. They are extremely common in areas of the Shroud.	https://enshrouded.wiki.gg/wiki/Shroud_Wood_Block
4272	Silver Bars	银锭	Materials	Common	33	Crafting Materials	Citizens of Embervale would sometimes invest in silver in the hope it would hold its value during a crisis. A crisis did come, but the silver offered little help.	https://enshrouded.wiki.gg/wiki/Silver_Bars
4271	Silver Dust	银尘	Materials	Common	33	Crafting Materials	Fine, shimmery silver powder. Don't drop it, or you'll find specs of silver in your floorboards for weeks to come.	https://enshrouded.wiki.gg/wiki/Silver_Dust
4274	Silver Ore	银矿石	Materials	Common	33	Crafting Materials	Silver is a precious metal often found in combination with other minerals. This raw silver ore will need to be processed to become useful.	https://enshrouded.wiki.gg/wiki/Silver_Ore
7784	Simple Fishing Bait	简易鱼饵	Fishing Baits	Common	5	Crafting Materials	Very simple fishing bait made out of Critter Parts. Can be used to catch common fish, but not many will like the taste of that one.	https://enshrouded.wiki.gg/wiki/Simple_Fishing_Bait
3550	Single Gastropod	单只腹足纲	Small Fossils	Collectible		Fossils	A lonely gastropod, sitting peacefully on a rock. Descendants of this variant still populated Embervale's shores until recently. Their colorful shells and slippery mucus were crushed into the iridescent pigment used to dye cloth.	https://enshrouded.wiki.gg/wiki/Single_Gastropod
3568	Smaller Sea Lily Fossil	小型海百合化石	Medium Fossils	Collectible		Fossils	A robust, small sea lily fossil. No matter how you turn it, you're always greeted by a tendril or imprint.	https://enshrouded.wiki.gg/wiki/Smaller_Sea_Lily_Fossil
3405	Smooth Stone Road Block	光滑石路块	Terrain Materials	Common		Terrain Materials	A road material made from smooth stones. Traveling on it is a delight.	https://enshrouded.wiki.gg/wiki/Smooth_Stone_Road_Block
4293	Snow	雪	Terrain Materials	Common		Crafting Materials/Terrain Materials	Powdery, lily-white snow. The way it drowns out the sounds of chaos makes he world seem just a little more peaceful.	https://enshrouded.wiki.gg/wiki/Snow
107	Spark	火花	Tools	Legendary	5	Crafting Materials	A small amount of essence from the Flame! By feeding it back to the Flame Altar maybe it could become stronger and burn even brighter.	https://enshrouded.wiki.gg/wiki/Spark
137	Spice		Materials	Common	25	Crafting Materials	"Nobody really knows what it is. They just call it the ""Spice"". It makes food much more delicious though, so it is highly sought after!"	https://enshrouded.wiki.gg/wiki/Spice
6217	Spider Gland	蜘蛛腺体	Materials	Common	5	Crafting Materials	A gland that's seemingly dripping with poison. Don't think about it too much, or the visual will haunt your dreams.  Found on poison-spitting spiders and can be used in crafting to produce an antidote to Hemotoxin.	https://enshrouded.wiki.gg/wiki/Spider_Gland
436	Springlands Dirt	春之原野泥土	Terrain Materials	Common		Crafting Materials/Terrain Materials	A mix of soil, rock and sediment.	https://enshrouded.wiki.gg/wiki/Springlands_Dirt
6523	Springlands Rubble	春之原野碎石	Terrain Materials	Common		Terrain Materials	A mix of different biome-specific materials, mainly stone and dirt.	https://enshrouded.wiki.gg/wiki/Springlands_Rubble
6231	Stapelia Starflower	萝藦星花	Materials	Uncommon	33	Crafting Materials	A flower with star-shaped petals. It fills the moonlit valleys of the Albaneve Summits with the smell of death.  Its deep, dark color can be used to make pitch-black pigments.	https://enshrouded.wiki.gg/wiki/Stapelia_Starflower
6312	Starlight Block	星光方块	Building Materials	Common		Blocks	A building block made from polished marble. It's as dark as the night sky.	https://enshrouded.wiki.gg/wiki/Starlight_Block
4273	Steel Bars	钢条	Materials	Common	33	Crafting Materials	As an alloy of both iron and carbon, steel possesses better resistance and therefore provides more protection when used in armor.	https://enshrouded.wiki.gg/wiki/Steel_Bars
415	Stone	石头	Terrain Materials	Common		Crafting Materials/Terrain Materials	The best stories start small. For example with a stone.	https://enshrouded.wiki.gg/wiki/Stone
1567	Straw	稻草	Materials	Common	18	Crafting Materials	A natural plant, remains of the agriculture left behind, that grows in the world. It offers protection from the elements when used as building material.	https://enshrouded.wiki.gg/wiki/Straw
133	String	细线	Materials	Common	5	Crafting Materials	Used to bind things together, String is an extremely important item.	https://enshrouded.wiki.gg/wiki/String
477	Sulfur	硫磺	Materials	Common	25	Crafting Materials	An important material and one of the basic chemical ingredients found within nature.	https://enshrouded.wiki.gg/wiki/Sulfur
55	Tar	焦油	Materials	Common	5	Crafting Materials	Not very pretty, but useful when it comes to creating protection from the elements.	https://enshrouded.wiki.gg/wiki/Tar
2417	Tarred Wood Block	涂焦油木块	Building Materials	Common		Blocks	A Tarred Wood Block. Now only the shingles are missing.	https://enshrouded.wiki.gg/wiki/Tarred_Wood_Block
3423	Temple Stones	神庙石块	Building Materials	Common		Blocks	Weathered stones, either built or claimed by the Vukah. The yellow-tinged moss in the furrows hints at its age.	https://enshrouded.wiki.gg/wiki/Temple_Stones
6284	The Dragons' Map	巨龙地图	Collectible	Collectible		Crafting Materials	A reconstructed map, consisting of 4 former map pieces. It depicts a lake with an island, a river, an obelisk, and parts of a large skeleton. The full writing on the back now reads:	https://enshrouded.wiki.gg/wiki/The_Dragons'_Map
1537	Tin Bars	锡锭	Materials	Common	18}}	Crafting Materials	A metal used to create bronze. It can be found in the Nomad Highlands.	https://enshrouded.wiki.gg/wiki/Tin_Bars
1538	Tin Ore	锡矿石	Materials	Common	18	Crafting Materials	An ore which contains traces of tin. Needed to create Tin Bars.	https://enshrouded.wiki.gg/wiki/Tin_Ore
566	Torn Cloth	破布	Materials	Common	5	Crafting Materials	Torn and tattered remains of cloth that were left behind and now serve the Scavengers as clothing	https://enshrouded.wiki.gg/wiki/Torn_Cloth
8589	Toxic Sack	毒囊	Materials	Common	40	Crafting Materials	A large gland filled with lethal substance. Handle it with care.	https://enshrouded.wiki.gg/wiki/Toxic_Sack
3079	Toxic Slime	毒液黏浆	Materials	Common	5	Crafting Materials	Mined from the deadly waste found in the Hollow Halls. Caution is advised!	https://enshrouded.wiki.gg/wiki/Toxic_Slime
3552	Trilobite Imprint	三叶虫印痕	Medium Fossils	Collectible		Fossils	A detailed trilobite imprint. The structure of its exoskeleton can still be made out clearly.	https://enshrouded.wiki.gg/wiki/Trilobite_Imprint
3554	Trilobites	三叶虫	Small Fossils	Collectible		Fossils	Multiple ancient trilobites, perfectly still and preserved in a petrified coat of sediment.	https://enshrouded.wiki.gg/wiki/Trilobites
8457	Tropical Wood	热带木材	Materials	Common	40	Crafting Materials	This tropical wood can be harvested from ancient trees. It is very sturdy!	https://enshrouded.wiki.gg/wiki/Tropical_Wood
583	Twigs	树枝	Materials	Common	1	Crafting Materials	A twig, as insignificant as it might seem, has a lot of potential. Everything starts somewhere...	https://enshrouded.wiki.gg/wiki/Twigs
7779	Uncommon Fishing Bait	稀有鱼饵	Fishing Baits	Common	13	Crafting Materials	Bait that increases the chance of catching uncommon fish.	https://enshrouded.wiki.gg/wiki/Uncommon_Fishing_Bait
7888	Underwater Luminous Growth	水下发光植物	Terrain Materials	Common		Terrain Materials	An organic growth that glows brightly in the deep, dark waters.	https://enshrouded.wiki.gg/wiki/Underwater_Luminous_Growth
7889	Underwater Mud	水下淤泥	Terrain Materials	Common		Terrain Materials	Soft, water-soaked mud, hauled up from the bottom of a lake or silent stream.	https://enshrouded.wiki.gg/wiki/Underwater_Mud
7890	Veilwater Basin Dirt	面纱水盆泥土	Terrain Materials	Common		Crafting Materials/Terrain Materials	A mix of soil, rock and sediment.	https://enshrouded.wiki.gg/wiki/Veilwater_Basin_Dirt
7872	Veilwater Basin Rubble	面纱水盆碎石	Terrain Materials	Common		Terrain Materials	A mix of different biome-specific materials, mainly stone and dirt.	https://enshrouded.wiki.gg/wiki/Veilwater_Basin_Rubble
7891	Veilwater Basin Sand	面纱水盆沙子	Terrain Materials	Common		Crafting Materials/Terrain Materials	A bright, silvery white sand that mostly consists of crushed seashells.	https://enshrouded.wiki.gg/wiki/Veilwater_Basin_Sand
9130	Venom Stinger	毒刺	Materials	Common	40	Crafting Materials	A sharp, organic stinger. Don't get pricked, or you'll have venom rushing through your veins!	https://enshrouded.wiki.gg/wiki/Venom_Stinger
4282	Violet Fabric	紫罗兰布料	Materials	Common	33	Crafting Materials	A luscious, dyed fabric, usually reserved for creating the finest garments.	https://enshrouded.wiki.gg/wiki/Violet_Fabric
2537	Vukah Brawler Head	武卡斗士头颅	Materials	Epic		Crafting Materials	The tusks remain dangerous since they don't dull after death. Never stumble!	https://enshrouded.wiki.gg/wiki/Vukah_Brawler_Head
3536	Vukah Nesting Material	武卡筑巢材料	Terrain Materials	Common		Terrain Materials	A complicated and interwoven nesting material, used for building extravagant tree houses.	https://enshrouded.wiki.gg/wiki/Vukah_Nesting_Material
4283	Warm Padding	保暖衬垫	Materials	Common	33	Crafting Materials	A warmer and better-insulated padding kit. When used to create armor, it will protect you from the bitter cold.	https://enshrouded.wiki.gg/wiki/Warm_Padding
7821	Water Reptile Hide	水爬虫皮	Materials	Common	40	Crafting Materials	This hide is sleek and water-resistant. It's commonly procured from reptiles that prefer wet or water-filled environments.	https://enshrouded.wiki.gg/wiki/Water_Reptile_Hide
7822	Water Reptile Leather	水爬虫皮革	Materials	Common	40	Crafting Materials	A shiny material with an interesting texture. Any garment made with this will appear very fashionable.	https://enshrouded.wiki.gg/wiki/Water_Reptile_Leather
639	Wax	蜡	Materials	Common	5	Crafting Materials	A common ingredient with a smooth consistency. Needed for illumination of all sorts.	https://enshrouded.wiki.gg/wiki/Wax
2418	Weathered Stone Block	风化石块	Building Materials	Epic		Blocks	In ancient times, these blocks were used to build dungeons and catacombs. Nowadays, they are in bad condition, but still serve their purpose.	https://enshrouded.wiki.gg/wiki/Weathered_Stone_Block
2419	Well Block	水井方块	Building Materials	Epic		Blocks	Bathed in waterproofing liquids, this stone block is mostly used for Elixir Wells.	https://enshrouded.wiki.gg/wiki/Well_Block
7966	Wet Boot	湿靴	Materials	Common		Crafting Materials	A soaked boot, damaged through years of water exposure. Perhaps the fur on it could be useful.	https://enshrouded.wiki.gg/wiki/Wet_Boot
1566	Wheat Grains	小麦粒	Materials	Common	18	Crafting Materials	Both a cooking ingredient and a seed for the fields.	https://enshrouded.wiki.gg/wiki/Wheat_Grains
3056	White Glowing Substance	白色发光物质	Materials	Common	5	Crafting Materials	This material glows in a warm white light. It's an alchemical miracle!	https://enshrouded.wiki.gg/wiki/White_Glowing_Substance
3057	White Luminescent Block	白色发光方块	Building Materials	Common		Blocks	A building block crafted from Warm White Glowing Substance. Its radiance brightens up any space.	https://enshrouded.wiki.gg/wiki/White_Luminescent_Block
77	Wood Acid	木酸液	Materials	Common	5	Crafting Materials	This byproduct of the Charcoal Kiln has many useful porperties, which can be used in medicine and alchemy.	https://enshrouded.wiki.gg/wiki/Wood_Acid
1368	Wood Planks	木板	Materials	Common	13	Crafting Materials	Planks created by cutting Wood Logs into shape. Very useful for building.	https://enshrouded.wiki.gg/wiki/Wood_Planks
4288	Wool		Materials	Common	33	Crafting Materials	Refined wool. It can be used for weaving garments and warm padding.	https://enshrouded.wiki.gg/wiki/Wool
4280	Wound Ointment		Materials	Common	33	Crafting Materials	Useful for flesh wounds.	https://enshrouded.wiki.gg/wiki/Wound_Ointment
4954	Yak Food		Materials	Common		Animal Resources	Nutritious Yak food for tame animals on your farm.	https://enshrouded.wiki.gg/wiki/Yak_Food
4945	Yak Food Bait		Resources	Uncommon		Animal Resources	Food for attracting and taming a Yak.	https://enshrouded.wiki.gg/wiki/Yak_Food_Bait
1512	Yellow Fabric	黄色布料	Materials	Common	25	Crafting Materials	Yellow dyed fabric used for clothing.	https://enshrouded.wiki.gg/wiki/Yellow_Fabric
5321	Yellow Luminescent Block	黄色发光方块	Building Materials	Common		Blocks	A phosphorizing yellow block that draws your eyes in with whispered promises of wealth and secrecy.	https://enshrouded.wiki.gg/wiki/Yellow_Luminescent_Block
9002	Abyssal Wing Axe	深渊之翼斧	Two-handed Axe			Two-handed Axes	The crystal heart, placed between the wings, pulsates with the cold hunger of the abyss.	https://enshrouded.wiki.gg/wiki/Abyssal_Wing_Axe
9317	Abysswalker	深渊行者	Two-handed Hammer			Two-handed Hammers	A heavy weapon, fit for descending any abyss — both literally and figuratively.	https://enshrouded.wiki.gg/wiki/Abysswalker
527	Acid Bite	酸蚀之咬	Spell	Rare	17	Staff Charges	Magical ammunition that sprays acid in a cone in front of the caster, poisoning all enemies hit.	https://enshrouded.wiki.gg/wiki/Acid_Bite
3780	Acid Cleaver	酸蚀砍刀	One-handed Sword			One-handed Swords	A cleaver coated with acid and bile. Its victims can mend the bleeding — but rarely stop the toxins from spreading.	https://enshrouded.wiki.gg/wiki/Acid_Cleaver
9012	Adorned Drakling Daggers	饰纹幼龙匕首	Daggers			Daggers	Only Draklings skilled enough earn the right to wield these adorned daggers. They often remain a trusted weapon for a lifetime.<br><br>'''Finesse:'''<br>The damage caused by this weapon scales with your dexterity attribute. You can execute a unique post-parry attack.	https://enshrouded.wiki.gg/wiki/Adorned_Drakling_Daggers
1595	Advanced Glider	高级滑翔翼	Glider	Rare		Gliders	This Glider is lighter and enables you to travel bigger distances.	https://enshrouded.wiki.gg/wiki/Advanced_Glider
3806	Aerostriker	飞空打击者	Two-handed Hammer			Two-handed Hammers	A heavy hammer that strikes true, like a bird of prey.	https://enshrouded.wiki.gg/wiki/Aerostriker
2489	Alchemist's Ring	炼金术士之戒	Ring	Rare		Rings	"A ring with glowing blue engravings that read:  ""May the Shroud never tear you down — Balthazar"""	https://enshrouded.wiki.gg/wiki/Alchemist's_Ring
9016	Ancient Drak Wand	远古龙魔杖	Wand			Wands	A primordial wand that speaks of the previous dominion of the Drak. When the Drak'Dal were pushed back to the archipelago after they attacked humanity, their craft degenerated significantly, thus losing the ability to reproduce designs such as this.<br><br>'''Overcharge:'''<br>This wand holds a chance to amplify its damage output. Attacks deal bonus damage up to the ''overcharge'' percentage.<br><br>'''Multishot:'''<br>Fires multiple projectiles but at reduced damage.	https://enshrouded.wiki.gg/wiki/Ancient_Drak_Wand
3846	Antler Bow	鹿角弓	Bow			Bows	Designed in admiration of antlers, this bow has an imperial and awe-inspiring image.	https://enshrouded.wiki.gg/wiki/Antler_Bow
8993	Apex Machete	巅峰砍刀	One-handed Sword			One-handed Swords	The weapon brandishes an interlocking pattern of dark and light by partially covering its fuller with a blackened outer shell. The sword's sides are asymmetric, making one ideal for slashing while the other excels in prying or hacking through its pronounced claw-like appendage.	https://enshrouded.wiki.gg/wiki/Apex_Machete
3873	Apprentice Wand	学徒魔杖	Wand			Wands	Modified to increase the mana control, this wand shoots ice projectiles with a bit more force.	https://enshrouded.wiki.gg/wiki/Apprentice_Wand
3847	Arsonist's Bow	纵火者之弓	Bow			Bows	A bow that sparks blazing joy in firebugs and aspiring pyromaniacs.	https://enshrouded.wiki.gg/wiki/Arsonist's_Bow
4315	Aurora Sword	极光之剑	One-handed Sword			One-handed Swords	All incoming light fractures on the surface of this elegant blade, creating a dancing ensemble of floating colors. It is practically dripping with excellence.	https://enshrouded.wiki.gg/wiki/Aurora_Sword
4512	Avalanche Starter	雪崩启动器	Bow			Bows	When placed in competent hands, this horned bow can fire a shot so powerful that it may loosen an avalanche, and bury the valleys in everlasting snow.	https://enshrouded.wiki.gg/wiki/Avalanche_Starter
2345	Axe	斧头		Common		Felling Axes	A primitive tool used for cutting wood. It can also be used as a weapon in a pinch.	https://enshrouded.wiki.gg/wiki/Axe
3848	Banebringer	灾祸使者	Bow			Bows	A infested [[Shroud]] bow, able to teach the true meaning of pain.	https://enshrouded.wiki.gg/wiki/Banebringer
8979	Barbarian Greatsword	蛮族巨剑	Two-Handed Greatsword			Two-handed Greatswords	Miscreants, brutes, and evil doers of the past would often wield similar blades. Perhaps this weapon was forged in the shadows of a back alley and changed hands on the black market.	https://enshrouded.wiki.gg/wiki/Barbarian_Greatsword
3794	Baroness Daggers	男爵夫人匕首	Daggers			Daggers	An elegant dual dagger set with extravagant gold detailing. It's slim enough to be smuggled underneath a nightgown unseen into any chamber.	https://enshrouded.wiki.gg/wiki/Baroness_Daggers
4505	Battering Ram Hammer	攻城锤锤头	Two-handed Hammer			Two-handed Hammers	A heavy two-handed hammer that can break through any door thanks to the added front spikes. Bashing, tearing, and slashing are no problem for this weapon!	https://enshrouded.wiki.gg/wiki/Battering_Ram_Hammer
4743	Batwing Axe	蝠翼斧	One-handed Axe			One-handed Axes	The blades of this axe have sharp edges that flow into an upper peak. They were crafted like that to break through frozen lake surfaces or walls and resemble bat wings.	https://enshrouded.wiki.gg/wiki/Batwing_Axe
3865	Blackened Staff	熏黑法杖	Staff			Staves	Every apprentice knows that the Blackened Staff hides dark secrets. Trying to uncover them leads to migraines, nausea, and paranoia.	https://enshrouded.wiki.gg/wiki/Blackened_Staff
3874	Blazing Wand	烈焰魔杖	Wand			Wands	A wand that deals significant fire damage, eradicating anything in its path.	https://enshrouded.wiki.gg/wiki/Blazing_Wand
6554	Blessed Club	祝福木棒	Two-handed Hammer			Two-handed Hammers	A club that was bathed in divine waters, thus acquiring a blessing of protection. Turns out blessings are less effective than cold, hard steel when caught in an ambush.	https://enshrouded.wiki.gg/wiki/Blessed_Club
3823	Blink Daggers	闪现匕首	Daggers			Daggers	Striking in the blink of an eye, these daggers can slash any throat quickly and quickly.	https://enshrouded.wiki.gg/wiki/Blink_Daggers
9003	Blood Omen Axe	血兆之斧	Two-handed Axe			Two-handed Axes	This colossal axe draws strength from those it wounds, stealing their vitality with each strike.	https://enshrouded.wiki.gg/wiki/Blood_Omen_Axe
3824	Blunt Knives	钝刀	Daggers			Daggers	A dull set of daggers. Simple, but still efficient in a pinch.	https://enshrouded.wiki.gg/wiki/Blunt_Knives
3599	Bone Arrow	骨制箭	Bow ammo	Uncommon	12	Arrows	An arrow made from bone.	https://enshrouded.wiki.gg/wiki/Bone_Arrow
3082	Bone Channel I	骨槽 I	Spell	Uncommon	15	Staff Charges	Call upon the forces of the underworld to summon projectiles that seek out enemies.	https://enshrouded.wiki.gg/wiki/Bone_Channel_I
3086	Bone Channel II	骨槽 II	Spell	Rare	25	Staff Charges	Hold to summon bone projectiles that seek out enemies with a devastating force.	https://enshrouded.wiki.gg/wiki/Bone_Channel_II
3781	Bonebreaker	碎骨者	One-handed Axe			One-handed Axes	A primitive, but well-crafted brutal weapon to splinter the bones of the enemy.	https://enshrouded.wiki.gg/wiki/Bonebreaker
3402	Bonescourge Mace	骨疫钉锤	One-handed Club			One-handed Clubs	This mace is the bane and banisher of all undead creatures.	https://enshrouded.wiki.gg/wiki/Bonescourge_Mace
4744	Boreal Axe	北境斧	Two-handed Axe			Two-handed Axes	An axe forged from shadowy steel crowned with a single, slimmed gemstone. The grip is mantled with boreal wood.	https://enshrouded.wiki.gg/wiki/Boreal_Axe
3841	Bow	弓	Bow			Bows	An important bow made out of basic materials. Unfortunately, the bowstring is quite loose.	https://enshrouded.wiki.gg/wiki/Bow
5278	Bow Of The Serpent	巨蛇之弓	Bow			Bows	A strong bow that frames each shot in between two serpent's maws. Let your arrows strike with the calculated savagery of a viper in waiting!	https://enshrouded.wiki.gg/wiki/Bow_Of_The_Serpent
4375	Brazen Bull Shield	铜牛盾牌	Shield	Common	33	Shields	The goat head imprinted on this metal shield is imposing, looking down on its adversaries with a stalwart gaze.	https://enshrouded.wiki.gg/wiki/Brazen_Bull_Shield
4867	Bright Morningstar	明亮晨星锤	One-handed Club			One-handed Clubs	A club with long, protruding spikes forged from moon-bathed steel. Spilled blood is easily visible on this weapon.	https://enshrouded.wiki.gg/wiki/Bright_Morningstar
3849	Brisk Bow	轻捷之弓	Bow			Bows	Every true shot makes the blood pump faster.	https://enshrouded.wiki.gg/wiki/Brisk_Bow
1915	Bronze Arrow	青铜箭	Bow ammo	Common	18	Arrows	An advanced arrow with a bronze tip.	https://enshrouded.wiki.gg/wiki/Bronze_Arrow
2348	Bronze Axe	青铜斧	Tools	Rare		Felling Axes	An axe with a bronze head. Sturdier than the Copper version.	https://enshrouded.wiki.gg/wiki/Bronze_Axe
2479	Bronze Pickaxe	青铜镐	Tools	Common		Pickaxes	A pickaxe made out of bronze. Only struggling with the hardest of stones, it can be considered very efficient.	https://enshrouded.wiki.gg/wiki/Bronze_Pickaxe
302	Bronze Sword	青铜剑	One-handed Sword			One-handed Swords	A light and swift sword of beautiful color. It dulls quickly, though.	https://enshrouded.wiki.gg/wiki/Bronze_Sword
9005	Broodmother's Eye	育母之眼	Daggers			Daggers	These daggers are adorned with crystal inlays shaped like eyes, a constant reminder to their wielders that the Broodmother Vesztah watches them at all times. It is believed that she guides their hand - ensuring that only the strongest may hatch, while the weak are struck down by the blade's edge.<br><br>''' Finesse: '''<br>The damage caused by this weapon scales with your dexterity attribute. You can execute a unique post-parry attack.	https://enshrouded.wiki.gg/wiki/Broodmother's_Eye
10142	Camera	相机	Tools	Common		Tools/Essentials	You can take screenshots with this item.	https://enshrouded.wiki.gg/wiki/Camera
3217	Campfire	营火	Comfort	Common		Tools	A small campfire to cook food that can give many bonuses. It's a great spot to take a rest and relax.	https://enshrouded.wiki.gg/wiki/Campfire
4513	Celestial Axe	天界之斧	One-handed Axe			One-handed Axes	An ice-cold axe with a central, vibrant gem. Its blades are adorned with small spikes to cause maximum damage. When this axe rains down on its enemies, it beautifully reflects the sun's light.	https://enshrouded.wiki.gg/wiki/Celestial_Axe
4925	Chain Heal II	连锁治疗 II	Spell	Rare	32	Staff Charges	Improved magical ammunition that releases a healing wave and jumps to nearby friends.	https://enshrouded.wiki.gg/wiki/Chain_Heal_II
530	Chain Lightning	连锁闪电	Spell	Rare	12	Staff Charges	Magical ammunition to release a powerful lightning strike that shocks enemies and jumps to others nearby, dealing additional '''stamina damage'''.	https://enshrouded.wiki.gg/wiki/Chain_Lightning
4316	Champion's Axe	冠军之斧	Two-handed Axe			Two-handed Axes	A hefty two-handed axe, usually wielded by champions of the ring! Axes like these are often a status symbol and represent triumph.	https://enshrouded.wiki.gg/wiki/Champion's_Axe
9017	Chief Drak'Dal Axe	德拉克达尔首领之斧	One-handed Axe			One-handed Axes	Those who wield the Chief Drak'Dal Axe command great awe - one swing is enough to bring a tribe to its knees. It's taken many lives, and lusts for countless more.	https://enshrouded.wiki.gg/wiki/Chief_Drak'Dal_Axe
8990	Chieftain's Hammer	酋长之锤	Two-handed Hammer			Two-handed Hammers	An elaborate weapon adorned with prized horns, probably trophies from past hunts. At times, the Drak would make sacrifices to their gods in Ark Morgo to channel their elemental affinities. Therefore, this axe of a tribal chief was imbued with the power of lightning to aid in their pursuits.	https://enshrouded.wiki.gg/wiki/Chieftain's_Hammer
4866	Circus Knives	马戏团飞刀	Daggers			Daggers	A pair of circus knives that can do a lot of damage if left in untrained hands! Better watch out!	https://enshrouded.wiki.gg/wiki/Circus_Knives
4770	Clearwater Staff	净水法杖	Staff			Staves	A ceremonial staff, used in part to melt frozen lakes into clear, drinkable water.	https://enshrouded.wiki.gg/wiki/Clearwater_Staff
3795	Club	木棒	One-handed Club			One-handed Clubs	A club carved out of wood. Not much, but better than nothing.	https://enshrouded.wiki.gg/wiki/Club
4771	Coalescent Wand	凝聚魔杖	Wand			Wands	The wielder's energy melts inside the wand's empty husk and reforms to shoot forth a boundless stream of elemental energy.	https://enshrouded.wiki.gg/wiki/Coalescent_Wand
6951	Coiling Wand	盘绕法杖	Wand			Wands	This wand grants power over ice to whoever is brave enough to wield it.	https://enshrouded.wiki.gg/wiki/Coiling_Wand
3850	Composite Bow	复合弓	Bow			Bows	This is a very sophisticated bow with hight tension.	https://enshrouded.wiki.gg/wiki/Composite_Bow
1884	Copper Arrow	铜箭	Bow ammo	Common	12	Arrows	An arrow with a copper tip	https://enshrouded.wiki.gg/wiki/Copper_Arrow
2347	Copper Axe	铜斧	Tools	Uncommon		Felling Axes	A sharp Copper Axe which is highly efficient at cutting wood. It can also be used to cut down enemies.	https://enshrouded.wiki.gg/wiki/Copper_Axe
2478	Copper Pickaxe	铜镐	Tools	Common		Pickaxes	A decent tool forged out of copper. At least working does not become a hassle because of bad equipment.	https://enshrouded.wiki.gg/wiki/Copper_Pickaxe
3825	Corrosive Daggers	腐蚀匕首	Daggers			Daggers	These blades were corroded by being submerged in poison for too long.	https://enshrouded.wiki.gg/wiki/Corrosive_Daggers
3872	Crackling Wand	噼啪魔杖	Wand			Wands	Fire proves to be an excellent weapon against creatures of the [[Shroud]].	https://enshrouded.wiki.gg/wiki/Crackling_Wand
8710	Crown Crusher	王冠粉碎者	One-handed Club			One-handed Clubs	A Shroud-tainted wand which radiates darkness. You feel that using it will widen a hidden void beneath Embervale, slowly growing in obscurity, swallowing all around...but perhaps using it once or twice won't hurt?	https://enshrouded.wiki.gg/wiki/Crown_Crusher
3876	Cryptic Wand	神秘魔杖	Wand			Wands	A strange wand which was covered by ashes. Its body bends and twists, but never breaks.	https://enshrouded.wiki.gg/wiki/Cryptic_Wand
4517	Crystal Knives	水晶餐刀	Daggers			Daggers	A crystalline frame lines the edges of these short blades. They shift incoming light and reflect it, bathing the daggers in the color of fresh mountain springs.	https://enshrouded.wiki.gg/wiki/Crystal_Knives
4499	Crystalwater Staff	晶水法杖	Staff			Staves	A staff that imbues the wielder with the ability to melt ice capes and frozen streams. The resulting fresh water is considered exceptionally pure and healing.	https://enshrouded.wiki.gg/wiki/Crystalwater_Staff
9004	Curse Bringer Axe	诅咒使者之斧	Two-handed Axe			Two-handed Axes	Its maw is cradling a gem that glows as the curse is spoken, leaving foes weaker as it feeds itself.	https://enshrouded.wiki.gg/wiki/Curse_Bringer_Axe
3792	Daggers	匕首	Daggers			Daggers	A rudimentary set of daggers, the secondary weapon of choice for archers.	https://enshrouded.wiki.gg/wiki/Daggers
3782	Dark Cleaver	黑暗砍刀	One-handed Axe			One-handed Axes	Cleave through it all. Part the Shroud. Excise the tumor.	https://enshrouded.wiki.gg/wiki/Dark_Cleaver
4508	Dark Morningstar	黑暗晨星锤	One-handed Club			One-handed Clubs	Children rumored that people killed by this Morningstar would have their souls banished inside the orb. These remnants would echo aimlessly forever in their spherical prison, bouncing between the curved walls and the void.	https://enshrouded.wiki.gg/wiki/Dark_Morningstar
3862	Dark Staff	黑暗法杖	Staff			Staves	A magical staff, utilizing the power of darkness to cast stronger magic spells. A mighty tool feared by every sorcerer. {{About Staves}}	https://enshrouded.wiki.gg/wiki/Dark_Staff
4515	Darkwood Axe	黑木斧	Two-handed Axe			Two-handed Axes	This is an elevated version of the Boreal Axe. Its head boasts an intricate design, typical for northern craftsmanship.	https://enshrouded.wiki.gg/wiki/Darkwood_Axe
6580	Darya's Staff	达莉亚的法杖	Staff			Staves	A staff that harnesses the power of the eclipsed sun. It functions best when only a crescent of light is left.	https://enshrouded.wiki.gg/wiki/Darya's_Staff
6579	Darya's Wand	达莉亚的魔杖	Wand			Wands	A wand that harnesses the power of the eclipse. It functions best when the sun is fully submerged in darkness, and only a faint rim of light shines through.	https://enshrouded.wiki.gg/wiki/Darya's_Wand
8833	Death Gazer Axe	凝亡者之斧	One-handed Axe			One-handed Axes	Its crystal eye watches the battlefield, and thoses it fixes upon rarely see another dawn.	https://enshrouded.wiki.gg/wiki/Death_Gazer_Axe
3863	Deceiving Staff	欺诈法杖	Staff			Staves	The weapon of choice for the deceitful.	https://enshrouded.wiki.gg/wiki/Deceiving_Staff
3775	Deeproot Axe		Two-handed Axe			Two-handed Axes	Carved from foraged dead wood and dusty roots, this axe was hardened in the sun to tear flesh and split bones.	https://enshrouded.wiki.gg/wiki/Deeproot_Axe
4511	Devilish Bow	恶魔之弓	Bow			Bows	This draconic-looking bow was often feared for its crooked horns of unknown origin. Villagers believed that horns so twisted would always bring bad luck.	https://enshrouded.wiki.gg/wiki/Devilish_Bow
3851	Draconian Bow	龙族之弓	Bow			Bows	Crafted to resemble the wings of the most infamous Kindlewastes, the Draconian Vulture.	https://enshrouded.wiki.gg/wiki/Draconian_Bow
3762	Dragon Sword	龙之剑	One-handed Sword			One-handed Swords	A mythical blade from long gone days. Legends say that it was passed on to Embervale by a wise spirit who descended from the stars in the year of the dragon.	https://enshrouded.wiki.gg/wiki/Dragon_Sword
6562	Dragon's Wing	龙之翼	Bow			Bows	Gain the strength of a dragon with this legendary weapon.	https://enshrouded.wiki.gg/wiki/Dragon's_Wing
6582	Dragonsbane	屠龙者	One-handed Axe			One-handed Axes	An axe found atop the skull of a giant dragon skeleton.  Legends say it was used to slay the mother dragon, but it wasn't lodged inside her cranium when you found it.    That's probably for the best. Mothers have enough headaches already.	https://enshrouded.wiki.gg/wiki/Dragonsbane
9007	Drak Whistle Bow	德拉克哨弓	Bow			Bows	This bow was fashioned after the likeness of the Drak'Dal, even though they don't use such weapons themselves. An arrow shot from this bow will split the air like the sharp whistle of the drakian tongue.	https://enshrouded.wiki.gg/wiki/Drak_Whistle_Bow
8994	Drak'Dal Spine	德拉卡达尔之脊	One-handed Sword			One-handed Swords	Ridges line the base of this sword, adding weight to each swing. The uneven silhouette is reminiscent of protruding vertebrae.	https://enshrouded.wiki.gg/wiki/Drak'Dal_Spine
9324	Drakling Daggers	幼德拉克匕首	Daggers			Daggers	These daggers mark the next stage for young Drak after training with bamboo sticks. Their compact size makes them easy to wield even from an early age. '''Finesse:''' The damage caused by this weapon scales with your dexterity attribute. You can execute a unique post-parry attack.	https://enshrouded.wiki.gg/wiki/Drakling_Daggers
3816	Dreadbane	恐惧克星	Two-handed Hammer			Two-handed Hammers	A large and powerful hammer that has been corrupted by the [[Shroud]]. Good for smashing bugs!	https://enshrouded.wiki.gg/wiki/Dreadbane
9164	Eclipsed Blade	蚀日之刃	One-handed Sword			One-handed Swords	Rays of steel stretch outward from the sword handle's guard. They resemble the final light of the sun before an eclipse.	https://enshrouded.wiki.gg/wiki/Eclipsed_Blade
3860	Elder's Staff	长老法杖	Staff			Staves	A magic staff, brimming with the power of its former owner. Legend has it that the elder's soul is linked to it, sometimes humming at night. {{About Staves}}	https://enshrouded.wiki.gg/wiki/Elder's_Staff
3748	Enflamed Sword	燃焰之剑	One-handed Sword			One-handed Swords	A burning sword, glowing with power. It burns hot enough to reduce the mana of its prey with every hit.	https://enshrouded.wiki.gg/wiki/Enflamed_Sword
3799	Enhanced Spiked Club	强化尖刺木棒	One-handed Club			One-handed Clubs	The most basic weaponry, enhanced to be more effective and durable.	https://enshrouded.wiki.gg/wiki/Enhanced_Spiked_Club
3784	Enshrouded Axe	雾锁王国斧	One-handed Axe			One-handed Axes	A mighty axe wich lusts for blood.	https://enshrouded.wiki.gg/wiki/Enshrouded_Axe
538	Eternal Acid Bite	永恒酸蚀咬击	Spell	Epic	22	Staff Charges	Banned in most mystic circles, this spell serves as an infinite well of acid to envenom foes. It's bite is most deadly, so use with care	https://enshrouded.wiki.gg/wiki/Eternal_Acid_Bite
541	Eternal Chain Heal	永恒连锁治疗	Spell	Epic	17	Staff Charges	An eternal spell which distributes great healing that jumps to nearby friends.	https://enshrouded.wiki.gg/wiki/Eternal_Chain_Heal
4406	Eternal Chain Lightning	永恒连锁闪电	Spell	Epic	32	Staff Charges	An eternal spell which releases a powerful lightning strike that shocks nearby enemies and jumps to others nearby.<br><br>'''Eternal Spell:''' Does '''not deplete.''' Equip the Eternal spell and use '''mana''' to cast it with a '''staff.'''	https://enshrouded.wiki.gg/wiki/Eternal_Chain_Lightning
536	Eternal Fireball	永恒火球	Spell	Epic	17	Staff Charges	This spell is fueled by the eternal Flame and serves as unlimited magical ammunition to ignite a mighty fireball that erupts upon impact, dealing damage in a large area.<br><br>'''Eternal Spell:''' Does '''not deplete.''' Equip the Eternal spell and use '''mana''' to cast it with a '''staff.'''	https://enshrouded.wiki.gg/wiki/Eternal_Fireball
7763	Eternal Fireball II	永恒火球 II	Spell	Epic	38	Staff Charges	Superior magical ammunition to ignite a mighty fireball that erupts upon impact, dealing damage in a medium area.<br><br>'''Eternal Spell:''' Does '''not deplete.''' Equip the Eternal spell and use '''mana''' to cast it with a '''staff.'''	https://enshrouded.wiki.gg/wiki/Eternal_Fireball_II
3604	Eternal Frost Arrow I	永恒寒霜箭 I	Bow ammo	Epic	9	Arrows	An arrow that was touched by eternity. It's ice cold to the touch.	https://enshrouded.wiki.gg/wiki/Eternal_Frost_Arrow_I
7759	Eternal Frost Arrow II	永恒寒霜箭 II	Bow ammo	Epic	29	Arrows	An arrow that was touched by eternity. It's ice cold to the touch.	https://enshrouded.wiki.gg/wiki/Eternal_Frost_Arrow_II
9129	Eternal Heal Beam Channel	永恒治疗光束引导	Spell	Epic	38	Staff Charges	Continuously heal a target in a beam up to 20 meters away.<br><br>'''Channel Spell:''' Hold the input to channel '''over time.''' Equip the spell and use '''mana''' to cast it with a '''staff.'''<br><br>'''Eternal Spell:''' Does '''not deplete.''' Equip the Eternal spell and use '''mana''' to cast it with a '''staff.'''	https://enshrouded.wiki.gg/wiki/Eternal_Heal_Beam_Channel
542	Eternal Heal Channel	永恒治疗引导	Spell	Epic	22	Staff Charges	An eternal spell which heals all allies in need.	https://enshrouded.wiki.gg/wiki/Eternal_Heal_Channel
535	Eternal Ice Bolt	永恒冰箭	Spell	Epic	17	Staff Charges	An eternal version of the Ice Bolt. The spell damages enemies upon impact and slows them afterwards.	https://enshrouded.wiki.gg/wiki/Eternal_Ice_Bolt
7913	Eternal Ice Bolt II	永恒冰箭 II	Spell	Epic	43	Staff Charges	An eternal version of the Ice Bolt. The spell damages enemies upon impact and slows them afterwards.	https://enshrouded.wiki.gg/wiki/Eternal_Ice_Bolt_II
537	Eternal Light Burst	永恒光爆	Spell	Epic	22	Staff Charges	This eternal is imbued with the power of light. When cast, a bright burst of radiance flashes before you and pushes back enemies.	https://enshrouded.wiki.gg/wiki/Eternal_Light_Burst
7914	Eternal Lightning Channel	永恒闪电通道	Spell	Epic	43	Staff Charges	Umlimited magical ammunition that continuously channels powerful lightning strikes. It shocks enemies by jumping between them and deals stamina damage.	https://enshrouded.wiki.gg/wiki/Eternal_Lightning_Channel
4380	Ethereal Plane	灵界	Shield	Common	23	Shields	This magic shield allows you to block against physical attacks. Blocking drains stamina.	https://enshrouded.wiki.gg/wiki/Ethereal_Plane
4325	Exceptional Ring of Health	卓越生命戒指	Ring	Rare		Rings	This ring will increase your health and healing rate.	https://enshrouded.wiki.gg/wiki/Exceptional_Ring_of_Health
4388	Exceptional Ring of Mana	卓越法力戒指	Ring	Rare		Rings	This ring will increase your mana and its replenishment.	https://enshrouded.wiki.gg/wiki/Exceptional_Ring_of_Mana
4326	Exceptional Ring of Stamina	卓越的耐力戒指	Ring	Rare		Rings	An ancient ring that gives you stamina.	https://enshrouded.wiki.gg/wiki/Exceptional_Ring_of_Stamina
317	Executioner's Axe	刽子手之斧	Two-handed Axe			Two-handed Axes	An axe of gruesome origin. It has seen many heads roll and still fulfills its purpose today.	https://enshrouded.wiki.gg/wiki/Executioner's_Axe
9165	Explorer's Machete	探险者砍刀	One-handed Sword			One-handed Swords	A sword with a reinforced, pointed edge that can cut through any growth in the thicket. The blade is also useful for hunting wildlife.	https://enshrouded.wiki.gg/wiki/Explorer's_Machete
3602	Explosive Arrow I	爆炸箭 I	Bow ammo	Rare	11	Arrows	A special arrow that delivers an explosive surprise.	https://enshrouded.wiki.gg/wiki/Explosive_Arrow_I
3603	Explosive Arrow II	爆炸箭 II	Bow Ammunition	Rare		Arrows	A special arrow that delivers an explosive surprise. Strikes with improved firepower.	https://enshrouded.wiki.gg/wiki/Explosive_Arrow_II
8957	Explosive Arrow III		Bow ammo	Rare	44	Arrows	A '''special arrow''' that delivers an explosive surprise. Strikes with greatly improved firepower.	https://enshrouded.wiki.gg/wiki/Explosive_Arrow_III
3747	Extinguished Sword		One-handed Sword			One-handed Swords	Although no longer enflamed this formerly magical sword still has a sharp edge.	https://enshrouded.wiki.gg/wiki/Extinguished_Sword
1596	Extraordinary Glider		Glider	Epic		Gliders	This Glider will allow you to travel extraordinarily long distances.	https://enshrouded.wiki.gg/wiki/Extraordinary_Glider
3826	Falk Fall Daggers		Daggers			Daggers	The edge of these daggers is shaped like the break of a soaring eagle, willing to strike down toward its enemies	https://enshrouded.wiki.gg/wiki/Falk_Fall_Daggers
3755	Fang Blade	尖牙之刃	One-handed Sword			One-handed Swords	This blade is razor-sharp like the fangs of the terrifying creatures that prowl the Nomad Highlands.	https://enshrouded.wiki.gg/wiki/Fang_Blade
3808	Fearsome Club	可怖木棒	One-handed Club			One-handed Clubs	This club strikes fear into the hearts of your foes with every swing	https://enshrouded.wiki.gg/wiki/Fearsome_Club
3817	Feathered Mace	羽饰钉锤	One-handed Club			One-handed Clubs	Designed after the fletching of an arrow, this weapon shows true brutality when smiting friend or foe.	https://enshrouded.wiki.gg/wiki/Feathered_Mace
6581	Fell Broad Sword	邪煞阔剑	One-handed Sword			One-handed Swords	A heavy sword wielded by armored Fell.	https://enshrouded.wiki.gg/wiki/Fell_Broad_Sword
9021	Fell Commander Bow	邪煞指挥官之弓	Bow			Bows	Forged for ruthless efficiency, the Fell Commander Bow finds its purpose in the skulls of Scavengers who dare cross its path.	https://enshrouded.wiki.gg/wiki/Fell_Commander_Bow
9008	Fell Impaler Bow	堕落穿刺者之弓	Bow			Bows	Pierce enemies in the back with arrows shot from this precise Fell Impaler Bow, perfect for those who prefer their enemies dealt with from a comfortable distance.	https://enshrouded.wiki.gg/wiki/Fell_Impaler_Bow
6667	Fell Shield	堕落之盾	Shield	Common	22	Shields	A sturdy shield carried by the Fell. It has held up for ages.	https://enshrouded.wiki.gg/wiki/Fell_Shield
3765	Fenrig's Axe	芬里格之斧	One-handed Axe			One-handed Axes	An axe made for cutting down trees. Slightly less effective for fighting off wolves.	https://enshrouded.wiki.gg/wiki/Fenrig's_Axe
8388	Fire Bolt	火焰箭	Spell	Common	3	Staff Charges	Magical ammunition that ignites a firebolt, dealing damage to a single target.	https://enshrouded.wiki.gg/wiki/Fire_Bolt
529	Fireball I	火球术 I	Spell	Rare	10	Staff Charges	Magical ammunition that ignites a fireball, erupting upon impact and dealing damage in a small area.	https://enshrouded.wiki.gg/wiki/Fireball_I
531	Fireball II	火球术 II	Spell	Rare	15	Staff Charges	Advanced magical ammunition to ignite a mighty fireball that erupts upon impact, dealing damage in a medium area.	https://enshrouded.wiki.gg/wiki/Fireball_II
4674	Fireball III	火球术 III	Spell	Rare	28	Staff Charges	Superior magical ammunition to ignite a mighty fireball that erupts upon impact, dealing damage in a medium area.	https://enshrouded.wiki.gg/wiki/Fireball_III
1855	Flare Arrow	闪光箭	Bow ammo	Rare	8	Arrows	Scouting ahead can be quite challenging, especially in the dark. The Flare Arrow leaves a flare at the point of impact, spending a little light.	https://enshrouded.wiki.gg/wiki/Flare_Arrow
3807	Fleshgrinder	血肉研磨者	One-handed Club			One-handed Clubs	The needles of this spiked club can tenderize countless meat bags to mush.	https://enshrouded.wiki.gg/wiki/Fleshgrinder
1602	Flint Arrow	燧石箭	Bow ammo	Common	5	Arrows	A slightly enhanced version of the Wooden Arrow, reinforced with small pieces of flint at the tip.	https://enshrouded.wiki.gg/wiki/Flint_Arrow
3852	Forest Longbow	森林长弓	Bow			Bows	This bow has great tension, making it exhausting to use. It does greate damage in exchange.	https://enshrouded.wiki.gg/wiki/Forest_Longbow
3853	Forsaken	被遗弃者	Bow			Bows	Lost and forgotten amidst the [[Shroud]], this bow unleaches fury on anyone that crosses its path.	https://enshrouded.wiki.gg/wiki/Forsaken
1887	Fossilized Bone Arrow	化石骨箭	Bow ammo	Common	16	Arrows	An arrow enhanced with pieces of Fossilized Bone. Strikingly beautiful and deadly.	https://enshrouded.wiki.gg/wiki/Fossilized_Bone_Arrow
9177	Freshblood Mace	鲜血之锤	One-handed Club			One-handed Clubs	When a drakling hatches from its shell, its lowered, elongated body appears almost snake-like. However, they soon adapt an upright posture and bare their teeth this process is represented through the design of this mace.	https://enshrouded.wiki.gg/wiki/Freshblood_Mace
4506	Frost Smasher	霜碎者	Two-Handed Hammer			Two-handed Hammers	Every aspect of this hammer's head is designed meticulously. The front and back boast a colorful yet distinguished design, while the sides share a row of spikes. Appealing, and functional.	https://enshrouded.wiki.gg/wiki/Frost_Smasher
4751	Frost Wand	霜冻法杖	Wand			Wands	A wand that focuses a wielder's power through a frozen crystal. Magical energy is refracted inside and amplified with every reflection.	https://enshrouded.wiki.gg/wiki/Frost_Wand
4320	Frostwing Axe	霜翼之斧	One-handed Axe			One-handed Axes	Legends say that this weapon was once wielded by a hero who was mangled in battle. He sought a freezing cave to rest and tend to his wounds, leaving a trail of blood in the snow. Once he emerged after a hundred-year slumber, a swarm of ice bats soared into the night sky, signaling his return.	https://enshrouded.wiki.gg/wiki/Frostwing_Axe
298	Frozen Core Wand	冰冻核心法杖	Wand			Wands	This wand hides a rare frozen core inside, enabling its owner to unleash massive ice damage against foes.	https://enshrouded.wiki.gg/wiki/Frozen_Core_Wand
9013	Gem of Aerobatics	特技宝石	Generic Item	Epic		Gems	Attacking while in the air spawns +6 projectiles that home towards your target and deal 17 piercing damage.	https://enshrouded.wiki.gg/wiki/Gem_of_Aerobatics
6375	Gem of Agility	敏捷宝石	Generic Item	Rare		Gems	After performing an evade action, the next hit deals X additional cutting damage and replenishes X stamina on the next hit.	https://enshrouded.wiki.gg/wiki/Gem_of_Agility
6376	Gem of Battle Mania	战斗狂热宝石	Generic Item	Rare		Gems	"While the Elixir Buff is active, dealing damage activates the ""Satisfied Battle Mania"" buff, granting X health, X stamina, and X mana regeneration for X. Each additional hit refreshes the duration of that buff; however, once it runs out, the ""Unsatisfied Battle Mania"" debuff will suspend any health, stamina, and mana regeneration for X."	https://enshrouded.wiki.gg/wiki/Gem_of_Battle_Mania
6364	Gem of Bleeding	流血宝石	Generic Item	Common		Gems	| Type = Generic Item	https://enshrouded.wiki.gg/wiki/Gem_of_Bleeding
6377	Gem of Bloodlust	嗜血宝石	Generic Item	Rare		Gems	Grants a X base chance to spawn a health orb when defeating an enemy. Collecting a health orb grants X additional cutting damage to attacks and increases the chance for health orbs by X for X.	https://enshrouded.wiki.gg/wiki/Gem_of_Bloodlust
6368	Gem of Burning	燃烧宝石	Generic Item	Common		Gems	| Type = Generic Item	https://enshrouded.wiki.gg/wiki/Gem_of_Burning
6381	Gem of Cold Composure	冷静沉着宝石	Generic Item	Legendary		Gems	Blocking or aiming for a short time grants X physical and X magical resistance, but slows the movement by X. Getting hit or attacking while buffed creates an ice explosion that deals X ice damage and slows enemies, after which the buff gets removed.	https://enshrouded.wiki.gg/wiki/Gem_of_Cold_Composure
6378	Gem of Corruption	腐化宝石	Generic Item	Epic		Gems	Hitting an enemy applies a [[File:CorruptionEffect.png|20px]] mark that can stack up to 5 times. [[File:CorruptionEffect.png|20px]] Marked enemies will emit an explosion when no new stack of [[File:CorruptionEffect.png|20px]] mark has been added for X or if the enemy dies. The explosion deals X Shroud damage in a 1m radius. Each stack adds 0.5m and X of the base damage to the explosion.	https://enshrouded.wiki.gg/wiki/Gem_of_Corruption
9255	Gem of Currents	水流宝石	Generic Item	Rare		Gems	While Wet or Soaked, damaging enemies will apply Soaked to them for X sec. Damaging soaked enemies has a chance of X to deal X bonus Shock Damage.	https://enshrouded.wiki.gg/wiki/Gem_of_Currents
6380	Gem of Focused Light	聚焦之光宝石	Generic Item	Legendary		Gems	Targeting an enemy for a few seconds while aiming or blocking puts a [[File:FocusedEffect.png|20px]] mark on the enemy. Attacking the marked enemy deals X additional fire damage. The mark can stack up to 3 times by continued targeting, increasing the bonus damage by X at 2 stacks and X at 3 stacks.	https://enshrouded.wiki.gg/wiki/Gem_of_Focused_Light
6891	Gem of Fracturing	碎裂宝石	Generic Item	Rare		Gems	Killing an enemy with blunt damage has a X chance to create homing bone shards that deal X blunt damage, with a chance of spawning up to 4 projectiles.	https://enshrouded.wiki.gg/wiki/Gem_of_Fracturing
6374	Gem of Hopeful Embers	希望余烬宝石	Generic Item	Rare		Gems	When the remaining time in the Shroud is below X, defeated enemies drop time replenishing Orbs.	https://enshrouded.wiki.gg/wiki/Gem_of_Hopeful_Embers
6890	Gem of Lesser Necromancy	次级死灵术宝石	Generic Item	Uncommon		Gems	Killing an enemy with no allied unarmored Hollow active has a chance to spawn an allied level X unarmored Hollow.	https://enshrouded.wiki.gg/wiki/Gem_of_Lesser_Necromancy
9066	Gem of Lycanthropy	变狼术宝石	Generic Item	Legendary		Gems/Missing Requirements	X	https://enshrouded.wiki.gg/wiki/Gem_of_Lycanthropy
6379	Gem of Meteoric Impact	陨石冲击宝石	Generic Item	Epic		Gems	Landing after gliding creates an explosion that deals X fire damage and leaves behind a trail of fire that applies [[File:BurningEffect.png|20px]] burning to enemies, dealing X damage per second for X. After the initial impact, attacks deal X additional fire damage for X.	https://enshrouded.wiki.gg/wiki/Gem_of_Meteoric_Impact
6892	Gem of Necromancy	死灵术宝石	Generic Item	Rare		Gems	Killing an enemy with no allied armored Hollow active has a chance to spawn an allied level X armored Hollow.	https://enshrouded.wiki.gg/wiki/Gem_of_Necromancy
6373	Gem of Overpowering	压制宝石	Generic Item	Uncommon		Gems	Attacking a blocking enemy deals X additional stamina damage and increased pushback.	https://enshrouded.wiki.gg/wiki/Gem_of_Overpowering
6367	Gem of Puncturing	穿刺宝石	Generic Item	Common		Gems	| Type = Generic Item	https://enshrouded.wiki.gg/wiki/Gem_of_Puncturing
6369	Gem of Retaliation	反击宝石	Generic Item	Common		Gems	Blocking damage has a X chance to add X bonus blunt damage to the next attack within the next few seconds and increases the pushback.	https://enshrouded.wiki.gg/wiki/Gem_of_Retaliation
6889	Gem of Skulls	骷髅宝石	Generic Item	Uncommon		Gems	Killing an enemy with a visceral attack has a % chance to spawn a level X companion skull.	https://enshrouded.wiki.gg/wiki/Gem_of_Skulls
6893	Gem of Soul Reaping	灵魂收割宝石	Generic Item	Epic		Gems	Damaging an enemy puts a [[File:SoulEffect.png|20px]] mark on them for X. [[File:SoulEffect.png|20px]] Marked enemies spawn a soul phial on death that can be destroyed to heal you and your allies for X in a 5m radius and also counts as an enemy kill for other effects.	https://enshrouded.wiki.gg/wiki/Gem_of_Soul_Reaping
6372	Gem of Storm's Eye	风暴之眼宝石	Generic Item	Uncommon		Gems	Hitting an enemy puts a [[File:LightningEffect.png|20px]] mark on them for X. Hitting a [[File:LightningEffect.png|20px]] marked enemy sends a lightning bolt to another [[File:LightningEffect.png|20px]] marked enemy, dealing X damage. The attack can chain to more marked enemies. After lightning triggers, the effect has a X cooldown before it can retrigger from the same enemy. After the cooldown, the [[File:LightningEffect.png|20px]] mark is refreshed.	https://enshrouded.wiki.gg/wiki/Gem_of_Storm's_Eye
6371	Gem of Swiftness	迅捷宝石	Generic Item	Uncommon		Gems	After sprinting for a short time, attacks deal X bonus cutting damage for X. The duration refreshes every time damage is dealt.	https://enshrouded.wiki.gg/wiki/Gem_of_Swiftness
6370	Gem of Toxic Betrayal	剧毒背叛宝石	Generic Item	Uncommon		Gems	Landing a backstab on an enemy applies [[File:PoisonEffect.png|20px]] poison for X that deals X poison damage per second.	https://enshrouded.wiki.gg/wiki/Gem_of_Toxic_Betrayal
1597	Ghost Glider	幽魂滑翔翼	Glider	Legendary		Gliders	A formidable Glider which can cross even the deepest trenches, allowing you to rain death from above.	https://enshrouded.wiki.gg/wiki/Ghost_Glider
246	Ghostly Shield	幽魂盾	Shield	Common	13	Shields	This magic shield allows you to block against physical attacks. Blocking drains stamina.	https://enshrouded.wiki.gg/wiki/Ghostly_Shield
3601	Giant Bone Arrow	巨骨箭	Bow ammo	Rare	23	Arrows	An arrow made from giant bone.	https://enshrouded.wiki.gg/wiki/Giant_Bone_Arrow
7844	Gilded Axe	镀金斧	Tools	Rare		Felling Axes	A steel axe, decorated with gold accents. It makes you feel much stronger, although the blade itself is most likely not improved by much.	https://enshrouded.wiki.gg/wiki/Gilded_Axe
7843	Gilded Pickaxe	镀金镐	Tools	Common		Pickaxes	This steel pickaxe has been further refined through the addition of gold ornaments.	https://enshrouded.wiki.gg/wiki/Gilded_Pickaxe
3864	Gleaming Staff	闪耀法杖	Staff			Staves	A magical staff that gleams with hope, able to unleash powerful magical attacks. {{About Staves}}	https://enshrouded.wiki.gg/wiki/Gleaming_Staff
562	Glider	滑翔翼	Glider	Uncommon		Gliders/Essentials	The possibility to fly has always been a desirable trait.	https://enshrouded.wiki.gg/wiki/Glider
4746	Goat Hammer	山羊锤	Two-handed Hammer			Two-handed Hammers	A hammer that has been further improved by an added goat horn in the back. Only the finest, most sturdy horns are selected.	https://enshrouded.wiki.gg/wiki/Goat_Hammer
9203	Golden Bulwark Shield	金色壁垒盾牌	Shield	Common	43	Shields	A massive golden shield engraved with the snarling face of an ancient creature. Its fanged visage is said to ward off evil and strike fear into enemies on the battlefield.	https://enshrouded.wiki.gg/wiki/Golden_Bulwark_Shield
7875	Golden Recruit Axe	金色新兵斧	Two-handed Axe		40	Two-handed Axes	The most successful, newly decorated recruits are sometimes gifted weapons dipped in gold. They aren't any sharper than their less impressive counterparts, but serve as a status symbol among the group.	https://enshrouded.wiki.gg/wiki/Golden_Recruit_Axe
7969	Golden Steel Arrow	金钢箭	Bow ammo	Common	42	Arrows	A refined steel-tipped arrow embellished with gold. With this, you can fight in style.	https://enshrouded.wiki.gg/wiki/Golden_Steel_Arrow
7876	Golden War Hero Axe	金色战争英雄斧	Two-handed Axe		40	Two-handed Axes	Many soldiers fall in war. Those who return are heralded and showered in gold and gifts; given weapons befitting a celebrated veteran... but for some, such gifts merely serve as a reminder of their harrowing past.	https://enshrouded.wiki.gg/wiki/Golden_War_Hero_Axe
3818	Gorestriker	血袭者	One-handed Club			One-handed Clubs	A deadly club that will decimate any enemy.	https://enshrouded.wiki.gg/wiki/Gorestriker
335	Grappling Hook	抓钩	Grappling Hook	Uncommon		Grappling Hooks/Essentials	A sturdy tool that can help to cross many chasms along the way.	https://enshrouded.wiki.gg/wiki/Grappling_Hook
8996	Graven Idol Axe	雕刻偶像斧	One-handed Axe			One-handed Axes	Carved with a stone visage, this axe is as much relic as weapon.	https://enshrouded.wiki.gg/wiki/Graven_Idol_Axe
4507	Greater Golden Twinflame Sword	强效金色双焰之剑	One-handed Sword			One-handed Swords	An elaborate sword, decorated in gold filigree. It came from the skies as a shooting star years ago, and fell into the gasping maw of a cave.	https://enshrouded.wiki.gg/wiki/Greater_Golden_Twinflame_Sword
3359	Greater Ring of Health	强效生命之戒	Ring	Rare		Rings	This ring will increase your health and healing rate.	https://enshrouded.wiki.gg/wiki/Greater_Ring_of_Health
3367	Greater Ring of Mana	强效法力之戒	Ring	Rare		Rings	This ring will increase your mana and its replenishment.	https://enshrouded.wiki.gg/wiki/Greater_Ring_of_Mana
3364	Greater Ring of Stamina	强效耐力之戒	Ring	Rare		Rings	An ancient ring that gives you stamina.	https://enshrouded.wiki.gg/wiki/Greater_Ring_of_Stamina
3777	Greater Thunderblast Axe	强效雷霆爆裂斧	Two-handed Axe		40	Two-handed Axes	An electrically charged, two-handed axe, able to release sparks into the overcast sky when striking. It was struck by lightning while inside a cataclysmic typhoon and survived, unlike its previous owner.	https://enshrouded.wiki.gg/wiki/Greater_Thunderblast_Axe
8980	Greatsword Of The Old Order	旧秩序大剑	Two-handed Greatsword			Two-handed Greatswords	Before the fall, many guards and knights of Embervale would brandish swords such as these. Perhaps their spirit lives on through your fighteous strikes.	https://enshrouded.wiki.gg/wiki/Greatsword_Of_The_Old_Order
4748	Grey Blades	灰色刀刃	Daggers			Daggers	A pair of dark, grey daggers adorned with a bright green gem the color of envy.	https://enshrouded.wiki.gg/wiki/Grey_Blades
7874	Guard Of The North Sword	北境守卫之剑	Two-handed Greatsword			Two-handed Greatswords	Lord Vorgoth's once-trusted blade was discarded before the war and replaced by a weapon more befitting of vile acts. It still clings to a semblance of sanity and light, shining brightly in the dark like the North Star.	https://enshrouded.wiki.gg/wiki/Guard_Of_The_North_Sword
4371	Guardian Shield	守卫者之盾	Shield	Common	18	Shields	It's more than a shield - it's a bulwark of faith, a final sanctuary in the fray.	https://enshrouded.wiki.gg/wiki/Guardian_Shield
3768	Guillotine	断头台	Two-handed Axe			Two-handed Axes	Heads plummet to the ground, eyes shut in terror. Victims prefer darkness rather than to face the Guillotine.	https://enshrouded.wiki.gg/wiki/Guillotine
3751	Hailscourge	冰雹天罚	One-handed Sword			One-handed Swords	A blade that's cold to the touch. It weighs heavily on the mind.	https://enshrouded.wiki.gg/wiki/Hailscourge
3785	Hair Splitter	分发梳	One-handed Axe			One-handed Axes	This axe is eerily percise. The hair on your arms stands up as you wield it.	https://enshrouded.wiki.gg/wiki/Hair_Splitter
9318	Half-Light Halos	半明光环	Daggers			Daggers	Step only where you remain unseen, strike those whose eyes are blinded by your glint in the half-light.	https://enshrouded.wiki.gg/wiki/Half-Light_Halos
8992	Hammer Of The Piercing Gaze	洞察之锤	Two-handed Hammer			Two-handed Hammers	A set of crystal eyes adorns this weapon, seeking the weak points of your foes. The handle has been decorated with overlapping leather straps.	https://enshrouded.wiki.gg/wiki/Hammer_Of_The_Piercing_Gaze
3766	Hatchet	短柄斧	One-handed Axe			One-handed Axes	A versatile one handed axe. Frequently used to split the skulls of enemies.	https://enshrouded.wiki.gg/wiki/Hatchet
4747	Head Pounder	碎颅者	Two-handed Hammer			Two-handed Hammers	A gigantic hammer that can only be wielded with both hands. The head was forged from one solid block of steel, requiring advanced crafting techniques.	https://enshrouded.wiki.gg/wiki/Head_Pounder
6265	Heal Beam Channel	治疗光束引导	Spell	Rare	25	Staff Charges	Continuously heal a target in a beam up to 20 meters away.	https://enshrouded.wiki.gg/wiki/Heal_Beam_Channel
539	Heal Channel	治疗引导	Spells	Uncommon	5	Staff Charges	Magical ammunition that, upon use, releasing continuous healing projectiles.	https://enshrouded.wiki.gg/wiki/Heal_Channel
347	Helix	螺旋	Wand			Wands	A perplexing wand, corrupted by the [[Shroud]]. It bends the mind of its bearer.	https://enshrouded.wiki.gg/wiki/Helix
4368	Hero's Shield	英雄之盾	Shield	Common	13	Shields	This basic shield allows you to block physical attacks. Blocking drains stamina.	https://enshrouded.wiki.gg/wiki/Hero's_Shield
3861	Hopeful Glimmer	希望微光	Staff			Staves	Unyielding and unbroken, this staff resembles the realm's last bastion of hope.	https://enshrouded.wiki.gg/wiki/Hopeful_Glimmer
4767	Horn Daggers	号角匕首	Daggers			Daggers	The many layers of smelted metal in these daggers make them appear similar to an animal's tiered horn, tapering off at the edges.	https://enshrouded.wiki.gg/wiki/Horn_Daggers
4752	Horned Beast Bow	角兽之弓	Bow			Bows	A bow crafted to resemble the horned beasts of the Albaneve Summits. It makes for a fearsome silhouette.	https://enshrouded.wiki.gg/wiki/Horned_Beast_Bow
8806	Horned Greatsword	角巨剑	Two-handed Greatsword			Two-handed Greatswords	Sharp extensions jut out from the blade's periphery: an assortment of stingers, sharpened flint, and horns. A strike from this jagged edge will rip and tear almost anything.	https://enshrouded.wiki.gg/wiki/Horned_Greatsword
328	Hunter's Bow	猎人弓	Bow			Bows	A finely handcrafted bow, used by seasoned woodland hunters.	https://enshrouded.wiki.gg/wiki/Hunter's_Bow
3361	Hunter's Ring	猎人之戒	Ring	Rare		Rings	An ancient ring that gives you stamina.	https://enshrouded.wiki.gg/wiki/Hunter's_Ring
3754	Ice Blade	冰刃	One-handed Sword			One-handed Swords	A blade that seems to be forged from ice itself.	https://enshrouded.wiki.gg/wiki/Ice_Blade
528	Ice Bolt I	冰箭 I	Spell	Common	5	Staff Charges	Magical ammunition that creates a single bolt of ice, damaging enemies upon impact and slowing them afterwards.	https://enshrouded.wiki.gg/wiki/Ice_Bolt_I
4675	Ice Bolt II	冰箭 II	Spell	Rare	28	Staff Charges	Improved ammunition that creates a single bolt of ice, damaging enemies upon impact and slowing them afterwards.	https://enshrouded.wiki.gg/wiki/Ice_Bolt_II
4504	Ice-Coated Daggers	覆冰匕首	Daggers			Daggers	The tip of these daggers has become permanently frosted after piercing the ice-cold heart of a Cyclops. Either that or someone tried their hand at spearfishing and left their blades in the freezing waters too long.	https://enshrouded.wiki.gg/wiki/Ice-Coated_Daggers
4861	Icicle Sword	冰柱剑	One-handed Sword			One-handed Swords	A sleek silvery sword, slim and reflective like a pure icicle.	https://enshrouded.wiki.gg/wiki/Icicle_Sword
3854	Ignited Bow	点燃之弓	Bow			Bows	Ignited by the [[Flame]] itself, this bow pulse with the power of fire.	https://enshrouded.wiki.gg/wiki/Ignited_Bow
3815	Ignited Hammer	点燃之锤	Two-handed Hammer			Two-handed Hammers	Inheriting the power of the Flame, this hammer can break through lines of enemies easily.	https://enshrouded.wiki.gg/wiki/Ignited_Hammer
227	Improved Grappling Hook	改进抓钩	Grappling Hook	Rare		Grappling Hooks	Requires less stamina. Can be activated at larger ranges.	https://enshrouded.wiki.gg/wiki/Improved_Grappling_Hook
378	Infernal Wand	炼狱魔杖	Wand			Wands	Marked through hundreds of hours of enduring the force of fire, this wand has a connection to the element and is able to utilize it.	https://enshrouded.wiki.gg/wiki/Infernal_Wand
6324	Invisible Barrier	隐形屏障	Shield	Common	33	Shields	This magic shield allows you to block against physical attacks. Blocking drains stamina.	https://enshrouded.wiki.gg/wiki/Invisible_Barrier
1916	Iron Arrow	铁箭	Bow ammo	Common	22	Arrows	A deadly arrow tipped with an iron arrowhead, spreading fear among enemies	https://enshrouded.wiki.gg/wiki/Iron_Arrow
2349	Iron Axe	铁斧	Tools	Rare		Felling Axes	An axe with a very sturdy iron head. It's more efficient!	https://enshrouded.wiki.gg/wiki/Iron_Axe
3801	Iron Claw Club	铁爪棍棒	One-handed Club			One-handed Clubs	A mace that easily cleaves through toes like a pack of starving wolves.	https://enshrouded.wiki.gg/wiki/Iron_Claw_Club
2480	Iron Pickaxe		Tools	Common		Pickaxes	A highly performant pickaxe made out of iron, useful in every environment. A truly handy tool to have.	https://enshrouded.wiki.gg/wiki/Iron_Pickaxe
8997	Jagged Obsidian Axe	锯齿黑曜石斧	One-handed Axe			One-handed Axes	A savage weapon of black glass. The blade seems almost alive, dark as the void and sharp as Drak scales.	https://enshrouded.wiki.gg/wiki/Jagged_Obsidian_Axe
3771	Jezmina's Apotheosis	杰兹米纳的封神	One-handed Axe			One-handed Axes	An axe that carves a path through enemies no matter what. Swinging it fearlessly makes it feel light as a feather.	https://enshrouded.wiki.gg/wiki/Jezmina's_Apotheosis
3108	Large Backpack	大背包	Equipment	Common		Backpacks	An extension to your backpack that increases your inventory by a lot.	https://enshrouded.wiki.gg/wiki/Large_Backpack
4865	Lesser Golden Twinflame Sword		One-handed Sword			One-handed Swords	A weapon that was rumored to have fallen from the stars. The man who found it could never feel whole, always searching for a missing piece.	https://enshrouded.wiki.gg/wiki/Lesser_Golden_Twinflame_Sword
3358	Lesser Ring of Health		Ring	Rare		Rings	This ring will increase your health and healing rate.	https://enshrouded.wiki.gg/wiki/Lesser_Ring_of_Health
3365	Lesser Ring of Mana		Ring	Rare		Rings	This ring will increase your mana and its replenishment.	https://enshrouded.wiki.gg/wiki/Lesser_Ring_of_Mana
3362	Lesser Ring of Stamina		Ring	Rare		Rings	An ancient ring that gives you stamina.	https://enshrouded.wiki.gg/wiki/Lesser_Ring_of_Stamina
532	Light Burst	光之爆发	Spell	Rare	17	Staff Charges	Magical ammunition that releases a flash of light, bright enough to push back enemies around the caster.	https://enshrouded.wiki.gg/wiki/Light_Burst
3779	Lightforged Axe	光铸斧	One-handed Axe			One-handed Axes	An axe forged in pure light. Few have witnessed its glory, and those who did were blinded in a flash.	https://enshrouded.wiki.gg/wiki/Lightforged_Axe
3827	Lightforged Daggers	光铸匕首	Daggers			Daggers	Daggers that were bathed in sunlight during forging. Their spiked edge can cause a lot of damage	https://enshrouded.wiki.gg/wiki/Lightforged_Daggers
533	Lightning Channel	闪电通道	Spell	Rare	22	Staff Charges	Magical ammunition that continuously channels powerful lightning strikes. It shocks enemies by jumping between them and deals '''stamina damage'''.	https://enshrouded.wiki.gg/wiki/Lightning_Channel
629	Lockpick	撬锁工具	Tools	Common		Tools	Opens a lock	https://enshrouded.wiki.gg/wiki/Lockpick
3786	Lumenshade Axe	光影斧	One-handed Axe			One-handed Axes	An axe to end any battle quickly.	https://enshrouded.wiki.gg/wiki/Lumenshade_Axe
3879	Luminous Wand	发光魔杖	Wand			Wands	This wand grants power over fire to whoever is brave enough to wield it.	https://enshrouded.wiki.gg/wiki/Luminous_Wand
3770	Lupa's Scalper	卢帕的剥皮刀	One-handed Axe			One-handed Axes	"""Shadow Over Umber Hollow -- Lupa"" is etched on the side."	https://enshrouded.wiki.gg/wiki/Lupa's_Scalper
4776	Mace of Denial	否认之锤	One-handed Club			One-handed Clubs	It was customary in the far North to carry the dead to their graves while brandishing a steel mace. This presentation of stalwart strength in the face of death and terror would ward off evil spirits and guide the dead safely to the Northwinds of the afterlife.	https://enshrouded.wiki.gg/wiki/Mace_of_Denial
4509	Mace of Wrath	愤怒之锤	One-handed Club			One-handed Clubs	In the bygone days, young men would carry maces like these to thrash and toil amongst one another like a dark, thundering storm. It helped to release anger and to weed out the weak.	https://enshrouded.wiki.gg/wiki/Mace_of_Wrath
3800	Mace-like Club	锤形木棒	One-handed Club			One-handed Clubs	Don't let the image deceive you. It might look like a mace, but it's a primitive club after all.	https://enshrouded.wiki.gg/wiki/Mace-like_Club
9040	Magic Shield	魔法盾	Spell	Rare	43	Staff Charges	Create a magical barrier that protects from projectiles and reduces melee damage taken.	https://enshrouded.wiki.gg/wiki/Magic_Shield
3759	Major Arcana	大阿卡纳	One-handed Sword			One-handed Swords	Archaic power sleeps within this blade. It resonates, whispers and sings to those who dare to listen.	https://enshrouded.wiki.gg/wiki/Major_Arcana
3828	Makeshift Daggers	简易匕首	Daggers			Daggers	A long pair of daggers with cloth around the handle.	https://enshrouded.wiki.gg/wiki/Makeshift_Daggers
3821	Mandible Crusher	颚骨粉碎者	Two-handed Hammer			Two-handed Hammers	Striking with staggering force, this hammer obliterates the [[Hollow Halls|Hollow]] by grinding their bones to dust.	https://enshrouded.wiki.gg/wiki/Mandible_Crusher
9323	Massive Hammer	巨型战锤	Two-handed Hammer			Two-handed Hammers	A large hammer, made from a combination of rock and steel. The mix of materials makes it especially heavy.	https://enshrouded.wiki.gg/wiki/Massive_Hammer
3787	Meat Chopper	切肉刀	One-handed Club			One-handed Clubs	A primitively crafted but brutal weapon, awaiting its next prey.	https://enshrouded.wiki.gg/wiki/Meat_Chopper
1870	Medium Backpack	中型背包	Equipment	Common		Backpacks	An extension to your backpack that increases your inventory size by a sizeable amount.	https://enshrouded.wiki.gg/wiki/Medium_Backpack
8809	Megalodon Greatsword	巨齿鲨大剑	Two-Handed Greatsword			Two-handed Greatswords	You see it before your inner eyes: A giant, submerged in the deep ocean blue, controlling the tides with each laboring, drawn-out exhale. The depths are calling. Will you answer?	https://enshrouded.wiki.gg/wiki/Megalodon_Greatsword
4370	Mercenary Shield	佣兵盾	Shield	Common	18	Shields	A shield that will provide safety and aid. For a price.	https://enshrouded.wiki.gg/wiki/Mercenary_Shield
3803	Metalstar Mace	金属星锤	One-handed Club			One-handed Clubs	A six-edge mace made from heavy metal. The head of this weapon resembles a star.	https://enshrouded.wiki.gg/wiki/Metalstar_Mace
3758	Minor Arcana	小奥秘	One-handed Sword			One-handed Swords	Archaic power vibrates deep within this sword.	https://enshrouded.wiki.gg/wiki/Minor_Arcana
3867	Mirage		Staff			Staves	All hope is fickle, a mirage on the horizon. This staff makes its bearer reject all convictions to walk into the abyss.	https://enshrouded.wiki.gg/wiki/Mirage
8805	Morningdew Greatsword		Two-Handed Greatsword			Two-handed Greatswords	No matter how dire the night may be, with the rising sun comes sweet morning dew.	https://enshrouded.wiki.gg/wiki/Morningdew_Greatsword
4377	Mountain's Shadow Shield	山影之盾	Shield	Common	33	Shields	A shield with a central amethyst. The metal frame around the sides makes it more durable.	https://enshrouded.wiki.gg/wiki/Mountain's_Shadow_Shield
4501	Mythic Wand	神话魔杖	Wand			Wands	Many amethyst stones were used to forge this wand. They are needed to prevent combustion when this weapon inevitably overheast from the bundled energy inside!	https://enshrouded.wiki.gg/wiki/Mythic_Wand
3829	Nightfall	夜幕	Daggers			Daggers	A dagger set made from darkened steel, reflecting the moonlight on its fractured edges.	https://enshrouded.wiki.gg/wiki/Nightfall
3830	Nightnebula	夜之星云	Daggers			Daggers	A mystical pair of blades used for unspeakable divinations held under the full moon.	https://enshrouded.wiki.gg/wiki/Nightnebula
3855	Nightwind Bow	夜风之弓	Bow			Bows	A bow that's fueled by the dark shimmer of the [[Shroud]].	https://enshrouded.wiki.gg/wiki/Nightwind_Bow
3753	Noble Sword	贵族之剑	One-handed Sword			One-handed Swords	A dignified blade, used to defend the honor and lives of the weak.	https://enshrouded.wiki.gg/wiki/Noble_Sword
3750	Nova	新星	One-handed Sword			One-handed Swords	This sword, bright and blinding, erupts on the battlefield to unleash the original brilliance of the Flame.	https://enshrouded.wiki.gg/wiki/Nova
3831	Oath Breaker	背誓者	Daggers			Daggers	These are only a few ways to flee a promise you don't intend to keep. At least one of them involves murder.	https://enshrouded.wiki.gg/wiki/Oath_Breaker
4383	Obsidian Arrow	黑曜石箭	Bow ammo	Common	27	Arrows	An arrow tipped with a sharp shard of Obsidian.	https://enshrouded.wiki.gg/wiki/Obsidian_Arrow
9051	Oracle's Everblue		Staff			Staves	"''""Gaze into the orb,""'' the Oracle said, eyes fixated on her staff. ''""It shows the past, the present, and the future  and they're all veiled in blue rot"".''"	https://enshrouded.wiki.gg/wiki/Oracle's_Everblue
8808	Ornate Greatsword	华丽巨剑	Two-handed Greatsword			Two-handed Greatswords	The embellishments on this sword seem inspired by eastern craftsmanship, but the choice of material betrays the maker's origin. This weapon was most likely forged by a well-traveled blacksmith or commissioned by an aristocrat.	https://enshrouded.wiki.gg/wiki/Ornate_Greatsword
3856	Ornate Wood Bow	华丽木弓	Bow			Bows	A top-quality bow inspired by antlers. One might call it art.	https://enshrouded.wiki.gg/wiki/Ornate_Wood_Bow
4503	Parade Daggers	游行匕首	Daggers			Daggers	These spiky daggers were often worn by soldiers around their belts during parades as a show of force. Sometimes, children are gifted a simpler version as their first weapon.	https://enshrouded.wiki.gg/wiki/Parade_Daggers
2476	Pickaxe	镐	Tools	Common		Pickaxes	A basic mining tool, made of the simplest of materials. It's not very durable or efficient, but does what it's supposed to do.	https://enshrouded.wiki.gg/wiki/Pickaxe
385	Pikemead's Bulwark	皮克米德的壁垒	Shield	Legendary	7	Shields/Lore Weapons	Even in death, the queen unites those who seek protection behind her shield.	https://enshrouded.wiki.gg/wiki/Pikemead's_Bulwark
3845	Pine Shortbow	松木短弓	Bow			Bows	A practical and quick bow made from humble pine wood. Its tensions is weak, so using it require little stamina.	https://enshrouded.wiki.gg/wiki/Pine_Shortbow
8986	Poisoned Bronze Arrow	淬毒青铜箭	Bow ammo	Uncommon	18	Arrows	A '''special arrow''' laced with poison, making it even deadlier.	https://enshrouded.wiki.gg/wiki/Poisoned_Bronze_Arrow
1885	Poisoned Copper Arrow	淬毒铜箭	Bow ammo	Uncommon	12	Arrows	A Copper Arrow laced with poison, making it even deadlier.	https://enshrouded.wiki.gg/wiki/Poisoned_Copper_Arrow
7970	Poisoned Golden Steel Arrow	淬毒金钢箭	Bow ammo	Uncommon	42	Arrows	This golden, steel-tipped arrow has been dipped in poison. A strike with this will be most deadly.	https://enshrouded.wiki.gg/wiki/Poisoned_Golden_Steel_Arrow
3600	Poisoned Iron Arrow	淬毒铁箭	Bow ammo	Uncommon	22	Arrows	A special arrow lanced in poison, perfect for hunting.	https://enshrouded.wiki.gg/wiki/Poisoned_Iron_Arrow
4385	Poisoned Steel Arrow	淬毒钢箭	Bow ammo	Uncommon	32	Arrows	A steel arrow lanced in poison, perfect for hunting.	https://enshrouded.wiki.gg/wiki/Poisoned_Steel_Arrow
6552	Polymath's Wand	博学者之杖	Wand			Wands	A wand the especially talented scholars of the arcane forces favor. It's versatile and reflects the wielder's brilliance.	https://enshrouded.wiki.gg/wiki/Polymath's_Wand
7906	Prismatic Ward	棱光守护	Shield	Common	43	Shields	This magic shield allows you to block against physical attacks. Blocking drains stamina.	https://enshrouded.wiki.gg/wiki/Prismatic_Ward
4749	Proud Daggers	骄傲匕首	Daggers			Daggers	Daggers with many edges and sharp hooks. They can be whipped out in the blink of an eye to parry incoming attacks, thus defending your honor.	https://enshrouded.wiki.gg/wiki/Proud_Daggers
3769	Provisional Scythe	临时镰刀	One-handed Axe			One-handed Axes	A provisional tool used to deal fast and ugly cuts.	https://enshrouded.wiki.gg/wiki/Provisional_Scythe
8964	Pyreblade	焚火之刃	One-handed Sword			One-handed Swords	The Pyreblade is capable of unleashing devastating fire strikes while reflecting a portion of the foe's own fury back upon them.	https://enshrouded.wiki.gg/wiki/Pyreblade
9009	Rattlesnake Bow	响尾蛇弓	Bow			Bows	The bow curves into a zig-zag on both sides, capturing a vision of a rattlesnake's tail in motion.	https://enshrouded.wiki.gg/wiki/Rattlesnake_Bow
3881	Reaper's Wand	收割者魔杖	Wand			Wands	A twisted wand emitting a faint, blue light. It demands to be wielded!	https://enshrouded.wiki.gg/wiki/Reaper's_Wand
9400	Recent Drak Wand	新近德拉克魔杖	Wand			Wands	A simplified wand, shaped by the resurgence of the Drak. Weapons such as these would've held great power in the past, but the primal knowledge surrounding their creation was lost. Recently crafted wands are therefore more primitive, and mere imitations of the once undeniable power and dominion of the beasts.	https://enshrouded.wiki.gg/wiki/Recent_Drak_Wand
4389	Ring of Frost	冰霜之戒	Ring	Legendary		Rings	It hugs your finger like an icy embrace and lets you become one with the cold. It imbues the wearer with increased frost resistance.	https://enshrouded.wiki.gg/wiki/Ring_of_Frost
2456	Ring of Health	生命之戒	Ring	Rare		Rings	This ring will increase your health and healing rate.	https://enshrouded.wiki.gg/wiki/Ring_of_Health
2482	Ring of Mana	法力之戒	Ring	Rare		Rings	This ring will increase your mana and its replenishment.	https://enshrouded.wiki.gg/wiki/Ring_of_Mana
2485	Ring of Rapacity	贪婪之戒	Ring	Rare		Rings	A glimmering ring, plucked from the remains of someone who got more than they bargained for.	https://enshrouded.wiki.gg/wiki/Ring_of_Rapacity
2484	Ring of Stamina	耐力之戒	Ring	Rare		Rings	An ancient ring that gives you stamina.	https://enshrouded.wiki.gg/wiki/Ring_of_Stamina
2490	Ring of the Ancients	远古之戒	Ring	Common - Legendary		Rings	An amazing work of art, beauty and power.	https://enshrouded.wiki.gg/wiki/Ring_of_the_Ancients
2492	Ring of the Flame	火焰之戒	Ring	Epic		Rings	Filled with the burning Spark of the Flame, it's a valuable asset in the fight against the Shroud. It increases the time you can withstand the Shroud.	https://enshrouded.wiki.gg/wiki/Ring_of_the_Flame
7948	Ring of the Heir	继承者之戒	Ring	Epic		Rings	A ring that radiates affluence and tragedy. Was it freed from the ivory finger of a friend, a brother, a child of fortune? Could its fealty have been betrayed, its blood promise broken? Whatever story this ring may tell, its former lords are long gone.	https://enshrouded.wiki.gg/wiki/Ring_of_the_Heir
7949	Ring of Thundersnow	雷雪之戒	Ring	Legendary		Rings	Sometimes, when the tropical winds of the Veilwater Basin roll towards the cold air of the mountains, a thundersnow is born.  The snowfall softens its roars, but it leaves traces in the freshly cracked surfaces of frozen ponds.	https://enshrouded.wiki.gg/wiki/Ring_of_Thundersnow
4367	Riptide	激流	Shield	Epic	11	Shields/Lore Weapons	A shield that was washed into a grotto by the river. Must have belonged to a valiant hero.	https://enshrouded.wiki.gg/wiki/Riptide
309	Rising Fighter Shield	崛起战士盾牌	Shield	Common	8	Shields	Even a simple shield such as this can save your life when you get surrounded, or surprised.	https://enshrouded.wiki.gg/wiki/Rising_Fighter_Shield
3883	Ritual Tempest Wand	仪式风暴魔杖	Wand			Wands	This ceremonial wand was often used when praying for drownpours when the drought first started. While that didn't work, you can still use it to call lightning down on your enemies.	https://enshrouded.wiki.gg/wiki/Ritual_Tempest_Wand
4373	Rogue Shield	盗贼盾牌	Shield	Common	23	Shields	A light shield that effortlessly allows the wearer to stay nimble whilst under fire.	https://enshrouded.wiki.gg/wiki/Rogue_Shield
307	Root Staff	根须法杖	Staff			Staves	This staff was made from the roots of an age-old tree. Wisdom and calm flow through it. {{About Staves}}	https://enshrouded.wiki.gg/wiki/Root_Staff
3814	Rotblood	腐血	Two-handed Hammer			Two-handed Hammers	The [[Shroud]] slumbers inside. Rotblood is molded by it, changed, and its essence forever tinted.	https://enshrouded.wiki.gg/wiki/Rotblood
4745	Ruffian's Axe	恶徒之斧	Two-handed Axe			Two-handed Axes	A broad and imposing axe. If you want to leave a fearsome impression, this weapon  will do the trick.	https://enshrouded.wiki.gg/wiki/Ruffian's_Axe
4769	Rune Apprentice's Sword	符文学徒之剑	One-handed Sword			One-handed Swords	The simplicity of this sword is deceiving! A faint, magical power radiates from the pastel blue stone forged into the blade. This craftsmanship was very popular with young spell slingers and battle mages.	https://enshrouded.wiki.gg/wiki/Rune_Apprentice's_Sword
4502	Rune Master's Sword	符文大师之剑	One-handed Sword			One-handed Swords	The inscription carved into this sword cannot be deciphered, since the archaic knowledge of rune matching has been lost to time. Whatever the writing entails, it makes the blade overflow with energy.	https://enshrouded.wiki.gg/wiki/Rune_Master's_Sword
3741	Rusty Short Sword	生锈短剑	One-handed Sword			One-handed Swords	A forgotten sword from long gone days. Commonly found among the ashes of Embervale.	https://enshrouded.wiki.gg/wiki/Rusty_Short_Sword
3742	Rusty Sword	生锈剑	One-handed Weapon			One-handed Swords	A rusted Simple Copper Sword, damaged by time itself. Its best days are far gone.	https://enshrouded.wiki.gg/wiki/Rusty_Sword
4720	Sacrificial Vukah Dagger	祭祀沃卡匕首	Melee Weapon			Daggers	A crude dagger, previously used by a Vukah in a bloody ritual.	https://enshrouded.wiki.gg/wiki/Sacrificial_Vukah_Dagger
3763	Sacrilegious Steelsword	亵渎钢剑	One-handed Sword			One-handed Swords	A blade forged from the stolen steel of fallen soldiers. It spreads regret and misery.	https://enshrouded.wiki.gg/wiki/Sacrilegious_Steelsword
3832	Sandstorm Swiftblades	沙暴迅刃	Melee Weapon			Daggers	A dagger set of old-timey Eastern craftmanship. Rogues of that era would swing this short cutlass around during battle, causing nearby sand to swirl up and blind the enemy.	https://enshrouded.wiki.gg/wiki/Sandstorm_Swiftblades
8482	Scavenger Miner Axe	拾荒者矿工斧	One-handed Axe			One-handed Axes	This Scavenger Miner Axe wil llet you pry ore from stone by day and pierce traitors' backs by night.	https://enshrouded.wiki.gg/wiki/Scavenger_Miner_Axe
6561	Scholar's Wand	学者魔杖	Wand			Wands	Scholars of the North once researched the use of pyro magic against particularly harsh winters. It took countless explosive experiments to discover the same benefit most people might achieve with a bonfire. Downsides such as third-degree burns were common, so research was quickly stopped.	https://enshrouded.wiki.gg/wiki/Scholar's_Wand
293	Scorching Wand	灼烧魔杖	Wand			Wands	This wand practically vibrates with warmth and destructive energy. It becomes restless and twitchy when dormant for too long.	https://enshrouded.wiki.gg/wiki/Scorching_Wand
1880	Scrap Arrow	废料箭	Bow ammo	Common	8	Arrows	A slightly enhanced version of the Wooden Arrow, reinforced with a piece of scrap metal at the tip.	https://enshrouded.wiki.gg/wiki/Scrap_Arrow
2346	Scrappy Axe	破旧斧	Tools	Common		Felling Axes	An axe made out of scrap metal with improved durability and efficiency compared to the Axe	https://enshrouded.wiki.gg/wiki/Scrappy_Axe
2477	Scrappy Pickaxe	碎片镐	Tools	Common		Pickaxes	Forged from old metal rests, it shows signs of improvement in performance, but still does not deserve to be called a handy tool.	https://enshrouded.wiki.gg/wiki/Scrappy_Pickaxe
3743	Scrappy Sword	碎片剑	One-handed Sword			One-handed Swords	A blunt sword, designed to open up ways. Especially through lines of enemies.	https://enshrouded.wiki.gg/wiki/Scrappy_Sword
1785	Shadowbane	暗影克星	Bow			Bows	An accurate bow imbued with the mysterious powers of the [[Shroud]].	https://enshrouded.wiki.gg/wiki/Shadowbane
3756	Sharpened Broadsword	磨利的大剑	One-handed Sword			One-handed Swords	A broadsword almost too big to be comfortably swung. The original owner must have been gigantic.	https://enshrouded.wiki.gg/wiki/Sharpened_Broadsword
9325	Shellbreaker Daggers	破壳匕首	Melee Weapon			Daggers	Sometimes a Drak hatchling proves too weak to break its shell. In such cases, the Broodwardens use this poison-tipped blade to cut the egg open. The young bear a mark from that day onward — a symbol of frailty that brands them for life, forever beneath those who hatched unaided. '''Finesse:''' The damage caused by this weapon scales with your dexterity attribute. You can execute a unique post-parry attack.	https://enshrouded.wiki.gg/wiki/Shellbreaker_Daggers
1579	Shepherd's Lightning	牧羊人闪电	Staff			Staves	A mighty relic, able to provide solace amidst chaos. The previous owner might have been retired hero. {{About Staves}}	https://enshrouded.wiki.gg/wiki/Shepherd's_Lightning
3859	Shepherd's Staff	牧羊人法杖	Staff			Staves	A potent staff capable of guiding those who would otherwise be without protection. {{About Staves}}	https://enshrouded.wiki.gg/wiki/Shepherd's_Staff
3613	Shield	盾牌	Shield	Common	1	Shields	This makeshift shield allows you to block physical attacks. Blocking drains stamina.	https://enshrouded.wiki.gg/wiki/Shield
4374	Shield of Light	光明之盾	Shield	Common	23	Shields	This sacred shield consecrated by the Flame allows you to block against physical attacks. Blocking drains stamina.	https://enshrouded.wiki.gg/wiki/Shield_of_Light
3834	Shivering Skeans	颤栗斯肯斯	Daggers			Daggers	A frosty set of daggers said to be infused with the souls of those who died in the coldest winters.	https://enshrouded.wiki.gg/wiki/Shivering_Skeans
3833	Shivs	匕首	Daggers			Daggers	A dagger set that was scavenged from the ruins of the old world. It's dirty and dusty, but still doas the trick.	https://enshrouded.wiki.gg/wiki/Shivs
8978	Shock Wisp	震击鬼火	Spell	Rare	38	Staff Charges	Summons an electrified wisp that follows you around and shoots shock projectiles.	https://enshrouded.wiki.gg/wiki/Shock_Wisp
3878	Shocking Ice Wand	震击冰魔杖	Wand			Wands	Crafted through a combination of lightning and ice. Two powerful elements clash with each other.	https://enshrouded.wiki.gg/wiki/Shocking_Ice_Wand
3746	Short Sword	短剑	One-handed Sword			One-handed Swords	A blunt sword, designed to open up ways. Especially through lines of enemies.	https://enshrouded.wiki.gg/wiki/Short_Sword
1872	Shroud Arrow I	雾瘴箭 I	Bow Ammunition	Rare		Arrows	If you can't beat them, join them. This arrow uses the power of the Shroud and disperses a cloud of it upon impact.	https://enshrouded.wiki.gg/wiki/Shroud_Arrow_I
8988	Shroud Arrow II	雾瘴箭 II	Bow Ammo	Rare	34	Arrows	If you can't beat them, join them. This '''special arrow''' uses the power of the Shroud and disperses a cloud of it upon impact.	https://enshrouded.wiki.gg/wiki/Shroud_Arrow_II
6264	Shroud Beam Channel	雾瘴光束通道	Spell	Rare	28	Staff Charges	Hold to deal continuous Shroud damage in a beam of up to 20 meters range.	https://enshrouded.wiki.gg/wiki/Shroud_Beam_Channel
3819	Shroud Corrupted Hammer	雾瘴腐化锤	Two-handed Hammer			Two-handed Hammers	A mighty hammer, corrupted to the core. The power of the [[Shroud]] is channeled in the weapon.	https://enshrouded.wiki.gg/wiki/Shroud_Corrupted_Hammer
534	Shroud Meteor	雾瘴陨石	Spell	Rare	25	Staff Charges	Magical ammunition that calls a disastrous Shroud Meteor down on up to five foes. The meteors deal heavy Shroud damage.	https://enshrouded.wiki.gg/wiki/Shroud_Meteor
1583	Shroud Weaver	雾霭织网者	Staff			Staves	A malicious staff that effortlessly intertwines the strings of fate with the Shroud.	https://enshrouded.wiki.gg/wiki/Shroud_Weaver
6559	Shroudbinder Wand	雾霭缚使法杖	Wand			Wands	This magical wand fires projectiles that deal Shroud damage.	https://enshrouded.wiki.gg/wiki/Shroudbinder_Wand
3882	Silver Storm	银色风暴	Wand			Wands	Lightning and ice fuse together to unleash a groundbreaking force.	https://enshrouded.wiki.gg/wiki/Silver_Storm
3858	Silvershot Bow	银射之弓	Bow			Bows	A bow that aims to strike the heart of the dark with silver-tipped arrows and no hesitation.	https://enshrouded.wiki.gg/wiki/Silvershot_Bow
3401	Sinister Crescent Staff	邪恶新月法杖	Staff			Staves	A ritualistic staff that was cleansed in a still rivulet under a crescent moon. It servers the wielder to guide the undead back to the beyond.	https://enshrouded.wiki.gg/wiki/Sinister_Crescent_Staff
8998	Skull Splitter Axe	碎颅斧	One-handed Axe			One-handed Axes	The Skull Splitter gets its name from its merciless nature - cleaving skulls with every swing.	https://enshrouded.wiki.gg/wiki/Skull_Splitter_Axe
3835	Sleek Daggers	光滑匕首	Daggers			Daggers	These daggers are sleek and swift. The blade is sharp as ever.	https://enshrouded.wiki.gg/wiki/Sleek_Daggers
1869	Small Backpack	小背包	Equipment	Common		Backpacks/Essentials	An extension to your backpack that enlarges your inventory a little.	https://enshrouded.wiki.gg/wiki/Small_Backpack
3884	Snakespine Wand	蛇脊魔杖	Wand			Wands	A mythical wand formed around a winding vertebrae core. It strikes with deadly precision.	https://enshrouded.wiki.gg/wiki/Snakespine_Wand
4317	Snowflake Splicer	雪花拼接者	Bow			Bows	This bow is so precise it can split a faraway snowflake in two.	https://enshrouded.wiki.gg/wiki/Snowflake_Splicer
4372	Soldier Shield	士兵盾牌	Shield	Common	23	Shields	Thrust yourself into battle and glory with the protection of this shield!	https://enshrouded.wiki.gg/wiki/Soldier_Shield
3820	Soothsayer	预言者	Two-handed Hammer			Two-handed Hammers	A hammer adorned with an ancient petrified tusk. Tusk and teeth	https://enshrouded.wiki.gg/wiki/Soothsayer
4378	Spectral Ward	幽灵守护	Shield	Common	8	Shields	This magic shield allows you to block against physical attacks. Blocking drains stamina.	https://enshrouded.wiki.gg/wiki/Spectral_Ward
3857	Spiked Bow	尖刺弓	Bow			Bows	The shots from this spiked bow can pierce anything.	https://enshrouded.wiki.gg/wiki/Spiked_Bow
3798	Spiked Club	尖刺木棒	One-handed Club			One-handed Clubs	A slightly improved version of the club, reinforced with spikes.	https://enshrouded.wiki.gg/wiki/Spiked_Club
8981	Spiked Greatsword	尖刺巨剑	Two-Handed Greatsword			Two-handed Greatswords	Every rose has thorns - and sometimes, nature can serve as inspiration for weaponry and design!	https://enshrouded.wiki.gg/wiki/Spiked_Greatsword
8995	Spine Of Dalszul	达尔祖尔的脊刺	One-handed Sword			One-handed Swords	Rectangular flints reach outwards from the blade's core, some as big as your fist. Their peaks and valleys make up the image of a gargantuan spine befitting an apex predator - hence the reference to the drakian god who strove for dominion of the continent.	https://enshrouded.wiki.gg/wiki/Spine_Of_Dalszul
3790	Spinechill Axe	寒脊斧	Two-handed Axe			Two-handed Axes	A menacing axe that sends shivering chills down its victim's back with every heavy two-handed swing.	https://enshrouded.wiki.gg/wiki/Spinechill_Axe
3398	Spiritual Cane	灵魂手杖	Staff			Staves	A basic magical staff that is powered by the wielder's spirituality. {{About Staves}}	https://enshrouded.wiki.gg/wiki/Spiritual_Cane
1852	Staff	法杖	Staff			Staves	A simple magical staff made from calcified bone. Rudimentary, but effective.	https://enshrouded.wiki.gg/wiki/Staff
6553	Staff of Guidance	引导法杖	Staff			Staves	Use this staff to burn a path for your herd through the frozen wastes and help them conquer the iciest rivulets and rockiest cliffs.	https://enshrouded.wiki.gg/wiki/Staff_of_Guidance
9398	Staff Of Reeds	芦苇法杖	Staff			Staves	The mandibles of the staff open towards the skies like a snapjaw's maw, looking to drag prey down to the depths of the moor... Powerful magic cast through this weapon can damn anyone to darkness.	https://enshrouded.wiki.gg/wiki/Staff_Of_Reeds
9014	Staff Of The Moor	沼泽法杖	Staff			Staves	A sublime staff that carries an eerie visage and blank stare. Its face seems as if it were looking up at you from beneath the motionless surface of a black moor.	https://enshrouded.wiki.gg/wiki/Staff_Of_The_Moor
4750	Staff of the Ram	白羊法杖	Staff			Staves	A horned staff that has been embellished with alabaster fur. It is soft to the touch.	https://enshrouded.wiki.gg/wiki/Staff_of_the_Ram
5298	Staff Of The Serpent	巨蛇法杖	Staff			Staves	A majestic staff topped with an ouroboros ornament made from green jade. It's perfect for honoring the year of the snake.	https://enshrouded.wiki.gg/wiki/Staff_Of_The_Serpent
4514	Staff of the Taurus	金牛法杖	Staff			Staves	A staff that awakes slumbering anger inside the wielder. The protruding amethyst spikes help to channel the emotion towards enemies.	https://enshrouded.wiki.gg/wiki/Staff_of_the_Taurus
4384	Steel Arrow	钢箭	Bow ammo	Common	32	Arrows	An arrow with a steel tip.	https://enshrouded.wiki.gg/wiki/Steel_Arrow
4307	Steel Axe	钢斧	Tools	Rare		Felling Axes	This improved tool will lose durability more slowly thanks to its steel cutting blade. Be careful with your fingers while woodworking!	https://enshrouded.wiki.gg/wiki/Steel_Axe
4768	Steel Moon Axe	钢月斧	One-handed Axe			One-handed Axes	An axe with two perfectly rounded, balanced steel blades. They nearly form the shape of the full moon.	https://enshrouded.wiki.gg/wiki/Steel_Moon_Axe
4308	Steel Pickaxe	钢镐	Tools	Common		Pickaxes	This pickaxe can help you dig deeper and further due to having been forged from steel. Heave ho!	https://enshrouded.wiki.gg/wiki/Steel_Pickaxe
3760	Stonewrought Sword	石铸之剑	One-handed Sword			One-handed Swords	A once pristine weapon. Now decayed but still just as deadly.	https://enshrouded.wiki.gg/wiki/Stonewrought_Sword
9399	Stormbound Staff	风暴法杖	Staff			Staves	The staff's material is engraved with countless labyrinthine lines reminiscent of the chaotic flow of battle. However, a metal halo encircles the negative space within, preserving a sense of calm, as if one were inside the eye of a storm.	https://enshrouded.wiki.gg/wiki/Stormbound_Staff
1873	Stun Arrow	眩晕箭	Arrow	Rare		Arrows	Deals no damage but hits a target with massive force to stun them. Stun time depends on the enemy's size.	https://enshrouded.wiki.gg/wiki/Stun_Arrow
3778	Sun Axe	太阳斧	One-handed Axe			One-handed Axes	An axe that shines brightest at dawn, clinging on to hope no matter what.	https://enshrouded.wiki.gg/wiki/Sun_Axe
3761	Sunbeam	太阳光束	One-handed Sword			One-handed Swords	A scorching hot blade infused with the desert heart. It can melt both snow and skin.	https://enshrouded.wiki.gg/wiki/Sunbeam
9202	Sunpiercer Shield	穿日者盾牌	Shield	Common	43	Shields	A well-crafted shield marked by a golden sun. Strong, reliable, and radiant — built to hold the line when all else falters.	https://enshrouded.wiki.gg/wiki/Sunpiercer_Shield
3360	Superior Ring of Health	优质生命之戒	Ring	Rare		Rings	This ring will increase your health and healing rate.	https://enshrouded.wiki.gg/wiki/Superior_Ring_of_Health
3366	Superior Ring of Mana	优质法力之戒	Ring	Rare		Rings	This ring will increase your mana and its replenishment.	https://enshrouded.wiki.gg/wiki/Superior_Ring_of_Mana
3363	Superior Ring of Stamina	优质耐力之戒	Ring	Rare		Rings	An ancient ring that gives you stamina.	https://enshrouded.wiki.gg/wiki/Superior_Ring_of_Stamina
3757	Sword of Radiance	光辉之剑	One-handed Weapon			One-handed Swords	A bright and mighty weapon emanating power.	https://enshrouded.wiki.gg/wiki/Sword_of_Radiance
5277	Sword Of The Serpent	巨蛇之剑	One-handed Sword			One-handed Swords	A glistening green blade, perfectly balancing the aesthetics of betrayal with the spirit of the Lunar New Year	https://enshrouded.wiki.gg/wiki/Sword_Of_The_Serpent
3788	Tainted Axe	污秽之斧	One-handed Axe			One-handed Axes	A mighty one-handed axe, tainted by the blood of the fallen.	https://enshrouded.wiki.gg/wiki/Tainted_Axe
1788	Talion's Bow	塔利安之弓	Bow			Bows	A bow used by Commanders of the Northen Guard. A powerful energy flows through the user, increasing their pulse and allowing for faster shots.	https://enshrouded.wiki.gg/wiki/Talion's_Bow
3844	Tarred Bow	涂焦油弓	Bow			Bows	This bow's natural resistance to fire makes it perfect for firing volleys of flamming arrows.	https://enshrouded.wiki.gg/wiki/Tarred_Bow
9010	Temple Keeper's Bow	神庙守卫之弓	Bow			Bows	Instead of exploiting the ruins of forgotten times, you vow to protect them - to uphold their sanctity for reverence not only today, but tomorrow.	https://enshrouded.wiki.gg/wiki/Temple_Keeper's_Bow
3836	The Needles	针峰	Daggers			Daggers	A fine pair of twin daggers meant to pierce arteries with precision and grace.	https://enshrouded.wiki.gg/wiki/The_Needles
3783	Thunderbolt Axe	雷霆之斧	One-handed Axe			One-handed Axes	This one-handed axe crakles with electrifying energy since it was charged by lightning during a rare desert storm.	https://enshrouded.wiki.gg/wiki/Thunderbolt_Axe
6261	Tiny Backpack	小型背包	Equipment	Common		Backpacks	An extension to your backpack that enlarges your inventory by one row.	https://enshrouded.wiki.gg/wiki/Tiny_Backpack
9011	Tomb Raider's Bow	盗墓者之弓	Bow			Bows	A standard, carved bow that reminds you of forgotten temples and overgrown tombs. Makes you want to go exploring for hidden riches!<br><br>Grave robbing is bad, and you shouldn't do it while anyone is looking.	https://enshrouded.wiki.gg/wiki/Tomb_Raider's_Bow
6635	Torchlight Staff	火光法杖	Staff			Staves	A staff that was used by magical torchbearers of bygone days. They'd illuminate uncharted caves to claim even the furthest corners of the Albaneve Summits as parts of the northern empire. The scouting went well until the Cyclopes learned that the torchbearers were feeble mages whose light could be snuffed out easily with a decisive boulder toss.	https://enshrouded.wiki.gg/wiki/Torchlight_Staff
9401	Totem Wand	图腾魔杖	Wand			Wands	A totem's grimace decorates this wand, watching your every move... sometimes, it empowers your magic. Sometimes, you feel it waiting for your downfall.	https://enshrouded.wiki.gg/wiki/Totem_Wand
8999	Totemhead Mace	图腾头锤	One-handed Club			One-handed Clubs	A ghastly visage is carved into the mace, looking down on your foes as you smash them into the ground.	https://enshrouded.wiki.gg/wiki/Totemhead_Mace
9000	Totempole Mace	图腾柱锤	One-handed Club			One-handed Clubs	A mace with a segmented body, reminiscent of a totem pole climbing towards the sky. The head is augmented with a stone crown that radiats outward.	https://enshrouded.wiki.gg/wiki/Totempole_Mace
3842	Traitor's Bow	叛徒之弓	Bow			Bows	This bow fires easily against creatures of the Shroud	https://enshrouded.wiki.gg/wiki/Traitor's_Bow
4379	Transcendental Screen	超然屏障	Shield	Common	18	Shields	This magic shield allows you to block against physical attacks. Blocking drains stamina.	https://enshrouded.wiki.gg/wiki/Transcendental_Screen
8991	Tribal Hammer	部落战锤	Two-handed Hammer			Two-handed Hammers	A common hammer that may have once been used by ancient Drak'Dal tribemembers. Its simple design speaks to its utilitarian nature.	https://enshrouded.wiki.gg/wiki/Tribal_Hammer
3822	Twin Soul Mace	双魂之锤	One-handed Club			One-handed Clubs	A perfectly balanced mace, where each front mirrors the opposite side.	https://enshrouded.wiki.gg/wiki/Twin_Soul_Mace
3880	Twisting Wand	扭曲魔杖	Wand			Wands	Fire a projectile that deals Shroud damage.	https://enshrouded.wiki.gg/wiki/Twisting_Wand
7945	Ultimate Ring of Health	极效生命之戒	Ring	Uncommon		Rings	This ring will increase your health and healing rate.	https://enshrouded.wiki.gg/wiki/Ultimate_Ring_of_Health
7947	Ultimate Ring of Mana	极效法力之戒	Ring	Uncommon		Rings	This ring will increase your mana and its replenishment.	https://enshrouded.wiki.gg/wiki/Ultimate_Ring_of_Mana
7946	Ultimate Ring of Stamina	极效耐力之戒	Ring	Uncommon		Rings	An ancient ring that gives you stamina.	https://enshrouded.wiki.gg/wiki/Ultimate_Ring_of_Stamina
3866	Undergrowth Staff	灌木法杖	Staff			Staves	A staff that absorbs energy from the soil. It's brimming with potential. {{About Staves}}	https://enshrouded.wiki.gg/wiki/Undergrowth_Staff
7950	Underwater Grappling Hook	水下抓钩	Grappling Hook	Rare		Grappling Hooks	A grappling hook that can be used underwater.	https://enshrouded.wiki.gg/wiki/Underwater_Grappling_Hook
4369	Valiant Shield	英勇之盾	Shield	Common	13	Shields	This basic shield allows you to block physical attacks. Blocking drains stamina.	https://enshrouded.wiki.gg/wiki/Valiant_Shield
3840	Valor Heart Daggers	勇气之心匕首	Daggers			Daggers/Lore Weapons	A dagger that can easily be hidden undermeath lavish sleeves or dressy skirts. It's quick and easy to unshelth in times of need!	https://enshrouded.wiki.gg/wiki/Valor_Heart_Daggers
3868	Vaporous Staff	蒸汽法杖	Staff			Staves	A wild and withered staff, able to unleash the power of the earth. {{About Staves}}	https://enshrouded.wiki.gg/wiki/Vaporous_Staff
3789	Veilrift Axe	雾隙裂斧	One-handed Axe			One-handed Axes	Every swing of this axe leaves a tear in the veil that separates the living from the beyond	https://enshrouded.wiki.gg/wiki/Veilrift_Axe
3837	Venomkiss	毒吻	Daggers			Daggers	A deviously poisoned set of daggers that meander like the slithering body of a [[Kindlewastes]] Diamondback snake.	https://enshrouded.wiki.gg/wiki/Venomkiss
9018	Vesztah's Mace	韦兹塔的钉头锤	One-handed Club			One-handed Clubs	Two mirrored Drak are represented on this mace. Despite being outwardly similar, they may not share the same fate - for the Broodmother's duality demands the weak become a feast for the strong.	https://enshrouded.wiki.gg/wiki/Vesztah's_Mace
9019	Violet Storm	紫罗兰风暴	Staff			Staves	Spikes disrupt the smooth surface and jut forward like razor blades. They spring from within a center of calm, from the storm's eye, as devastating violet rain on a thunderous night - after which all weakness will be cleansed, and only the strongest may rise from the submerged lands. According to folklore, this symbolizes the origin of the drakian Broodmother Vesztah.	https://enshrouded.wiki.gg/wiki/Violet_Storm
8709	Voidcaller	虚空召唤者	Wand			Wands	A Shroud-tainted wand which radiates darkness. You feel that using it will widen a hidden void beneath Embervale, slowly growing in obscurity, swallowing all around...but perhaps using it once or twice won't hurt?	https://enshrouded.wiki.gg/wiki/Voidcaller
3403	Wailing Blade	哀恸之刃	One-handed Sword			One-handed Swords	An expertly crafted blade, balanced and sharp. Cuts through foes like a wail through the night. It bears the mark of a famous blacksmith from Pikemead's Reach.	https://enshrouded.wiki.gg/wiki/Wailing_Blade
3870	Wand	魔杖	Wand			Wands	A magical wand carved out of bones. Lifeless and cold, it shoots magical ice projectiles.	https://enshrouded.wiki.gg/wiki/Wand
9015	Wand Of Bloodflow	血流魔杖	Wand			Wands	Winding grooves carve through the body of the wand, creating a canal for extracting the lifeblood of your enemies. Their energy will fuel you long after they've passed.	https://enshrouded.wiki.gg/wiki/Wand_Of_Bloodflow
3608	White Wolf Sword	白狼之剑	One-handed Weapon			One-handed Swords	This sword slices through the air like a sharp howl at midnight.	https://enshrouded.wiki.gg/wiki/White_Wolf_Sword
3838	Wildheart Seekers	野心追寻者	Daggers			Daggers	A naturalistic dagger set with wooden handles. The blades are slightly curved and are ideal for skinning animals.	https://enshrouded.wiki.gg/wiki/Wildheart_Seekers
3843	Wildwood Shortbow	荒木短弓	Bow			Bows	This sturdy oak wood bow has a high rate of fire and conserve your energy at the expense of damage.	https://enshrouded.wiki.gg/wiki/Wildwood_Shortbow
9322	Winged Shadow	有翼之影	Bow			Bows	The arrow's shadow darts across the battlefield. Its presence is swift and fleeting, a daydream carried by a gust of wind — but its impact is precisely devastating.	https://enshrouded.wiki.gg/wiki/Winged_Shadow
3839	Wolf Daggers	狼牙匕首	Daggers			Daggers	This dagger pair is adorned with a wolf head detail, representing its ferocious strike.	https://enshrouded.wiki.gg/wiki/Wolf_Daggers
3776	Wolf Pack Axe	狼群之斧	One-handed Axe			One-handed Axes	This Axe is destined to smite down creatures of the wild.	https://enshrouded.wiki.gg/wiki/Wolf_Pack_Axe
3774	Wolf's Claw	狼爪	One-handed Axe			One-handed Axes	Strikes with force and leaves devastating wounds. A weapon truly fitting its name.	https://enshrouded.wiki.gg/wiki/Wolf's_Claw
4376	Wolf's Fang Shield	狼牙盾牌	Shield	Common	33	Shields	An oval shield with a regal aura. When your enemies see your eyes peak up from the safety of the shield, they are merely seconds away from taking their last breath.	https://enshrouded.wiki.gg/wiki/Wolf's_Fang_Shield
365	Wolf's Hydra	狼之九头蛇	One-handed Club			One-handed Clubs	A heavy club adorned with multiple wolf heads near the handle.	https://enshrouded.wiki.gg/wiki/Wolf's_Hydra
3752	Wolf's Maw	狼之巨口	One-handed Weapon			One-handed Swords	A blade that devours foes easily. It carved its name into countless bodies in battle.	https://enshrouded.wiki.gg/wiki/Wolf's_Maw
1786	Wolf's Snarl Longbow	狼嚎长弓	Bow			Bows	This fine longbow is exhausting to use, but it strikes with the ferocity of a wolf.	https://enshrouded.wiki.gg/wiki/Wolf's_Snarl_Longbow
3597	Wooden Arrow	木箭	Bow ammo	Common	2	Arrows	A wooden Arrow made of the most basic ingredients.	https://enshrouded.wiki.gg/wiki/Wooden_Arrow
3614	Wooden Shield		Shield	Common	1	Shields	Even a simple shield such as this can save your life when you get surrounded, or surprised.	https://enshrouded.wiki.gg/wiki/Wooden_Shield
3813	Wooden Tooth		Two-handed Hammer			Two-handed Hammers	A traditional and excellently carved wooden hammer made by [[Vukah]] craftmens. Resembles a large tooth and is very good at removing such.	https://enshrouded.wiki.gg/wiki/Wooden_Tooth
7713	Algae	藻类	Consumables	Common		Consumables	These algae may look inconspicuous, but they are highly versatile.	https://enshrouded.wiki.gg/wiki/Algae
7712	Algae Buds	藻芽	Consumables	Common		Consumables	These are the buds of an algae plant. They're inedible when raw, but can be dried.	https://enshrouded.wiki.gg/wiki/Algae_Buds
7698	Algae Salad	藻类沙拉	Consumables	Rare		Consumables	An algae salad that tastes fresh and vaguely salty, like the sea. Something so green and natural must be healthy.	https://enshrouded.wiki.gg/wiki/Algae_Salad
8757	Algae Seedling	藻类幼苗	Seedlings	Common		Seedlings	A seedling that will grow into a plant when sown in the right soil.	https://enshrouded.wiki.gg/wiki/Algae_Seedling
3248	Aloe Seedling	芦荟幼苗	Seedlings	Common		Seedlings	A seedling that will grow into a plant when sown in the right soil. Once fully grown, it can be harvested once.	https://enshrouded.wiki.gg/wiki/Aloe_Seedling
4719	Antidote	解毒剂	Consumables	Common		Consumables	An antidote that instantly cures any poison effect.	https://enshrouded.wiki.gg/wiki/Antidote
1619	Aureolin Flower	金黄花朵	Consumables	Common		Consumables/Crafting Materials	A beautiful yellow flower with magical properties that increases the user's mana.	https://enshrouded.wiki.gg/wiki/Aureolin_Flower
3253	Aureolin Flower Seedling	金黄花朵幼苗	Seedlings	Common		Seedlings	A seedling that will grow into a plant when sown in the right soil. Once fully grown, it can be harvested once.	https://enshrouded.wiki.gg/wiki/Aureolin_Flower_Seedling
1554	Azure Russula	蓝红菇	Consumables	Common		Consumables/Crafting Materials	The Azure Russula — an ancient mushroom, existing and consuming magic since the beginning of time. Unfortunately inedible if not cooked.	https://enshrouded.wiki.gg/wiki/Azure_Russula
3245	Azure Russula Seedling	蓝红菇幼苗	Seedlings	Common		Seedlings	A seedling that will grow into a plant when sown in the right soil. Once fully grown, it can be harvested once.	https://enshrouded.wiki.gg/wiki/Azure_Russula_Seedling
8984	Bamboo Seedling		[[Seedlings]]	Common		Seedlings	A seedling that will grow into a plant when sown in the right soil. Once fully grown, it can be harvested once.	https://enshrouded.wiki.gg/wiki/Bamboo_Seedling
7710	Banana	香蕉	Consumables	Common		Consumables/Crafting Materials	A ripe, yellow banana. It can be eaten raw or used in another dish — without the peel, of course.	https://enshrouded.wiki.gg/wiki/Banana
8797	Banana Seedling	香蕉幼苗	Seedlings	Common		Seedlings	A seedling that will grow into a plant when sown in the right soil. Once fully grown, it can be harvested repeatedly.	https://enshrouded.wiki.gg/wiki/Banana_Seedling
134	Bandage	绷带	Consumables	Common		Consumables	This item heals 40% health over 10 seconds if applied to a wound. Receiving any damage interrupts the healing effect.	https://enshrouded.wiki.gg/wiki/Bandage
6770	Basswood Tree Seedling	椴树幼苗	Seedlings	Common		Seedlings	A seedling that will grow into a plant once sown in the right soil.	https://enshrouded.wiki.gg/wiki/Basswood_Tree_Seedling
4314	Beef Stew	炖牛肉	Consumables	Uncommon		Consumables	A burning hot, meaty stew. Increases your resistance against extreme cold and improves your health and health regeneration.	https://enshrouded.wiki.gg/wiki/Beef_Stew
3257	Beet Seedling	甜菜幼苗	Seedlings	Common		Seedlings	A seedling that will grow into a plant when sown in the right soil. Once fully grown, it can be harvested once.	https://enshrouded.wiki.gg/wiki/Beet_Seedling
1610	Bell Pepper	甜椒	Consumables	Common		Consumables/Crafting Materials	A crisp, vibrant red bell pepper with a sweet, juicy flavor and a glossy skin.	https://enshrouded.wiki.gg/wiki/Bell_Pepper
3256	Bell Pepper Seedling	甜椒幼苗	Seedlings	Common		Seedlings	A seedling that will grow into a plant when sown in the right soil. Once fully grown, it can be harvested once.	https://enshrouded.wiki.gg/wiki/Bell_Pepper_Seedling
3261	Berry Bush Seedling	浆果灌木幼苗	Seedlings	Common		Seedlings	A seedling that will grow into a plant when sown in the right soil. Once fully grown, it can be harvested once.	https://enshrouded.wiki.gg/wiki/Berry_Bush_Seedling
7937	Black Coffee	黑咖啡	Consumables	Uncommon		Consumables	A freshly brewed cup of coffee. The flavor is strong, bold, and lightly acidic. What better way to start the day?	https://enshrouded.wiki.gg/wiki/Black_Coffee
1529	Boiled Eggs	水煮蛋	Consumables	Uncommon		Consumables	Simple but nourishing. Boosts regeneration in all areas.	https://enshrouded.wiki.gg/wiki/Boiled_Eggs
10186	Butter	黄油	Materials	Common		Consumables	Creamy butter with milky richness-perfect for bringing depth and tenderness to your baked creations.	https://enshrouded.wiki.gg/wiki/Butter
10201	Butterfly Bloom Seedling	蝶花幼苗	Seedlings	Common		Seedlings	A seedling that will grow into a plant when sown in the right soil. Once fully grown, it can be harvested once.	https://enshrouded.wiki.gg/wiki/Butterfly_Bloom_Seedling
10184	Buttermilk	酪乳	Consumables	Uncommon		Consumables	A refreshing jug of buttermilk. With its lightly sour flavor and silky texture, it’s very refreshing.	https://enshrouded.wiki.gg/wiki/Buttermilk
10202	Cactus Seedling	仙人掌幼苗	[[Seedlings]]	Common		Seedlings	A seedling that will grow into a plant when sown in the right soil.	https://enshrouded.wiki.gg/wiki/Cactus_Seedling
6275	Calla Luna Soup	月光马蹄莲汤	Consumables	Rare		Consumables	A soup made from various vegetables and calla luna flowers. It glows in the dark and extends your time in the Shroud!	https://enshrouded.wiki.gg/wiki/Calla_Luna_Soup
7694	Candied Ginger	糖渍姜	Consumables	Rare		Consumables	Peppery, sweet, and packing a punch - this candied ginger is a great snack for anyone not afraid of strong flavours.	https://enshrouded.wiki.gg/wiki/Candied_Ginger
10203	Cattail Seedling	香蒲幼苗	Seedlings	Common		Seedlings	A seedling that will grow into a plant when sown in the right soil. Once fully grown, it can be harvested once.	https://enshrouded.wiki.gg/wiki/Cattail_Seedling
3241	Chamomile Seedling	洋甘菊幼苗	Seedlings	Common		Seedlings	A seedling that will grow into a plant when sown in the right soil. Once fully grown, it can be harvested once.	https://enshrouded.wiki.gg/wiki/Chamomile_Seedling
1526	Chamomile Tea	洋甘菊茶	Consumables	Uncommon		Consumables/Crafting Materials	A very healthy beverage that helps the body recover and prepare for the day to come.	https://enshrouded.wiki.gg/wiki/Chamomile_Tea
4344	Chanterelle	鸡油菌	Consumables	Common		Consumables	It tastes incredibly bitter when raw, but develops a zesty aroma while cooked.	https://enshrouded.wiki.gg/wiki/Chanterelle
1530	Chicken Soup	鸡汤	Consumables	Uncommon		Consumables	A very healthy soup made by boiling chicken for a period of time. An old house maiden's dish to help protect the body from illness	https://enshrouded.wiki.gg/wiki/Chicken_Soup
69	Cleaned Bandage	清洁绷带	Consumables	Uncommon		Consumables	Restores 60% of health over 10 seconds. Stops when damage is received.	https://enshrouded.wiki.gg/wiki/Cleaned_Bandage
7693	Coconana Smoothie	椰蕉奶昔	Consumables	Rare		Consumables	A cold smoothie made from coconuts and bananas. Best served with a little decorative umbrella, a cozy spot on the beach, and two swirly straws.	https://enshrouded.wiki.gg/wiki/Coconana_Smoothie
7706	Coconut Milk	椰奶	Consumables	Uncommon		Consumables/Crafting Materials	This creamy coconut milk makes for a great refreshment on a sunny day by the shore! It can also be used as an ingredient in cooking.	https://enshrouded.wiki.gg/wiki/Coconut_Milk
9262	Coconut Palm Seedling	椰子树苗	Seedlings	Common		Seedlings	A seedling that will grow into a plant once sown in the right soil. Once fully grown, it can be harvested repeatedly.	https://enshrouded.wiki.gg/wiki/Coconut_Palm_Seedling
9093	Coffee Seedling	咖啡树苗	Seedlings	Common		Seedlings	A seedling that will grow into a plant once sown in the right soil. Once fully grown, it can be harvested repeatedly.	https://enshrouded.wiki.gg/wiki/Coffee_Seedling
5065	Conifer Tree Seedling	针叶树苗	Seedlings	Common		Seedlings	A seedling that will grow into a plant when sown in the right soil. Once fully grown, it can be harvested once.	https://enshrouded.wiki.gg/wiki/Conifer_Tree_Seedling
4874	Cooked Fae Deer Milk	煮沸的妖精鹿奶	Consumables	Uncommon		Consumables/Crafting Materials	A delicious jug of Fae Deer milk. Drinking it will grant you endurance and recharge your stamina faster!	https://enshrouded.wiki.gg/wiki/Cooked_Fae_Deer_Milk
7707	Cooked Rice	煮米饭	Consumables	Uncommon		Consumables	This cooked rice is delicious and vaguely aromatic. It will make for a good side dish.	https://enshrouded.wiki.gg/wiki/Cooked_Rice
3259	Corn Seedling	玉米幼苗	Seedlings	Common		Seedlings	A seedling that will grow into a plant when sown in the right soil. Once fully grown, it can be harvested once.	https://enshrouded.wiki.gg/wiki/Corn_Seedling
1611	Corncob	玉米芯	Consumables	Common		Consumables/Crafting Materials	A very versatile crop that can be dried, grilled or consumed raw, strengthening the consumer for a short duration.	https://enshrouded.wiki.gg/wiki/Corncob
7690	Crab Cakes	蟹肉饼	Consumables	Epic		Consumables	A delicacy of the marine world, it is crispy on the outside and soft and full of flavor on the inside. It is the perfect meal for weary adventurers.	https://enshrouded.wiki.gg/wiki/Crab_Cakes
7936	Crab Meat		Consumables	Common		Consumables/Crafting Materials	You should only eat crab meat when it is grilled, as this is the best way to prepare it.	https://enshrouded.wiki.gg/wiki/Crab_Meat
7697	Creamy Mushroom Spaetzle	奶油蘑菇面疙瘩	Consumables	Uncommon		Consumables	A local delicacy with a creamy texture and rich taste. It fills the belly and heals the soul, especially when the north winds are howling outside.	https://enshrouded.wiki.gg/wiki/Creamy_Mushroom_Spaetzle
7935	Crimsonback	绯红背	Consumables	Rare		Consumables	The Crimsonback, once a common Silverback that survived countless migrations, has scales that burn with a deep red hue. It is said to embody strength and endurance, and it is prized by seasoned anglers for its power and beauty.  It can be eaten raw, but will be even more beneficial when processed further.	https://enshrouded.wiki.gg/wiki/Crimsonback
9264	Daylily Seedling	萱草幼苗	Seedlings	Common		Seedlings	A seedling that will grow into a plant once sown in the right soil. Once fully grown, it can be harvested once.	https://enshrouded.wiki.gg/wiki/Daylily_Seedling
7909	Diver's Endurance Flask	潜水者耐力瓶	Consumables	Uncommon		Consumables	A flask brewed from rare underwater materials, easing the strain of every powerful stroke.	https://enshrouded.wiki.gg/wiki/Diver's_Endurance_Flask
7689	Drak Soulward Flask	德拉克守魂瓶	Consumables	Uncommon		Consumables	A dark concoction distilled from enemy remains. It unveils the writings of their kin and sharpens your blade against them.	https://enshrouded.wiki.gg/wiki/Drak_Soulward_Flask
7940	Dried Banana Chips	香蕉干片	Consumables	Uncommon		Consumables	These conserved banana chips do not regenerate as much health as the raw fruit. However, the duration of their effect lasts longer - and the crunch is nice too.	https://enshrouded.wiki.gg/wiki/Dried_Banana_Chips
1515	Dried Purple Berry	干紫莓	Consumables	Uncommon		Consumables	When conserved, the Dried Purple Berry do not regenerate as much Health as the Purple berries. However, the duration lasts longer.	https://enshrouded.wiki.gg/wiki/Dried_Purple_Berry
3054	Ectoplasm Soup	灵质汤	Consumables	Rare		Consumables	Unnerving goo. It bestows great powers on those who eat it.	https://enshrouded.wiki.gg/wiki/Ectoplasm_Soup
1587	Eggs	鸡蛋	Consumables	Common		Consumables/Crafting Materials	A great source of protein that enhances the muscle mass. Best consumed before a good exercise.	https://enshrouded.wiki.gg/wiki/Eggs
1575	Elixir	灵药	Consumables	Uncommon		Consumables	This Elixir of the Shroud contains great power.... at a cost.	https://enshrouded.wiki.gg/wiki/Elixir
7962	Emberfin	余烬鳍鱼	Consumables	Rare		Consumables	"This striking red fish is marked with black stripes. Its shimmering scales resemble cooling embers, earning it the name ""Emberfin""."	https://enshrouded.wiki.gg/wiki/Emberfin
3255	Evergreen Tree Seedling	常青树苗	Seedlings	Common		Seedlings	A seedling that will grow into a plant once sown in the right soil.	https://enshrouded.wiki.gg/wiki/Evergreen_Tree_Seedling
3092	Excellent Ectoplasm Soup	优质灵质汤	Consumables	Rare		Consumables	Even the most carefully cooked Ectoplasm Soup still tastes a little bit...fermented.	https://enshrouded.wiki.gg/wiki/Excellent_Ectoplasm_Soup
1436	Experience Scroll	经验卷轴	Consumables	Uncommon		Consumables	The most different experiences gathered and described on a scroll. Gain a small amount of experience based upon absorption of the content.	https://enshrouded.wiki.gg/wiki/Experience_Scroll
6325	Fell Curse Cleansing Tonic	堕落诅咒净化补药	Consumable	Common		Consumables	Removes Fell Curse upon use.  Also applies a buff that prevents the curse from affecting the user for an hour.	https://enshrouded.wiki.gg/wiki/Fell_Curse_Cleansing_Tonic
1437	Fire Wisp Summon	召唤火焰鬼火	Consumables	Rare		Consumables	The scroll summons a Fire Wisp that follows, assists you in battle and provides light.	https://enshrouded.wiki.gg/wiki/Fire_Wisp_Summon
7717	Fish Chowder	鱼肉浓汤	Consumables	Epic		Consumables	A hearty, creamy soup made with tender chunks of fish and fresh vegetables.	https://enshrouded.wiki.gg/wiki/Fish_Chowder
7724	Fish Cutlet	鱼排	Consumables	Common		Consumables	Fish cut into thick slices, be aware of the the bones, but you can still enjoy it.	https://enshrouded.wiki.gg/wiki/Fish_Cutlet
7725	Fish Filet	鱼柳	Consumables	Rare		Consumables	The Filet of an epic fish, don't worry about any fish bones, they have been thoroughly removed.	https://enshrouded.wiki.gg/wiki/Fish_Filet
1505	Flask of the Fell	邪恶之瓶	Consumables	Uncommon		Consumables	The Shroud grants power to not only the Fell, but to whoever drinks from this flask.	https://enshrouded.wiki.gg/wiki/Flask_of_the_Fell
1588	Flat Bread	扁面包	Consumables	Uncommon		Consumables/Crafting Materials	A simple meal, granting a lasting Melee Damage boost upon consumption. It tastes better in combination with other things, though.	https://enshrouded.wiki.gg/wiki/Flat_Bread
3249	Flax Seedling	亚麻幼苗	Seedlings	Common		Seedlings	A seedling that will grow into a plant when sown in the right soil. Once fully grown, it can be harvested once.	https://enshrouded.wiki.gg/wiki/Flax_Seedling
7696	Fried Rice	炒饭	Consumables	Rare		Consumables	If pure, cooked rice is a bit too plain for you, then this fried rice might satisfy your needs. The added egg breaks up the granular texture of the rice, and the vegetables create a punch of flavor!	https://enshrouded.wiki.gg/wiki/Fried_Rice
4543	Frizzy Goat Milk	卷毛山羊奶	Consumables	Common		Consumables/Crafting Materials	A delicious jug of Frizzy Goat milk. Drinking it will grant you endurance.	https://enshrouded.wiki.gg/wiki/Frizzy_Goat_Milk
1528	Fruit Bowl	水果碗	Consumables	Uncommon		Consumables	A refreshing bowl of fruits with positive health benefits.	https://enshrouded.wiki.gg/wiki/Fruit_Bowl
4923	Gentian Seedling	龙胆幼苗	[[Seedlings]]	Common		Seedlings	A seedling that will grow into a plant when sown in the right soil. Once fully grown, it can be harvested once.	https://enshrouded.wiki.gg/wiki/Gentian_Seedling
7714	Ginger		Consumables	Common		Consumables	Fresh ginger, perfect for brewing hot tea to keep any cold at bay.	https://enshrouded.wiki.gg/wiki/Ginger
9263	Ginger Seedling	生姜幼苗	Seedlings	Common		Seedlings	A seedling that will grow into a plant once sown in the right soil. Once fully grown, it can be harvested once.	https://enshrouded.wiki.gg/wiki/Ginger_Seedling
7692	Ginger Tea	生姜茶	Consumables	Uncommon		Consumables	This ginger tea tastes like the paragon of good health.	https://enshrouded.wiki.gg/wiki/Ginger_Tea
6277	Glimmer Gentian Tea	微光龙胆茶	Consumables	Rare		Consumables	This is an herbal tea with added glimmer gentian. The Blossoms create a smooth texture and extend your Time in the shroud.	https://enshrouded.wiki.gg/wiki/Glimmer_Gentian_Tea
6274	Gloomberry	阴郁浆果	Consumables	Uncommon		Consumables/Crafting Materials	A special berry that can only be harvested at night in the Revelwood. It can be used to enhance various dishes and to create deep blue pigments.	https://enshrouded.wiki.gg/wiki/Gloomberry
229	Glow Soup	发光汤	Consumables	Rare		Consumables	A weird brew emitting a blue glow...Nobody quite knows why.	https://enshrouded.wiki.gg/wiki/Glow_Soup
1618	Grapple Plant	攀藤植物	Consumables	Common		Consumables/Crafting Materials	A resilient herb, growing in the harsh Kindlewastes climate. Spiritualists were known to use it for mystical purposes.	https://enshrouded.wiki.gg/wiki/Grapple_Plant
3250	Grapple Plant Seedling	攀藤植物幼苗	Seedlings	Common		Seedlings	A seedling that will grow into a plant when sown in the right soil. Once fully grown, it can be harvested once.	https://enshrouded.wiki.gg/wiki/Grapple_Plant_Seedling
4922	Greater Antidote	强效解毒剂	Consumables	Uncommon		Consumables	An improved antidote that will cure poison and negate the next poisoning.	https://enshrouded.wiki.gg/wiki/Greater_Antidote
3091	Greater Ectoplasm Soup	强效灵质汤	Consumables	Rare		Consumables	This slimy soup was improved with some salt, slow-cooked broth, and the added aroma of fearing death.	https://enshrouded.wiki.gg/wiki/Greater_Ectoplasm_Soup
1493	Greater Health Potion	强效生命药水	Consumables	Uncommon		Consumables	After finetuning the Health Potion, the ingredients were adjusted, instantly restoring a great amount of health upon consumption.	https://enshrouded.wiki.gg/wiki/Greater_Health_Potion
6328	Greater Health Potion +	强效生命药水 +	Consumable	Uncommon		Consumables	Instantly restores a medium amount of health, and continuosly heals for 10 seconds.	https://enshrouded.wiki.gg/wiki/Greater_Health_Potion_+
1509	Greater Mana Potion	强效法力药水	Consumable	Uncommon		Consumables	A mana potion with higher concentration, instantly restoring a great amount of mana upon use.	https://enshrouded.wiki.gg/wiki/Greater_Mana_Potion
6331	Greater Mana Potion +	强效法力药水 +	Consumable	Uncommon		Consumables	Instantly restores a medium amount of mana, and continuously replenishes it for 10 seconds.	https://enshrouded.wiki.gg/wiki/Greater_Mana_Potion_+
1498	Greater Shroud Survival Flask	强效迷雾生存瓶	Consumables	Uncommon		Consumables	Contains cleansed Shroud Liquid, enhancing the resistance of the user. Extends the Maximum time in the shroud after consumption by 4 Minutes. This effect will last for 45 Minutes.	https://enshrouded.wiki.gg/wiki/Greater_Shroud_Survival_Flask
7711	Grilled Algae Buds	烤藻芽	Consumables	Uncommon		Consumables	These grilled algae buds can be sprinkled on your food to maximize flavor. They have added health benefits, too!	https://enshrouded.wiki.gg/wiki/Grilled_Algae_Buds
1607	Grilled Bird Meat	烤鸟肉	Consumables	Uncommon		Consumables	A healthy protein rich snack. The color looks just perfect..	https://enshrouded.wiki.gg/wiki/Grilled_Bird_Meat
7910	Grilled Crab Meat	烤蟹肉	Consumables	Uncommon		Consumables	A generous portion of grilled meat. It must've come from a giant crab. Enjoy!	https://enshrouded.wiki.gg/wiki/Grilled_Crab_Meat
7926	Grilled Crimsonback	烤赤背鱼	Consumables	Rare		Consumables	Delicious, crispy grilled fish. Increases your health and diving time.	https://enshrouded.wiki.gg/wiki/Grilled_Crimsonback
7928	Grilled Emberfin	烤烬鳍鱼	Consumables	Rare		Consumables	Delicious, crispy grilled fish. Increases your health and diving time.	https://enshrouded.wiki.gg/wiki/Grilled_Emberfin
4345	Grilled Fatty Meat	烤肥肉	Consumables	Uncommon		Consumables	Beautifully tender, juicy meat. It fills the belly and warms the soul by providing better frost resistance!	https://enshrouded.wiki.gg/wiki/Grilled_Fatty_Meat
7705	Grilled Fish with Coconut Rice	椰子米饭烤鱼	Consumables	Epic		Consumables	The light sweetness of the coconut rice pairs well with the smoky fish filet. A shame you couldn't add a hint of lime or lemon!	https://enshrouded.wiki.gg/wiki/Grilled_Fish_with_Coconut_Rice
1591	Grilled Game	烤野味	Consumables	Uncommon		Consumables	A staple in many traditional Revelwood dishes. It has a rejuvenating effect.	https://enshrouded.wiki.gg/wiki/Grilled_Game
7934	Grilled Lakehopper	烤湖跳者	Consumables	Common		Consumables	Delicious, crispy grilled fish. Increases your health and diving time.	https://enshrouded.wiki.gg/wiki/Grilled_Lakehopper
1593	Grilled Lean Meat	烤瘦肉	Consumables	Uncommon		Consumables	Rich in protein and delicious, but only a small snack. Increases the Constitution of the user by a small margin.	https://enshrouded.wiki.gg/wiki/Grilled_Lean_Meat
7965	Grilled Shadowtail	烤影尾鱼	Consumables	Rare		Consumables	Delicious, crispy grilled fish. Increases your health and diving time.	https://enshrouded.wiki.gg/wiki/Grilled_Shadowtail
7933	Grilled Shimmerfin	烤微光鳍鱼	Consumables	Common		Consumables	Delicious, crispy grilled fish. Increases your health and diving time.	https://enshrouded.wiki.gg/wiki/Grilled_Shimmerfin
7925	Grilled Shockfin	烤电击鳍鱼	Consumables	Epic		Consumables	Delicious, crispy grilled fish. Increases your health and diving time.	https://enshrouded.wiki.gg/wiki/Grilled_Shockfin
7929	Grilled Silverback	烤银背鱼	Consumables	Common		Consumables	Delicious, crispy grilled fish. Increases your health and diving time.	https://enshrouded.wiki.gg/wiki/Grilled_Silverback
7932	Grilled Stripetail	烤条纹尾鱼	Consumables	Uncommon		Consumables	Delicious, crispy grilled fish. Increases your health and diving time.	https://enshrouded.wiki.gg/wiki/Grilled_Stripetail
7931	Grilled Sunscale	烤日鳞鱼	Consumables	Uncommon		Consumables	Delicious, crispy grilled fish. Increases your health and diving time.	https://enshrouded.wiki.gg/wiki/Grilled_Sunscale
7924	Grilled Thornridge	烤棘脊鱼	Consumables	Epic		Consumables	Delicious, crispy grilled fish. Increases your health and diving time.	https://enshrouded.wiki.gg/wiki/Grilled_Thornridge
7927	Grilled Waveleaper	烤跃浪鱼	Consumables	Rare		Consumables	Delicious, crispy grilled fish. Increases your health and diving time.	https://enshrouded.wiki.gg/wiki/Grilled_Waveleaper
7930	Grilled Whiskerfin	烤须鳍鱼	Consumables	Uncommon		Consumables	Delicious, crispy grilled fish. Increases your health and diving time.	https://enshrouded.wiki.gg/wiki/Grilled_Whiskerfin
1592	Grilled Wolf Meat		Consumables	Uncommon		Consumables/Crafting Materials	Roasted ribs were a delicacy back in the day, granting a good amount of Constitution to the consumer.	https://enshrouded.wiki.gg/wiki/Grilled_Wolf_Meat
7923	Grilled Yellowfin		Consumables	Epic		Consumables	Delicious, crispy grilled fish. Increases your health and diving time.	https://enshrouded.wiki.gg/wiki/Grilled_Yellowfin
1519	Grilled Yucca Fruit		Consumables	Uncommon		Consumables	When cooked, the Yucca Fruit becomes very sweet. Makes the mouth water and recovers Stamina.	https://enshrouded.wiki.gg/wiki/Grilled_Yucca_Fruit
1613	Hazelnut	榛子	Consumables	Common		Consumables/Crafting Materials	A nice snack for the way. The strength it takes to crack its shell, it gives back upon consumption.	https://enshrouded.wiki.gg/wiki/Hazelnut
6769	Hazelnut Bush Seedling	榛子灌木幼苗	Seedlings	Common		Seedlings	A seedling that will grow into a plant when sown in the right soil. Once fully grown, it can be harvested repeatedly.	https://enshrouded.wiki.gg/wiki/Hazelnut_Bush_Seedling
1489	Health Potion	生命药水	Consumables	Common		Consumables	Filled with vitalizing ingredients, it instantly restores a good amount of health.	https://enshrouded.wiki.gg/wiki/Health_Potion
6327	Health Potion +	生命药水+	Consumable	Common		Consumables	Instantly restores a small amount of health, and continuously heals for 10 seconds.	https://enshrouded.wiki.gg/wiki/Health_Potion_+
6326	Hemotoxin Antidote	血毒素解毒剂	Consumable	Common		Consumables	Removes Hemotoxin debuff upon use.  Also applies a buff that prevents the hemotoxin from affecting the user for an hour.	https://enshrouded.wiki.gg/wiki/Hemotoxin_Antidote
4924	Herbal Mountain Tea	草本山茶	Consumables	Uncommon		Consumables	A strong, herbal tea. It increases your mana and stamina.	https://enshrouded.wiki.gg/wiki/Herbal_Mountain_Tea
7695	Honey Baked Banana	蜂蜜烤香蕉	Consumables	Uncommon		Consumables	The banana and honey combine to create smooth and creamy sweetness. A delicacy for any Flameborn with a sweet tooth!	https://enshrouded.wiki.gg/wiki/Honey_Baked_Banana
3055	Ice Protection Lotion	冰霜防护乳液	Consumables	Rare		Consumables	A lotion that protects you from the cold seeping in. It grants its user +1 ice armor per level.	https://enshrouded.wiki.gg/wiki/Ice_Protection_Lotion
4285	Improved Bandage	改进绷带	Consumables	Rare		Consumables	A bandage that was made more absorbent by moss. The added silver dust and wound ointment prevent infection.	https://enshrouded.wiki.gg/wiki/Improved_Bandage
3247	Indigo Seedling	靛蓝幼苗	[[Seedlings]]	Common		Seedlings	A seedling that will grow into a plant when sown in the right soil. Once fully grown, it can be harvested once.	https://enshrouded.wiki.gg/wiki/Indigo_Seedling
3320	Kindlewastes Flower Seedling	燃烬荒原花苗	[[Seedlings]]	Common		Seedlings	A seedling that will grow into a plant when sown in the right soil. Once fully grown, it can be harvested once.	https://enshrouded.wiki.gg/wiki/Kindlewastes_Flower_Seedling
7871	Lakehopper	跳湖者	Consumables	Common		Consumables	"The lakehopper is an agile fish that you might see ""hopping"" across the surface of a shallow lake - if you're lucky.  It can be eaten raw, but will provide harmful effects to the player."	https://enshrouded.wiki.gg/wiki/Lakehopper
7938	Latte		Consumables	Uncommon		Consumables	Coffee that's been refined with a splash of milk. The mild aroma makes it easy to sip!	https://enshrouded.wiki.gg/wiki/Latte
1494	Mana Potion	法力药水	Consumables	Common		Consumables	Created with mana-potent ingredients, the Mana Potion restores a good amount of mana.	https://enshrouded.wiki.gg/wiki/Mana_Potion
10576	Mana Potion +	法力药水 +		Common		Consumables	Instantly restores a small amount of mana, and continuously replenishes it for 10 seconds.	https://enshrouded.wiki.gg/wiki/Mana_Potion_+
8982	Mangrove Seedling	红树幼苗	Seedlings	Common		Seedlings	A seedling that will grow into a plant once sown in the right soil.	https://enshrouded.wiki.gg/wiki/Mangrove_Seedling
10211	Meat and Corncob Skewer	肉玉米串	Consumables	Uncommon		Consumables	With just some meat, a corncob, and a small fire, you can make this nutritious skewer anywhere and at any time.	https://enshrouded.wiki.gg/wiki/Meat_and_Corncob_Skewer
10207	Meat and Mushroom Skewer	肉蘑菇串	Consumables	Uncommon		Consumables	It's a simple combination — a mushroom and some meat on a skewer — but the flavor and the effects go a long way.	https://enshrouded.wiki.gg/wiki/Meat_and_Mushroom_Skewer
10210	Meat and Tomato Skewer	肉番茄串	Consumables	Uncommon		Consumables	Even in the simplest setting, this skewer comes together easily with meat, a tomato, and a small flame.	https://enshrouded.wiki.gg/wiki/Meat_and_Tomato_Skewer
1518	Meat Wrap	肉卷	Consumables	Uncommon		Consumables	Filled with the power of life, this wrap will increase the Health of the consumer.	https://enshrouded.wiki.gg/wiki/Meat_Wrap
6273	Midnight Lily	午夜百合	Consumables	Uncommon		Consumables/Crafting Materials	An edible flower used to enhance the effect of certain dishes. It only blooms at night in the Springlands.	https://enshrouded.wiki.gg/wiki/Midnight_Lily
4880	Milk	牛奶	Consumables	Common		Consumables/Crafting Materials	A delicious jug of milk. Drinking it will grant you endurance and recharge your stamina faster!	https://enshrouded.wiki.gg/wiki/Milk
1527	Mushroom Omelette	蘑菇煎蛋卷	Consumables	Uncommon		Consumables	A delicious meal with an earthly taste.	https://enshrouded.wiki.gg/wiki/Mushroom_Omelette
3252	Nettle Seedling	荨麻幼苗	Seedlings	Common		Seedlings	A seedling that will grow into a plant once sown in the right soil.	https://enshrouded.wiki.gg/wiki/Nettle_Seedling
3321	Nomad Highlands Broad Tree Seedling	游牧高地阔叶树苗	Seedlings	Common		Seedlings	A seedling that will grow into a plant once sown in the right soil.	https://enshrouded.wiki.gg/wiki/Nomad_Highlands_Broad_Tree_Seedling
3322	Nomad Highlands Slender Tree Seedling	游牧高地细长树苗	Seedlings	Common		Seedlings	A seedling that will grow into a plant once sown in the right soil.	https://enshrouded.wiki.gg/wiki/Nomad_Highlands_Slender_Tree_Seedling
6771	Oak Tree Seedling	橡树苗	Seedlings	Common		Seedlings	A seedling that will grow into a plant once sown in the right soil.	https://enshrouded.wiki.gg/wiki/Oak_Tree_Seedling
1517	Open Sandwich		Consumables	Rare		Consumables	A relatively simple, but strengthening meal. Fast and ready to go!	https://enshrouded.wiki.gg/wiki/Open_Sandwich
10204	Papyrus Seedling	纸莎草幼苗	[[Seedlings]]	Common		Seedlings	A seedling that will grow into a plant when sown in the right soil. Once fully grown, it can be harvested once.	https://enshrouded.wiki.gg/wiki/Papyrus_Seedling
1550	Penny Bun	美味牛肝菌	Consumables	Common		Consumables/Crafting Materials	A great snack that stimulates the brain. Increases your intelligence by a small amount.	https://enshrouded.wiki.gg/wiki/Penny_Bun
3244	Penny Bun Seedling	美味牛肝菌幼苗	Seedlings	Common		Seedlings	A seedling that will grow into a plant when sown in the right soil. Once fully grown, it can be harvested once.	https://enshrouded.wiki.gg/wiki/Penny_Bun_Seedling
7894	Plantain	车前草	Consumables	Common		Consumables/Crafting Materials	This plantain, not to be confused with a common banana, cannot be eaten raw. It's high in starch and can be used as a staple in many foods once cooked.	https://enshrouded.wiki.gg/wiki/Plantain
7691	Plantain Curry	车前草咖喱	Consumables	Rare		Consumables	A creamy curry made from plantain, rice, coconut milk, and vegetables. It's tart, earthy, and quite filling.	https://enshrouded.wiki.gg/wiki/Plantain_Curry
4286	Pocket Heater	便携取暖器	Consumables	Uncommon		Consumables	After ignition the leather limits the amount of air around the coal, causing it to burn slower. This will keep you warm for a bit.	https://enshrouded.wiki.gg/wiki/Pocket_Heater
1522	Popcorn	爆米花	Consumables	Rare		Consumables	Greatly regenerates Stamina upon consumption. Delightful and sweet.	https://enshrouded.wiki.gg/wiki/Popcorn
1439	Prayer of the Flame Scroll	火焰祈祷卷轴	Consumables	Epic		Consumables	Offers a small prayer to the Flame, that increases your magic damage and the maximum time in the Shroud for a short duration.	https://enshrouded.wiki.gg/wiki/Prayer_of_the_Flame_Scroll
4545	Pumpkin	南瓜	Consumables	Common	33	Consumables/Crafting Materials	Everyone unanimously agees that it is the spookiest vegetable of them all.	https://enshrouded.wiki.gg/wiki/Pumpkin
4920	Pumpkin Seedling	南瓜幼苗	Seedlings	Common		Seedlings	A seedling that will grow into a plant once sown in the right soil.	https://enshrouded.wiki.gg/wiki/Pumpkin_Seedling
4544	Pumpkin Soup	南瓜汤	Consumables	Uncommon		Consumables	A tasty pumpkin soup. It's creamy and rich in flavor. It will also keep you warm. What’s not to love?	https://enshrouded.wiki.gg/wiki/Pumpkin_Soup
1507	Purple Berries	紫色浆果	Consumables	Common		Consumables/Crafting Materials	Tasty and fresh berries, stimulating the bodily regeneration abilities with fresh vitamins for a short duration.	https://enshrouded.wiki.gg/wiki/Purple_Berries
5295	Purple Berry Cake	紫色浆果蛋糕	Consumables	Rare		Consumables	The sugar rush powers your stamina regeneration for a short amount of time.	https://enshrouded.wiki.gg/wiki/Purple_Berry_Cake
1625	Raw Bird Meat	生禽肉	Consumables	Common		Consumables/Crafting Materials	It's not properly cooked. Eating this raw would cause nausea.	https://enshrouded.wiki.gg/wiki/Raw_Bird_Meat
1589	Raw Dune Armadillo Meat	生沙丘犰狳肉	Consumables	Common		Consumables/Crafting Materials	Fleshy and tough. Better not eat it like this.	https://enshrouded.wiki.gg/wiki/Raw_Dune_Armadillo_Meat
4418	Raw Fatty Meat	生肥肉	Consumables	Common		Consumables/Crafting Materials	A tender, raw slab of fatty meat. It is uncooked, and therefore not consumable.	https://enshrouded.wiki.gg/wiki/Raw_Fatty_Meat
1624	Raw Game	生猎物肉	Consumables	Common		Consumables/Crafting Materials	Uncooked game. Must be roasted over a fire.	https://enshrouded.wiki.gg/wiki/Raw_Game
1621	Raw Lean Meat	生瘦肉	Consumables	Common		Consumables/Crafting Materials	Inedible, raw meat. Must be cooked over a campfire.	https://enshrouded.wiki.gg/wiki/Raw_Lean_Meat
7716	Raw Taro	生芋头	Consumables	Common		Consumables	A delicious root vegetable that must be cooked before its sweet and mild flavor can be enjoyed.	https://enshrouded.wiki.gg/wiki/Raw_Taro
1622	Raw Wolf Meat	生狼肉	Consumables	Common		Consumables/Crafting Materials	Raw Wolf meat. Must be cooked for proper consumption.	https://enshrouded.wiki.gg/wiki/Raw_Wolf_Meat
10205	Reed Seedling	芦苇幼苗	Seedlings	Common		Seedlings	A seedling that will grow into a plant when sown in the right soil. Once fully grown, it can be harvested once.	https://enshrouded.wiki.gg/wiki/Reed_Seedling
3324	Revelwood Green Leaf Seedling	启示林绿叶树苗	Seedlings	Common		Seedlings	A seedling that will grow into a plant once sown in the right soil.	https://enshrouded.wiki.gg/wiki/Revelwood_Green_Leaf_Seedling
1503	Revitalizing Health Potion	活力生命药水	Consumables	Uncommon		Consumables	The pinnacle of potioncraft. It gained its name after rescuing users from countless near-death situations. Instantly restores an unbelievable amount of health.	https://enshrouded.wiki.gg/wiki/Revitalizing_Health_Potion
6329	Revitalizing Health Potion +	活力生命药水 +	Consumable	Uncommon		Consumables	Instantly restores a lot of health, and continuosly heals for 10 seconds.	https://enshrouded.wiki.gg/wiki/Revitalizing_Health_Potion_+
9054	Rice Seedling	水稻秧苗	Seedlings	Common		Seedlings	A seedling that will grow into a plant once sown in the right soil. This plant needs to be placed in water, so that the roots are always covered.	https://enshrouded.wiki.gg/wiki/Rice_Seedling
1614	Roasted Azure Russula		Consumables	Uncommon		Consumables	Watery and a little strange, this mushroom's odd taste comes from pure magic coursing throughout. Great power awaits the consumer.	https://enshrouded.wiki.gg/wiki/Roasted_Azure_Russula
1612	Roasted Corncob		Consumables	Uncommon		Consumables	Roasted with a smoky aroma, it's a real pleasure for the taste buds, able to set free all of its strengthening attributes.	https://enshrouded.wiki.gg/wiki/Roasted_Corncob
7708	Roasted Shiitake Mushroom		Consumables	Common		Consumables	A roasted shiitake mushroom. The new, smoky aftertaste brings out the umami flavor.	https://enshrouded.wiki.gg/wiki/Roasted_Shiitake_Mushroom
3242	Rooibos Seedling	路易波士茶苗	Seedlings	Common		Seedlings	A seedling that will grow into a plant when sown in the right soil. Once fully grown, it can be harvested once.	https://enshrouded.wiki.gg/wiki/Rooibos_Seedling
2963	Rooibos Tea	路易波士茶饮	Consumables	Uncommon		Consumables	An aromatic ingredient that calms the body, providing an instant boost of Stamina for the user.	https://enshrouded.wiki.gg/wiki/Rooibos_Tea
1440	Sacred Vukah Scroll	神圣沃卡卷轴	Consumables	Rare		Consumables	Offers a prayer to the ancient Vukah. If answered, the user receives a buff in stamina and strength.	https://enshrouded.wiki.gg/wiki/Sacred_Vukah_Scroll
2930	Saffron Seedling	藏红花幼苗	[[Seedlings]]	Common		Seedlings	A seedling that will grow into a plant when sown in the right soil. Once fully grown, it can be harvested once.	https://enshrouded.wiki.gg/wiki/Saffron_Seedling
1616	Sage Leaves	鼠尾草叶	Consumables	Common		Consumables/Crafting Materials	A bitter tasting herb that can be found in dry areas. It's said to have enlightening abilities.	https://enshrouded.wiki.gg/wiki/Sage_Leaves
3251	Sage Seedling	鼠尾草苗	Seedlings	Common		Seedlings	A seedling that will grow into a plant when sown in the right soil. Once fully grown, it can be harvested once.	https://enshrouded.wiki.gg/wiki/Sage_Seedling
7921	Seared Fish Cutlet	香煎鱼排	Consumables	Uncommon		Consumables	A seared fish cutlet that can only be prepared so well in a fish grilling cage. It is very flavourful.	https://enshrouded.wiki.gg/wiki/Seared_Fish_Cutlet
7922	Seared Fish Filet	香煎鱼片	Consumables	Epic		Consumables	Seared on the grill to perfection, enjoy this exquisite piece of fish filet.	https://enshrouded.wiki.gg/wiki/Seared_Fish_Filet
6276	Shadowbloom Wrap	暗影花绷带	Consumables	Rare		Consumables	This wrap is a good alternative to the more commonly seen meat wrap. It still increases your health, and additionally, the shadowbloom stocks are very filling and extend your time in the Shroud.	https://enshrouded.wiki.gg/wiki/Shadowbloom_Wrap
7963	Shadowtail	暗影尾	Consumables	Rare		Consumables	This is a rare, midnight-black variant of the Stripetail. Its dark scales absorb light, making it nearly invisible underwater. This patient predator strikes from the depths when you least expect it.	https://enshrouded.wiki.gg/wiki/Shadowtail
7715	Shiitake Mushroom	香菇	Consumables	Common		Consumables	Shiitake mushrooms work wonders for deepening the flavor of any dish.	https://enshrouded.wiki.gg/wiki/Shiitake_Mushroom
8807	Shiitake Seedling	香菇苗	Seedlings	Common		Seedlings	A seedling that will grow into a plant once sown in the right soil.	https://enshrouded.wiki.gg/wiki/Shiitake_Seedling
7957	Shimmerfin	微光鳍	Consumables	Common		Consumables	Despite wearing black bands over their eyes like bandits, they are relatively easy to catch	https://enshrouded.wiki.gg/wiki/Shimmerfin
7961	Shockfin	震击鳍	Consumables	Epic		Consumables	Said to be born from lightning striking open water, the Shockfin is charged with electric energy. Be careful when trying to pull it out of the water.	https://enshrouded.wiki.gg/wiki/Shockfin
10194	Shortcrust Pastry Base	酥皮糕点底	Materials	Common		Consumables/Crafting Materials	Perfectly crisp and buttery- a golden foundation for your sweetest baking experiments.	https://enshrouded.wiki.gg/wiki/Shortcrust_Pastry_Base
6306	Shroud Flayer Seedling	雾瘴剥皮者幼体	Seedlings	Common		Seedlings	Once placed into Shroud-Infused farm soil, this seedling can grow into a Shroud Flayer.	https://enshrouded.wiki.gg/wiki/Shroud_Flayer_Seedling
1438	Shroud Meteor Shower	雾瘴陨石雨	Consumables	Uncommon	2	Consumables	This scroll is enchanted with the power of the Shroud Meteor Shower. It releases a giant shower of Shroud Meteors on enemies around the caster. But be careful, it drains your remaining time in the Shroud upon usage.	https://enshrouded.wiki.gg/wiki/Shroud_Meteor_Shower
1501	Shroud Survival Flask	雾霭生存瓶	Consumables	Common		Consumables	Contains cleansed Shroud Liquid, enhancing the resistance of the user. Extends the remaining time in the Shroud after consumption by 2 minutes. This effect will last for 45 minutes.	https://enshrouded.wiki.gg/wiki/Shroud_Survival_Flask
3246	Shrub Seedling	灌木幼苗	Seedlings	Common		Seedlings	A seedling that will grow into a plant when sown in the right soil. Once fully grown, it can be harvested once.	https://enshrouded.wiki.gg/wiki/Shrub_Seedling
7726	Silverback	银背兽	Consumables	Common		Consumables	This sleek, silver-scaled fish is known for the distinctive metallic sheen along its back, which gives it its name.  It can be eaten raw, but will be even more beneficial when processed further.	https://enshrouded.wiki.gg/wiki/Silverback
1525	Spiced Tea	香料茶	Consumables	Uncommon		Consumables	Hot and spicy! The best drink for heated areas, refreshing and cooling the body at the same time.	https://enshrouded.wiki.gg/wiki/Spiced_Tea
1617	Stinging Nettle	荨麻	Consumables	Common		Consumables/Crafting Materials	One has to be careful when harvesting this herb, but the reward is surely worth it.	https://enshrouded.wiki.gg/wiki/Stinging_Nettle
1508	Strawberry	草莓	Consumables	Common		Consumables/Crafting Materials	A delicious aggregate-accessory fruit, predominantly found in the Revelwood.	https://enshrouded.wiki.gg/wiki/Strawberry
5296	Strawberry Cake	草莓蛋糕	Consumables	Rare		Consumables	The sugar rush powers your stamina regeneration for a short amount of time.	https://enshrouded.wiki.gg/wiki/Strawberry_Cake
4546	Strawberry Milkshake	草莓奶昔	Consumables	Rare		Consumables	A delightful milkshake. Be careful with the sugar rush! It will recharge your endurance and stamina more quickly.	https://enshrouded.wiki.gg/wiki/Strawberry_Milkshake
3262	Strawberry Seedling	草莓幼苗	Seedlings	Common		Seedlings	A seedling that will grow into a plant when sown in the right soil. Once fully grown, it can be harvested once.	https://enshrouded.wiki.gg/wiki/Strawberry_Seedling
7959	Stripetail	条纹尾	Consumables	Uncommon		Consumables	A slender fish, recognizable by its distinctive black stripes running along its body.	https://enshrouded.wiki.gg/wiki/Stripetail
1521	Sugar	糖	Consumables	Uncommon		Consumables/Crafting Materials	The sugar rush powers your stamina regeneration for a short amount of time.	https://enshrouded.wiki.gg/wiki/Sugar
1623	Sugar Cane	甘蔗	Consumables	Common		Consumables/Crafting Materials	A sweet candy alternative made from plant fiber. The sugar rush is known to regenerate energy for a short amount of time.	https://enshrouded.wiki.gg/wiki/Sugar_Cane
3243	Sugar Cane Seedling	甘蔗幼苗	Seedlings	Common		Seedlings	A seedling that will grow into a plant when sown in the right soil. Once fully grown, it can be harvested once.	https://enshrouded.wiki.gg/wiki/Sugar_Cane_Seedling
7958	Sunscale	日鳞	Consumables	Uncommon		Consumables	The Sunscale's name is derived from the distinctive shimmer of its scales, which catch the sunlight.	https://enshrouded.wiki.gg/wiki/Sunscale
4303	Superior Health Potion	优质生命药水	Consumables	Rare		Consumables	It's a truly inspired concotion, and vastly superior to all other currently known Health Potions.	https://enshrouded.wiki.gg/wiki/Superior_Health_Potion
6330	Superior Health Potion +	优质生命药水 +	Consumable	Rare		Consumables	Instantly restores health massively, and continuosly heals for 10 seconds.	https://enshrouded.wiki.gg/wiki/Superior_Health_Potion_+
4304	Superior Mana Potion	优质法力药水	Consumable	Rare		Consumables	A precisely formulated mana potion that instantly restores a massive amount of mana upon use.	https://enshrouded.wiki.gg/wiki/Superior_Mana_Potion
6332	Superior Mana Potion +	优质法力药水 +	Consumable	Rare		Consumables	Instantly restores a large amount of mana, and continuously replenishes it for 10 seconds.	https://enshrouded.wiki.gg/wiki/Superior_Mana_Potion_+
7703	Sushi	寿司	Consumables	Rare		Consumables	Fresh, healthy, fun to eat, and good for the soul. What more could you want for a meal?	https://enshrouded.wiki.gg/wiki/Sushi
7939	Sweet Mokka	甜摩卡	Consumables	Uncommon		Consumables	A traditionally brewed cup of coffee with a hint of sugar. The sweetness pairs well with the depth of flavor.	https://enshrouded.wiki.gg/wiki/Sweet_Mokka
7699	Taro Root Curry	芋头咖喱	Consumables	Rare		Consumables	A scrumptious curry with lots of heat and depth of flavor. It will make you feel warm and cozy.	https://enshrouded.wiki.gg/wiki/Taro_Root_Curry
8985	Taro Seedling	芋头幼苗	[[Seedlings]]	Common		Seedlings	A seedling that will grow into a plant once sown in the right soil.	https://enshrouded.wiki.gg/wiki/Taro_Seedling
7960	Thornridge	荆棘岭	Consumables	Epic		Consumables	As its distinctive appearance suggests, the Thornridge,is an epic fish that only a very skilled fisher can catch.	https://enshrouded.wiki.gg/wiki/Thornridge
1609	Tomato	番茄	Consumables	Common		Consumables/Crafting Materials	A red and juicy Tomato! If handled with care, it can have Dexterity enhancing effects.	https://enshrouded.wiki.gg/wiki/Tomato
7718	Tomato Fish Soup	番茄鱼汤	Consumables	Uncommon		Consumables	A creamy and delectable tomato soup, made more aromatic with a fish filet.	https://enshrouded.wiki.gg/wiki/Tomato_Fish_Soup
3258	Tomato Seedling	番茄幼苗	Seedlings	Common		Seedlings	A seedling that will grow into a plant when sown in the right soil. Once fully grown, it can be harvested once.	https://enshrouded.wiki.gg/wiki/Tomato_Seedling
7729	Ultimate Health Potion		Consumables	Rare		Consumables	Hard to believe there is an even better concoction.	https://enshrouded.wiki.gg/wiki/Ultimate_Health_Potion
7730	Ultimate Health Potion +	极效生命药水	Consumables	Rare		Consumables	Instantly restores health massively, and continuously heals for 10 seconds.	https://enshrouded.wiki.gg/wiki/Ultimate_Health_Potion_+
7731	Ultimate Mana Potion		Consumables	Rare		Consumables	An excellently formulated mana potion that instantly restores a massive amount of mana upon use.	https://enshrouded.wiki.gg/wiki/Ultimate_Mana_Potion
7732	Ultimate Mana Potion +	极效法力药水	Consumables	Rare		Consumables	Instantly restores a large amount of mana, and continuously replenishes it for 10 seconds.	https://enshrouded.wiki.gg/wiki/Ultimate_Mana_Potion_+
4875	Uncooked Fae Deer Milk	未煮妖精鹿奶	Consumables	Common		Consumables/Crafting Materials	Raw Fae Deer Milk. It has to be cooked to be consumed safely.	https://enshrouded.wiki.gg/wiki/Uncooked_Fae_Deer_Milk
1524	Vegetable Puree	蔬菜泥	Consumables	Uncommon		Consumables	Cooking is a delicate art form. This basic puree will aid any person on their way to becoming an exquisite chef.	https://enshrouded.wiki.gg/wiki/Vegetable_Puree
1523	Vegetable Soup	蔬菜汤	Consumables	Uncommon		Consumables	A warm soup made from various vegetables. Full of vitamins and energy.	https://enshrouded.wiki.gg/wiki/Vegetable_Soup
435	Water	水				Consumables/Crafting Materials		https://enshrouded.wiki.gg/wiki/Water
7667	Water Pouch	水袋	Consumables	Common		Consumables/Crafting Materials	This pouch can be filled at a well or lake. A sip of water helps recharge your power!	https://enshrouded.wiki.gg/wiki/Water_Pouch
7964	Waveleaper	跃波者	Consumables	Rare		Consumables	The Waveleaper dances atop the waves with unmatched agility, a living embodiement of the waters untamed spirit.	https://enshrouded.wiki.gg/wiki/Waveleaper
3260	Wheat Seedling	小麦幼苗	Seedlings	Common		Seedlings	A seedling that will grow into a plant when sown in the right soil. Once fully grown, it can be harvested once.	https://enshrouded.wiki.gg/wiki/Wheat_Seedling
7727	Whiskerfin	须鳍鱼	Consumables	Uncommon		Consumables	This bottom-dwelling fish is known for its long whiskers, which it uses to sense movement and food in the water. Apparently, it sensed your bait too.  It can be eaten raw, but will be even more beneficial when processed further.	https://enshrouded.wiki.gg/wiki/Whiskerfin
1504	Wisp of Light	光之鬼火	Consumables	Rare		Consumables	An imprisoned Wisp of Light. Opening the flask releases a glowing wisp that lights the darkness.	https://enshrouded.wiki.gg/wiki/Wisp_of_Light
4428	Wolfsbane	狼毒乌头	Materials	Common	33	Consumables/Crafting Materials	This plant is notable due to its stunning electrifying colorway, its delicate petals, and its deadly poison.	https://enshrouded.wiki.gg/wiki/Wolfsbane
4921	Wolfsbane Seedling	狼毒乌头幼苗	Seedlings	Common		Seedlings	A seedling that will grow into a plant once sown in the right soil.	https://enshrouded.wiki.gg/wiki/Wolfsbane_Seedling
4343	Yellow Glow Soup	黄色荧光汤	Consumables	Uncommon		Consumables	It tastes a bit bitter, but is known to increase mana, mana regeneration and magic damage. What a magical soup!	https://enshrouded.wiki.gg/wiki/Yellow_Glow_Soup
7728	Yellowfin	黄鳍鱼	Consumables	Epic		Consumables	A sleek fish with a vivid yellow fin, also known for its quick bursts of speed.  It can be eaten raw, but will be even more beneficial when processed further.	https://enshrouded.wiki.gg/wiki/Yellowfin
1520	Yucca Fruit	丝兰果	Consumables	Common		Consumables	A sweet fruit that grows in dry areas, needing little water. Despite that, it's quite refresing.	https://enshrouded.wiki.gg/wiki/Yucca_Fruit
3317	Yucca Palm Seedling	丝兰棕榈幼苗	Seedlings	Common		Seedlings	A seedling that will grow into a plant when sown in the right soil. Once fully grown, it can be harvested once.	https://enshrouded.wiki.gg/wiki/Yucca_Palm_Seedling
